-- phpMyAdmin SQL Dump
-- version 5.2.0
-- https://www.phpmyadmin.net/
--
-- Host: 127.0.0.1
-- Generation Time: Jan 03, 2023 at 02:49 PM
-- Server version: 10.4.24-MariaDB
-- PHP Version: 7.4.29

SET SQL_MODE = "NO_AUTO_VALUE_ON_ZERO";
START TRANSACTION;
SET time_zone = "+00:00";


/*!40101 SET @OLD_CHARACTER_SET_CLIENT=@@CHARACTER_SET_CLIENT */;
/*!40101 SET @OLD_CHARACTER_SET_RESULTS=@@CHARACTER_SET_RESULTS */;
/*!40101 SET @OLD_COLLATION_CONNECTION=@@COLLATION_CONNECTION */;
/*!40101 SET NAMES utf8mb4 */;

--
-- Database: `diemrenluyen`
--
CREATE DATABASE IF NOT EXISTS `diemrenluyen` DEFAULT CHARACTER SET utf8mb4 COLLATE utf8mb4_general_ci;
USE `diemrenluyen`;

-- --------------------------------------------------------

--
-- Table structure for table `admin`
--

CREATE TABLE `admin` (
  `id` int(11) NOT NULL,
  `taiKhoan` varchar(255) NOT NULL,
  `matKhau` varchar(255) NOT NULL,
  `hoTen` varchar(255) NOT NULL,
  `email` varchar(255) NOT NULL,
  `soDienThoai` varchar(255) NOT NULL,
  `quyen` varchar(255) NOT NULL,
  `kichHoat` tinyint(1) NOT NULL DEFAULT 1
) ENGINE=InnoDB DEFAULT CHARSET=utf8mb4;

--
-- Dumping data for table `admin`
--

INSERT INTO `admin` (`id`, `taiKhoan`, `matKhau`, `hoTen`, `email`, `soDienThoai`, `quyen`, `kichHoat`) VALUES
(1, 'admin', '21232f297a57a5a743894a0e4a801fc3 ', 'Admin', 'admin123@gmail.com', '0912345678', 'admin', 1),
(2, 'superadmin', '17c4520f6cfd1ab53d8745e84681eb49', 'Super Admin', 'superadmin@gmail.com', '0913247384', 'superadmin', 1),
(3, 'admin2', 'c84258e9c39059a89ab77d846ddab909', 'admin2', 'admin2@gmail.com', '0912362718', 'admin', 1);

-- --------------------------------------------------------

--
-- Table structure for table `chamdiemrenluyen`
--

CREATE TABLE `chamdiemrenluyen` (
  `maChamDiemRenLuyen` int(11) NOT NULL,
  `maPhieuRenLuyen` varchar(255) COLLATE utf8_unicode_ci NOT NULL,
  `maTieuChi3` int(11) DEFAULT NULL,
  `maTieuChi2` int(11) DEFAULT NULL,
  `maSinhVien` varchar(255) COLLATE utf8_unicode_ci NOT NULL,
  `diemSinhVienDanhGia` int(11) DEFAULT NULL,
  `diemLopDanhGia` int(11) DEFAULT NULL,
  `diemKhoaDanhGia` int(11) DEFAULT NULL,
  `fileMinhChung` varchar(255) COLLATE utf8_unicode_ci DEFAULT NULL,
  `ghiChu` varchar(255) COLLATE utf8_unicode_ci DEFAULT NULL
) ENGINE=InnoDB DEFAULT CHARSET=utf8 COLLATE=utf8_unicode_ci;

--
-- Dumping data for table `chamdiemrenluyen`
--

INSERT INTO `chamdiemrenluyen` (`maChamDiemRenLuyen`, `maPhieuRenLuyen`, `maTieuChi3`, `maTieuChi2`, `maSinhVien`, `diemSinhVienDanhGia`, `diemLopDanhGia`, `diemKhoaDanhGia`, `fileMinhChung`, `ghiChu`) VALUES
(3838, 'PRLHK221223119410262', 1, 0, '3119410262', 0, 0, 0, '', ''),
(3839, 'PRLHK221223119410262', 2, 0, '3119410262', 12, 12, 12, '', ''),
(3840, 'PRLHK221223119410262', 3, 0, '3119410262', 0, 0, 0, '', ''),
(3841, 'PRLHK221223119410262', 4, 0, '3119410262', 0, 0, 0, '', ''),
(3842, 'PRLHK221223119410262', 5, 0, '3119410262', 0, 0, 0, '', ''),
(3843, 'PRLHK221223119410262', 6, 0, '3119410262', 0, 0, 0, '', ''),
(3844, 'PRLHK221223119410262', 7, 0, '3119410262', 0, 0, 0, '', ''),
(3845, 'PRLHK221223119410262', 8, 0, '3119410262', 0, 0, 0, '', ''),
(3846, 'PRLHK221223119410262', 9, 0, '3119410262', 0, 0, 0, '', ''),
(3847, 'PRLHK221223119410262', 11, 0, '3119410262', 0, 0, 0, '', ''),
(3848, 'PRLHK221223119410262', 12, 0, '3119410262', 0, 0, 0, '', ''),
(3849, 'PRLHK221223119410262', 13, 0, '3119410262', 0, 0, 0, '', ''),
(3850, 'PRLHK221223119410262', 14, 0, '3119410262', 0, 0, 0, '', ''),
(3851, 'PRLHK221223119410262', 15, 0, '3119410262', 0, 0, 0, '', ''),
(3852, 'PRLHK221223119410262', 16, 0, '3119410262', 0, 0, 0, '', ''),
(3853, 'PRLHK221223119410262', 17, 0, '3119410262', 0, 0, 0, '', ''),
(3854, 'PRLHK221223119410262', 18, 0, '3119410262', 0, 0, 0, '', ''),
(3855, 'PRLHK221223119410262', 19, 0, '3119410262', 0, 0, 0, '', ''),
(3856, 'PRLHK221223119410262', 20, 0, '3119410262', 0, 0, 0, '', ''),
(3857, 'PRLHK221223119410262', 21, 0, '3119410262', 0, 0, 0, '', ''),
(3858, 'PRLHK221223119410262', 0, 7, '3119410262', 0, 0, 0, '', ''),
(3859, 'PRLHK221223119410262', 0, 8, '3119410262', 0, 0, 0, '', ''),
(3860, 'PRLHK221223119410262', 0, 9, '3119410262', 0, 0, 0, '', ''),
(3861, 'PRLHK221223119410262', 0, 10, '3119410262', 0, 0, 0, '', ''),
(3862, 'PRLHK221223119410262', 10, 0, '3119410262', 0, 0, 0, '', ''),
(3863, 'PRLHK221223119410262', 22, 0, '3119410262', 0, 0, 0, '', ''),
(3864, 'PRLHK221223119410262', 23, 0, '3119410262', 0, 0, 0, '', ''),
(3865, 'PRLHK221223119410262', 0, 12, '3119410262', 0, 0, 0, '', ''),
(3866, 'PRLHK221223119410262', 24, 0, '3119410262', 0, 0, 0, '', ''),
(3867, 'PRLHK221223119410262', 25, 0, '3119410262', 0, 0, 0, '', ''),
(3868, 'PRLHK221223119410262', 26, 0, '3119410262', 0, 0, 0, '', ''),
(3869, 'PRLHK221223119410262', 0, 14, '3119410262', 0, 0, 0, '', ''),
(3870, 'PRLHK221223119410262', 0, 15, '3119410262', 0, 0, 0, '', ''),
(3871, 'PRLHK221223119410262', 0, 16, '3119410262', 0, 0, 0, '', ''),
(3872, 'PRLHK221223119410262', 0, 17, '3119410262', 5, 5, 5, '', ''),
(3873, 'PRLHK221223119410262', 0, 18, '3119410262', 0, 0, 0, '', ''),
(3874, 'PRLHK221223119410262', 0, 19, '3119410262', 0, 0, 0, '', ''),
(3875, 'PRLHK221223119410262', 0, 20, '3119410262', 0, 0, 0, '', ''),
(3876, 'PRLHK221223119410262', 0, 21, '3119410262', 0, 0, 0, '', ''),
(3877, 'PRLHK221223119410262', 0, 22, '3119410262', 0, 0, 0, '', ''),
(3878, 'PRLHK221223119410262', 0, 23, '3119410262', 0, 0, 0, '', ''),
(3879, 'PRLHK221223119410262', 0, 24, '3119410262', 0, 0, 0, '', ''),
(3880, 'PRLHK221223119410262', 0, 25, '3119410262', 0, 0, 0, '', ''),
(3881, 'PRLHK221223119410262', 0, 26, '3119410262', 0, 0, 0, '', ''),
(3882, 'PRLHK221223119410262', 0, 27, '3119410262', 0, 0, 0, '', ''),
(3883, 'PRLHK221223119410262', 27, 0, '3119410262', 0, 5, 5, '770964.jpg', ''),
(3884, 'PRLHK221223119410262', 28, 0, '3119410262', 5, 5, 5, '1931304.jpg', ''),
(3885, 'PRLHK221223119410262', 0, 29, '3119410262', 15, 15, 15, 'wallpaperflare.com_wallpaper.jpg', ''),
(3886, 'PRLHK221223119410262', 0, 30, '3119410262', 6, 10, 12, 'XppDWzl.png', ''),
(3887, 'PRLHK221223118410262', 1, 0, '3118410262', 0, 0, 0, '', ''),
(3888, 'PRLHK221223118410262', 2, 0, '3118410262', 12, 0, 0, '', ''),
(3889, 'PRLHK221223118410262', 3, 0, '3118410262', 0, 0, 0, '', ''),
(3890, 'PRLHK221223118410262', 4, 0, '3118410262', 0, 0, 0, '', ''),
(3891, 'PRLHK221223118410262', 5, 0, '3118410262', 0, 0, 0, '', ''),
(3892, 'PRLHK221223118410262', 6, 0, '3118410262', 3, 0, 0, '', ''),
(3893, 'PRLHK221223118410262', 7, 0, '3118410262', 0, 0, 0, '', ''),
(3894, 'PRLHK221223118410262', 8, 0, '3118410262', 0, 0, 0, '', ''),
(3895, 'PRLHK221223118410262', 9, 0, '3118410262', 0, 0, 0, '', ''),
(3896, 'PRLHK221223118410262', 11, 0, '3118410262', 0, 0, 0, '', ''),
(3897, 'PRLHK221223118410262', 12, 0, '3118410262', 0, 0, 0, '', ''),
(3898, 'PRLHK221223118410262', 13, 0, '3118410262', 0, 0, 0, '', ''),
(3899, 'PRLHK221223118410262', 14, 0, '3118410262', 0, 0, 0, '', ''),
(3900, 'PRLHK221223118410262', 15, 0, '3118410262', 0, 0, 0, '', ''),
(3901, 'PRLHK221223118410262', 16, 0, '3118410262', 0, 0, 0, '', ''),
(3902, 'PRLHK221223118410262', 17, 0, '3118410262', 0, 0, 0, '', ''),
(3903, 'PRLHK221223118410262', 18, 0, '3118410262', 0, 0, 0, '', ''),
(3904, 'PRLHK221223118410262', 19, 0, '3118410262', 0, 0, 0, '', ''),
(3905, 'PRLHK221223118410262', 20, 0, '3118410262', 0, 0, 0, '', ''),
(3906, 'PRLHK221223118410262', 21, 0, '3118410262', 0, 0, 0, '', ''),
(3907, 'PRLHK221223118410262', 0, 7, '3118410262', 15, 0, 0, '', ''),
(3908, 'PRLHK221223118410262', 0, 8, '3118410262', 10, 0, 0, '', ''),
(3909, 'PRLHK221223118410262', 0, 9, '3118410262', 0, 0, 0, '', ''),
(3910, 'PRLHK221223118410262', 0, 10, '3118410262', 0, 0, 0, '', ''),
(3911, 'PRLHK221223118410262', 10, 0, '3118410262', 0, 0, 0, '', ''),
(3912, 'PRLHK221223118410262', 22, 0, '3118410262', 0, 0, 0, '', ''),
(3913, 'PRLHK221223118410262', 23, 0, '3118410262', 0, 0, 0, '', ''),
(3914, 'PRLHK221223118410262', 0, 12, '3118410262', 0, 0, 0, '', ''),
(3915, 'PRLHK221223118410262', 24, 0, '3118410262', 0, 0, 0, '', ''),
(3916, 'PRLHK221223118410262', 25, 0, '3118410262', 0, 0, 0, '', ''),
(3917, 'PRLHK221223118410262', 26, 0, '3118410262', 0, 0, 0, '', ''),
(3918, 'PRLHK221223118410262', 0, 14, '3118410262', 0, 0, 0, '', ''),
(3919, 'PRLHK221223118410262', 0, 15, '3118410262', 0, 0, 0, '', ''),
(3920, 'PRLHK221223118410262', 0, 16, '3118410262', 0, 0, 0, '', ''),
(3921, 'PRLHK221223118410262', 0, 17, '3118410262', 5, 0, 0, '', ''),
(3922, 'PRLHK221223118410262', 0, 18, '3118410262', 5, 0, 0, 'Untitled-1 - Copy.png', ''),
(3923, 'PRLHK221223118410262', 0, 19, '3118410262', 0, 0, 0, '', ''),
(3924, 'PRLHK221223118410262', 0, 20, '3118410262', 0, 0, 0, '', ''),
(3925, 'PRLHK221223118410262', 0, 21, '3118410262', 0, 0, 0, '', ''),
(3926, 'PRLHK221223118410262', 0, 22, '3118410262', 0, 0, 0, '', ''),
(3927, 'PRLHK221223118410262', 0, 23, '3118410262', 0, 0, 0, '', ''),
(3928, 'PRLHK221223118410262', 0, 24, '3118410262', 0, 0, 0, '', ''),
(3929, 'PRLHK221223118410262', 0, 25, '3118410262', 0, 0, 0, '', ''),
(3930, 'PRLHK221223118410262', 0, 26, '3118410262', 0, 0, 0, '', ''),
(3931, 'PRLHK221223118410262', 0, 27, '3118410262', 3, 0, 0, '', ''),
(3932, 'PRLHK221223118410262', 27, 0, '3118410262', 0, 0, 0, '', ''),
(3933, 'PRLHK221223118410262', 28, 0, '3118410262', 0, 0, 0, '', ''),
(3934, 'PRLHK221223118410262', 0, 29, '3118410262', 15, 0, 0, '', ''),
(3935, 'PRLHK221223118410262', 0, 30, '3118410262', 5, 0, 0, 'Untitled-1.png', ''),
(3936, 'PRLHK221223118410029', 1, 0, '3118410029', 0, 0, 0, '', ''),
(3937, 'PRLHK221223118410029', 2, 0, '3118410029', 12, 12, 12, '', ''),
(3938, 'PRLHK221223118410029', 3, 0, '3118410029', 0, 0, 0, '', ''),
(3939, 'PRLHK221223118410029', 4, 0, '3118410029', 0, 0, 0, '', ''),
(3940, 'PRLHK221223118410029', 5, 0, '3118410029', 0, 0, 0, '', ''),
(3941, 'PRLHK221223118410029', 6, 0, '3118410029', 0, 0, 0, '', ''),
(3942, 'PRLHK221223118410029', 7, 0, '3118410029', 0, 0, 0, '', ''),
(3943, 'PRLHK221223118410029', 8, 0, '3118410029', 0, 0, 0, '', ''),
(3944, 'PRLHK221223118410029', 9, 0, '3118410029', 0, 0, 0, '', ''),
(3945, 'PRLHK221223118410029', 11, 0, '3118410029', 0, 0, 0, '', ''),
(3946, 'PRLHK221223118410029', 12, 0, '3118410029', 0, 0, 0, '', ''),
(3947, 'PRLHK221223118410029', 13, 0, '3118410029', 0, 0, 0, '', ''),
(3948, 'PRLHK221223118410029', 14, 0, '3118410029', 0, 0, 0, '', ''),
(3949, 'PRLHK221223118410029', 15, 0, '3118410029', 0, 0, 0, '', ''),
(3950, 'PRLHK221223118410029', 16, 0, '3118410029', 0, 0, 0, '', ''),
(3951, 'PRLHK221223118410029', 17, 0, '3118410029', 0, 0, 0, '', ''),
(3952, 'PRLHK221223118410029', 18, 0, '3118410029', 0, 0, 0, '', ''),
(3953, 'PRLHK221223118410029', 19, 0, '3118410029', 4, 4, 4, 'red-velvet.jpg', ''),
(3954, 'PRLHK221223118410029', 20, 0, '3118410029', 0, 0, 0, '', ''),
(3955, 'PRLHK221223118410029', 21, 0, '3118410029', 0, 0, 0, '', ''),
(3956, 'PRLHK221223118410029', 0, 7, '3118410029', 15, 15, 15, '', ''),
(3957, 'PRLHK221223118410029', 0, 8, '3118410029', 10, 10, 10, '', ''),
(3958, 'PRLHK221223118410029', 0, 9, '3118410029', 0, 0, 0, '', ''),
(3959, 'PRLHK221223118410029', 0, 10, '3118410029', 0, 0, 0, '', ''),
(3960, 'PRLHK221223118410029', 10, 0, '3118410029', 0, 0, 0, '', ''),
(3961, 'PRLHK221223118410029', 22, 0, '3118410029', 10, 10, 10, '', ''),
(3962, 'PRLHK221223118410029', 23, 0, '3118410029', 0, 0, 0, '', ''),
(3963, 'PRLHK221223118410029', 0, 12, '3118410029', 0, 0, 0, '', ''),
(3964, 'PRLHK221223118410029', 24, 0, '3118410029', 0, 0, 0, '', ''),
(3965, 'PRLHK221223118410029', 25, 0, '3118410029', 0, 0, 0, '', ''),
(3966, 'PRLHK221223118410029', 26, 0, '3118410029', 0, 0, 0, '', ''),
(3967, 'PRLHK221223118410029', 0, 14, '3118410029', 10, 10, 10, '', ''),
(3968, 'PRLHK221223118410029', 0, 15, '3118410029', 0, 0, 0, '', ''),
(3969, 'PRLHK221223118410029', 0, 16, '3118410029', 0, 0, 0, '', ''),
(3970, 'PRLHK221223118410029', 0, 17, '3118410029', 0, 0, 0, '', ''),
(3971, 'PRLHK221223118410029', 0, 18, '3118410029', 5, 5, 5, '128515.jpg', ''),
(3972, 'PRLHK221223118410029', 0, 19, '3118410029', 0, 0, 0, '', ''),
(3973, 'PRLHK221223118410029', 0, 20, '3118410029', 0, 0, 0, '', ''),
(3974, 'PRLHK221223118410029', 0, 21, '3118410029', 0, 0, 0, '', ''),
(3975, 'PRLHK221223118410029', 0, 22, '3118410029', 0, 0, 0, '', ''),
(3976, 'PRLHK221223118410029', 0, 23, '3118410029', 0, 0, 0, '', ''),
(3977, 'PRLHK221223118410029', 0, 24, '3118410029', 0, 0, 0, '', ''),
(3978, 'PRLHK221223118410029', 0, 25, '3118410029', 0, 0, 0, '', ''),
(3979, 'PRLHK221223118410029', 0, 26, '3118410029', 0, 0, 0, '', ''),
(3980, 'PRLHK221223118410029', 0, 27, '3118410029', 3, 3, 3, '', ''),
(3981, 'PRLHK221223118410029', 27, 0, '3118410029', 0, 0, 0, '', ''),
(3982, 'PRLHK221223118410029', 28, 0, '3118410029', 0, 0, 0, '', ''),
(3983, 'PRLHK221223118410029', 0, 29, '3118410029', 0, 0, 0, '', ''),
(3984, 'PRLHK221223118410029', 0, 30, '3118410029', 0, 0, 0, '', ''),
(3985, 'PRLHK221223118410044', 1, 0, '3118410044', 0, 0, 0, '', ''),
(3986, 'PRLHK221223118410044', 2, 0, '3118410044', 0, 0, 0, '', ''),
(3987, 'PRLHK221223118410044', 3, 0, '3118410044', 10, 10, 10, '', ''),
(3988, 'PRLHK221223118410044', 4, 0, '3118410044', 0, 0, 0, '', ''),
(3989, 'PRLHK221223118410044', 5, 0, '3118410044', 0, 0, 0, '', ''),
(3990, 'PRLHK221223118410044', 6, 0, '3118410044', 3, 3, 3, '', ''),
(3991, 'PRLHK221223118410044', 7, 0, '3118410044', 0, 0, 0, '', ''),
(3992, 'PRLHK221223118410044', 8, 0, '3118410044', 0, 0, 0, '', ''),
(3993, 'PRLHK221223118410044', 9, 0, '3118410044', 0, 0, 0, '', ''),
(3994, 'PRLHK221223118410044', 11, 0, '3118410044', 0, 0, 0, '', ''),
(3995, 'PRLHK221223118410044', 12, 0, '3118410044', 0, 0, 0, '', ''),
(3996, 'PRLHK221223118410044', 13, 0, '3118410044', 0, 0, 0, '', ''),
(3997, 'PRLHK221223118410044', 14, 0, '3118410044', 0, 0, 0, '', ''),
(3998, 'PRLHK221223118410044', 15, 0, '3118410044', 0, 0, 0, '', ''),
(3999, 'PRLHK221223118410044', 16, 0, '3118410044', 0, 0, 0, '', ''),
(4000, 'PRLHK221223118410044', 17, 0, '3118410044', 0, 0, 0, '', ''),
(4001, 'PRLHK221223118410044', 18, 0, '3118410044', 0, 0, 0, '', ''),
(4002, 'PRLHK221223118410044', 19, 0, '3118410044', 0, 0, 0, '', ''),
(4003, 'PRLHK221223118410044', 20, 0, '3118410044', 0, 0, 0, '', ''),
(4004, 'PRLHK221223118410044', 21, 0, '3118410044', 0, 0, 0, '', ''),
(4005, 'PRLHK221223118410044', 0, 7, '3118410044', 15, 15, 15, '', ''),
(4006, 'PRLHK221223118410044', 0, 8, '3118410044', 10, 10, 10, '', ''),
(4007, 'PRLHK221223118410044', 0, 9, '3118410044', 0, 0, 0, '', ''),
(4008, 'PRLHK221223118410044', 0, 10, '3118410044', 0, 0, 0, '', ''),
(4009, 'PRLHK221223118410044', 10, 0, '3118410044', 0, 0, 0, '', ''),
(4010, 'PRLHK221223118410044', 22, 0, '3118410044', 10, 10, 10, '', ''),
(4011, 'PRLHK221223118410044', 23, 0, '3118410044', 0, 0, 0, '', ''),
(4012, 'PRLHK221223118410044', 0, 12, '3118410044', 0, 0, 0, '', ''),
(4013, 'PRLHK221223118410044', 24, 0, '3118410044', 0, 0, 0, '', ''),
(4014, 'PRLHK221223118410044', 25, 0, '3118410044', 0, 0, 0, '', ''),
(4015, 'PRLHK221223118410044', 26, 0, '3118410044', 0, 0, 0, '', ''),
(4016, 'PRLHK221223118410044', 0, 14, '3118410044', 10, 10, 10, '', ''),
(4017, 'PRLHK221223118410044', 0, 15, '3118410044', 5, 5, 5, '', ''),
(4018, 'PRLHK221223118410044', 0, 16, '3118410044', 0, 0, 0, '', ''),
(4019, 'PRLHK221223118410044', 0, 17, '3118410044', 0, 0, 0, '', ''),
(4020, 'PRLHK221223118410044', 0, 18, '3118410044', 0, 0, 0, '', ''),
(4021, 'PRLHK221223118410044', 0, 19, '3118410044', 0, 0, 0, '', ''),
(4022, 'PRLHK221223118410044', 0, 20, '3118410044', 0, 5, 5, 'U8YtUch.png', ''),
(4023, 'PRLHK221223118410044', 0, 21, '3118410044', 0, 0, 0, '', ''),
(4024, 'PRLHK221223118410044', 0, 22, '3118410044', 0, 0, 0, '', ''),
(4025, 'PRLHK221223118410044', 0, 23, '3118410044', 0, 0, 0, '', ''),
(4026, 'PRLHK221223118410044', 0, 24, '3118410044', 0, 0, 0, '', ''),
(4027, 'PRLHK221223118410044', 0, 25, '3118410044', 0, 0, 0, '', ''),
(4028, 'PRLHK221223118410044', 0, 26, '3118410044', 0, 0, 0, '', ''),
(4029, 'PRLHK221223118410044', 0, 27, '3118410044', 0, 0, 0, '', ''),
(4030, 'PRLHK221223118410044', 27, 0, '3118410044', 0, 0, 0, '', ''),
(4031, 'PRLHK221223118410044', 28, 0, '3118410044', 0, 0, 0, '', ''),
(4032, 'PRLHK221223118410044', 0, 29, '3118410044', 5, 5, 5, '135075.jpg', ''),
(4033, 'PRLHK221223118410044', 0, 30, '3118410044', 0, 10, 10, '', ''),
(4034, 'PRLHK122233119410262', 1, 0, '3119410262', 0, 0, 0, '', ''),
(4035, 'PRLHK122233119410262', 2, 0, '3119410262', 0, 0, 0, '', ''),
(4036, 'PRLHK122233119410262', 3, 0, '3119410262', 10, 0, 0, '', ''),
(4037, 'PRLHK122233119410262', 4, 0, '3119410262', 0, 0, 0, '', ''),
(4038, 'PRLHK122233119410262', 5, 0, '3119410262', 0, 0, 0, '', ''),
(4039, 'PRLHK122233119410262', 6, 0, '3119410262', 0, 0, 0, '', ''),
(4040, 'PRLHK122233119410262', 7, 0, '3119410262', 0, 0, 0, '', ''),
(4041, 'PRLHK122233119410262', 8, 0, '3119410262', 0, 0, 0, '', ''),
(4042, 'PRLHK122233119410262', 9, 0, '3119410262', 0, 0, 0, '', ''),
(4043, 'PRLHK122233119410262', 11, 0, '3119410262', 0, 0, 0, '', ''),
(4044, 'PRLHK122233119410262', 12, 0, '3119410262', 0, 0, 0, '', ''),
(4045, 'PRLHK122233119410262', 13, 0, '3119410262', 0, 0, 0, '', ''),
(4046, 'PRLHK122233119410262', 14, 0, '3119410262', 0, 0, 0, '', ''),
(4047, 'PRLHK122233119410262', 15, 0, '3119410262', 2, 0, 0, '', ''),
(4048, 'PRLHK122233119410262', 16, 0, '3119410262', 0, 0, 0, '', ''),
(4049, 'PRLHK122233119410262', 17, 0, '3119410262', 0, 0, 0, '', ''),
(4050, 'PRLHK122233119410262', 18, 0, '3119410262', 0, 0, 0, '', ''),
(4051, 'PRLHK122233119410262', 19, 0, '3119410262', 0, 0, 0, '', ''),
(4052, 'PRLHK122233119410262', 20, 0, '3119410262', 0, 0, 0, '', ''),
(4053, 'PRLHK122233119410262', 21, 0, '3119410262', 0, 0, 0, '', ''),
(4054, 'PRLHK122233119410262', 0, 7, '3119410262', 15, 0, 0, '', ''),
(4055, 'PRLHK122233119410262', 0, 8, '3119410262', 10, 0, 0, '', ''),
(4056, 'PRLHK122233119410262', 0, 9, '3119410262', 0, 0, 0, '', ''),
(4057, 'PRLHK122233119410262', 0, 10, '3119410262', 0, 0, 0, '', ''),
(4058, 'PRLHK122233119410262', 10, 0, '3119410262', 0, 0, 0, '', ''),
(4059, 'PRLHK122233119410262', 22, 0, '3119410262', 10, 0, 0, '', ''),
(4060, 'PRLHK122233119410262', 23, 0, '3119410262', 0, 0, 0, '', ''),
(4061, 'PRLHK122233119410262', 0, 12, '3119410262', 5, 0, 0, '', ''),
(4062, 'PRLHK122233119410262', 24, 0, '3119410262', 0, 0, 0, '', ''),
(4063, 'PRLHK122233119410262', 25, 0, '3119410262', 0, 0, 0, '', ''),
(4064, 'PRLHK122233119410262', 26, 0, '3119410262', 0, 0, 0, '', ''),
(4065, 'PRLHK122233119410262', 0, 14, '3119410262', 10, 0, 0, '', ''),
(4066, 'PRLHK122233119410262', 0, 15, '3119410262', 0, 0, 0, '', ''),
(4067, 'PRLHK122233119410262', 0, 16, '3119410262', 10, 0, 0, '', ''),
(4068, 'PRLHK122233119410262', 0, 17, '3119410262', 0, 0, 0, '', ''),
(4069, 'PRLHK122233119410262', 0, 18, '3119410262', 0, 0, 0, '', ''),
(4070, 'PRLHK122233119410262', 0, 19, '3119410262', 5, 0, 0, '', ''),
(4071, 'PRLHK122233119410262', 0, 20, '3119410262', 0, 0, 0, '', ''),
(4072, 'PRLHK122233119410262', 0, 21, '3119410262', 0, 0, 0, '', ''),
(4073, 'PRLHK122233119410262', 0, 22, '3119410262', 0, 0, 0, '', ''),
(4074, 'PRLHK122233119410262', 0, 23, '3119410262', 0, 0, 0, '', ''),
(4075, 'PRLHK122233119410262', 0, 24, '3119410262', 0, 0, 0, '', ''),
(4076, 'PRLHK122233119410262', 0, 25, '3119410262', 0, 0, 0, '', ''),
(4077, 'PRLHK122233119410262', 0, 26, '3119410262', 0, 0, 0, '', ''),
(4078, 'PRLHK122233119410262', 0, 27, '3119410262', 3, 0, 0, '', ''),
(4079, 'PRLHK122233119410262', 27, 0, '3119410262', 0, 0, 0, '', ''),
(4080, 'PRLHK122233119410262', 28, 0, '3119410262', 0, 0, 0, '', ''),
(4081, 'PRLHK122233119410262', 0, 29, '3119410262', 0, 0, 0, '', ''),
(4082, 'PRLHK122233119410262', 0, 30, '3119410262', 0, 0, 0, '', ''),
(4083, 'PRLHK122233118410202', 1, 0, '3118410202', 0, 0, 0, '', ''),
(4084, 'PRLHK122233118410202', 2, 0, '3118410202', 0, 0, 0, '', ''),
(4085, 'PRLHK122233118410202', 3, 0, '3118410202', 0, 0, 0, '', ''),
(4086, 'PRLHK122233118410202', 4, 0, '3118410202', 0, 0, 0, '', ''),
(4087, 'PRLHK122233118410202', 5, 0, '3118410202', 0, 0, 0, '', ''),
(4088, 'PRLHK122233118410202', 6, 0, '3118410202', 0, 0, 0, '', ''),
(4089, 'PRLHK122233118410202', 7, 0, '3118410202', 0, 0, 0, '', ''),
(4090, 'PRLHK122233118410202', 8, 0, '3118410202', 0, 0, 0, '', ''),
(4091, 'PRLHK122233118410202', 9, 0, '3118410202', 0, 0, 0, '', ''),
(4092, 'PRLHK122233118410202', 11, 0, '3118410202', 0, 0, 0, '', ''),
(4093, 'PRLHK122233118410202', 12, 0, '3118410202', 0, 0, 0, '', ''),
(4094, 'PRLHK122233118410202', 13, 0, '3118410202', 0, 0, 0, '', ''),
(4095, 'PRLHK122233118410202', 14, 0, '3118410202', 0, 0, 0, '', ''),
(4096, 'PRLHK122233118410202', 15, 0, '3118410202', 0, 0, 0, '', ''),
(4097, 'PRLHK122233118410202', 16, 0, '3118410202', 0, 0, 0, '', ''),
(4098, 'PRLHK122233118410202', 17, 0, '3118410202', 0, 0, 0, '', ''),
(4099, 'PRLHK122233118410202', 18, 0, '3118410202', 0, 0, 0, '', ''),
(4100, 'PRLHK122233118410202', 19, 0, '3118410202', 0, 0, 0, '', ''),
(4101, 'PRLHK122233118410202', 20, 0, '3118410202', 0, 0, 0, '', ''),
(4102, 'PRLHK122233118410202', 21, 0, '3118410202', 0, 0, 0, '', ''),
(4103, 'PRLHK122233118410202', 0, 7, '3118410202', 15, 0, 0, '', ''),
(4104, 'PRLHK122233118410202', 0, 8, '3118410202', 10, 0, 0, '', ''),
(4105, 'PRLHK122233118410202', 0, 9, '3118410202', 0, 0, 0, '', ''),
(4106, 'PRLHK122233118410202', 0, 10, '3118410202', 0, 0, 0, '', ''),
(4107, 'PRLHK122233118410202', 10, 0, '3118410202', 0, 0, 0, '', ''),
(4108, 'PRLHK122233118410202', 22, 0, '3118410202', 10, 0, 0, '', ''),
(4109, 'PRLHK122233118410202', 23, 0, '3118410202', 0, 0, 0, '', ''),
(4110, 'PRLHK122233118410202', 0, 12, '3118410202', 5, 0, 0, '', ''),
(4111, 'PRLHK122233118410202', 24, 0, '3118410202', 0, 0, 0, '', ''),
(4112, 'PRLHK122233118410202', 25, 0, '3118410202', 0, 0, 0, '', ''),
(4113, 'PRLHK122233118410202', 26, 0, '3118410202', 0, 0, 0, '', ''),
(4114, 'PRLHK122233118410202', 0, 14, '3118410202', 10, 0, 0, '', ''),
(4115, 'PRLHK122233118410202', 0, 15, '3118410202', 0, 0, 0, '', ''),
(4116, 'PRLHK122233118410202', 0, 16, '3118410202', 0, 0, 0, '', ''),
(4117, 'PRLHK122233118410202', 0, 17, '3118410202', 0, 0, 0, '', ''),
(4118, 'PRLHK122233118410202', 0, 18, '3118410202', 0, 0, 0, '', ''),
(4119, 'PRLHK122233118410202', 0, 19, '3118410202', 5, 0, 0, '', ''),
(4120, 'PRLHK122233118410202', 0, 20, '3118410202', 0, 0, 0, '', ''),
(4121, 'PRLHK122233118410202', 0, 21, '3118410202', 0, 0, 0, '', ''),
(4122, 'PRLHK122233118410202', 0, 22, '3118410202', 0, 0, 0, '', ''),
(4123, 'PRLHK122233118410202', 0, 23, '3118410202', 0, 0, 0, '', ''),
(4124, 'PRLHK122233118410202', 0, 24, '3118410202', 3, 0, 0, '', ''),
(4125, 'PRLHK122233118410202', 0, 25, '3118410202', 0, 0, 0, '', ''),
(4126, 'PRLHK122233118410202', 0, 26, '3118410202', 0, 0, 0, '', ''),
(4127, 'PRLHK122233118410202', 0, 27, '3118410202', 3, 0, 0, '', ''),
(4128, 'PRLHK122233118410202', 27, 0, '3118410202', 0, 0, 0, '', ''),
(4129, 'PRLHK122233118410202', 28, 0, '3118410202', 0, 0, 0, '', ''),
(4130, 'PRLHK122233118410202', 0, 29, '3118410202', 0, 0, 0, '', ''),
(4131, 'PRLHK122233118410202', 0, 30, '3118410202', 0, 0, 0, '', ''),
(4132, 'PRLHK221223118410071', 1, 0, '3118410071', 0, 0, 0, '', ''),
(4133, 'PRLHK221223118410071', 2, 0, '3118410071', 0, 0, 0, '', ''),
(4134, 'PRLHK221223118410071', 3, 0, '3118410071', 10, 10, 10, '', ''),
(4135, 'PRLHK221223118410071', 4, 0, '3118410071', 0, 0, 0, '', ''),
(4136, 'PRLHK221223118410071', 5, 0, '3118410071', 0, 0, 0, '', ''),
(4137, 'PRLHK221223118410071', 6, 0, '3118410071', 3, 3, 3, '', ''),
(4138, 'PRLHK221223118410071', 7, 0, '3118410071', 0, 0, 0, '', ''),
(4139, 'PRLHK221223118410071', 8, 0, '3118410071', 0, 0, 0, '', ''),
(4140, 'PRLHK221223118410071', 9, 0, '3118410071', 0, 0, 0, '', ''),
(4141, 'PRLHK221223118410071', 11, 0, '3118410071', 0, 0, 0, '', ''),
(4142, 'PRLHK221223118410071', 12, 0, '3118410071', 0, 0, 0, '', ''),
(4143, 'PRLHK221223118410071', 13, 0, '3118410071', 0, 0, 0, '', ''),
(4144, 'PRLHK221223118410071', 14, 0, '3118410071', 0, 0, 0, '', ''),
(4145, 'PRLHK221223118410071', 15, 0, '3118410071', 0, 0, 0, '', ''),
(4146, 'PRLHK221223118410071', 16, 0, '3118410071', 0, 0, 0, '', ''),
(4147, 'PRLHK221223118410071', 17, 0, '3118410071', 0, 0, 0, '', ''),
(4148, 'PRLHK221223118410071', 18, 0, '3118410071', 0, 0, 0, '', ''),
(4149, 'PRLHK221223118410071', 19, 0, '3118410071', 0, 0, 0, '', ''),
(4150, 'PRLHK221223118410071', 20, 0, '3118410071', 0, 0, 0, '', ''),
(4151, 'PRLHK221223118410071', 21, 0, '3118410071', 0, 0, 0, '', ''),
(4152, 'PRLHK221223118410071', 0, 7, '3118410071', 15, 15, 15, '', ''),
(4153, 'PRLHK221223118410071', 0, 8, '3118410071', 10, 10, 10, '', ''),
(4154, 'PRLHK221223118410071', 0, 9, '3118410071', 0, 0, 0, '', ''),
(4155, 'PRLHK221223118410071', 0, 10, '3118410071', 0, 0, 0, '', ''),
(4156, 'PRLHK221223118410071', 10, 0, '3118410071', 0, 0, 0, '', ''),
(4157, 'PRLHK221223118410071', 22, 0, '3118410071', 0, 0, 0, '', ''),
(4158, 'PRLHK221223118410071', 23, 0, '3118410071', 0, 0, -5, '', ''),
(4159, 'PRLHK221223118410071', 0, 12, '3118410071', 0, 0, 0, '', ''),
(4160, 'PRLHK221223118410071', 24, 0, '3118410071', 0, 0, 0, '', ''),
(4161, 'PRLHK221223118410071', 25, 0, '3118410071', 0, 0, 0, '', ''),
(4162, 'PRLHK221223118410071', 26, 0, '3118410071', 0, 0, 0, '', ''),
(4163, 'PRLHK221223118410071', 0, 14, '3118410071', 10, 10, 10, '', ''),
(4164, 'PRLHK221223118410071', 0, 15, '3118410071', 0, 0, 0, '', ''),
(4165, 'PRLHK221223118410071', 0, 16, '3118410071', 0, 0, 0, '', ''),
(4166, 'PRLHK221223118410071', 0, 17, '3118410071', 0, 0, 0, '', ''),
(4167, 'PRLHK221223118410071', 0, 18, '3118410071', 0, 0, 0, '', ''),
(4168, 'PRLHK221223118410071', 0, 19, '3118410071', 0, 0, 0, '', ''),
(4169, 'PRLHK221223118410071', 0, 20, '3118410071', 0, 0, 0, '', ''),
(4170, 'PRLHK221223118410071', 0, 21, '3118410071', 0, 0, 0, '', ''),
(4171, 'PRLHK221223118410071', 0, 22, '3118410071', 0, 0, 0, '', ''),
(4172, 'PRLHK221223118410071', 0, 23, '3118410071', 0, 0, 0, '', ''),
(4173, 'PRLHK221223118410071', 0, 24, '3118410071', 0, 0, 0, '', ''),
(4174, 'PRLHK221223118410071', 0, 25, '3118410071', 0, 0, 0, '', ''),
(4175, 'PRLHK221223118410071', 0, 26, '3118410071', 0, 0, 0, '', ''),
(4176, 'PRLHK221223118410071', 0, 27, '3118410071', 0, 0, 0, '', ''),
(4177, 'PRLHK221223118410071', 27, 0, '3118410071', 0, 0, 0, '', ''),
(4178, 'PRLHK221223118410071', 28, 0, '3118410071', 0, 0, 0, '', ''),
(4179, 'PRLHK221223118410071', 0, 29, '3118410071', 0, 0, 0, '', ''),
(4180, 'PRLHK221223118410071', 0, 30, '3118410071', 0, 0, 0, '', ''),
(4181, 'PRLHK221223118410087', 1, 0, '3118410087', 0, 0, 0, '', ''),
(4182, 'PRLHK221223118410087', 2, 0, '3118410087', 0, 0, 0, '', ''),
(4183, 'PRLHK221223118410087', 3, 0, '3118410087', 0, 0, 0, '', ''),
(4184, 'PRLHK221223118410087', 4, 0, '3118410087', 0, 0, 0, '', ''),
(4185, 'PRLHK221223118410087', 5, 0, '3118410087', 0, 0, 0, '', ''),
(4186, 'PRLHK221223118410087', 6, 0, '3118410087', 0, 0, 0, '', ''),
(4187, 'PRLHK221223118410087', 7, 0, '3118410087', 0, 0, 0, '', ''),
(4188, 'PRLHK221223118410087', 8, 0, '3118410087', 0, 0, 0, '', ''),
(4189, 'PRLHK221223118410087', 9, 0, '3118410087', 0, 0, 0, '', ''),
(4190, 'PRLHK221223118410087', 11, 0, '3118410087', 0, 0, 0, '', ''),
(4191, 'PRLHK221223118410087', 12, 0, '3118410087', 0, 0, 0, '', ''),
(4192, 'PRLHK221223118410087', 13, 0, '3118410087', 0, 0, 0, '', ''),
(4193, 'PRLHK221223118410087', 14, 0, '3118410087', 0, 0, 0, '', ''),
(4194, 'PRLHK221223118410087', 15, 0, '3118410087', 0, 0, 0, '', ''),
(4195, 'PRLHK221223118410087', 16, 0, '3118410087', 0, 0, 0, '', ''),
(4196, 'PRLHK221223118410087', 17, 0, '3118410087', 0, 0, 0, '', ''),
(4197, 'PRLHK221223118410087', 18, 0, '3118410087', 0, 0, 0, '', ''),
(4198, 'PRLHK221223118410087', 19, 0, '3118410087', 0, 0, 0, '', ''),
(4199, 'PRLHK221223118410087', 20, 0, '3118410087', 0, 0, 0, '', ''),
(4200, 'PRLHK221223118410087', 21, 0, '3118410087', 0, 0, 0, '', ''),
(4201, 'PRLHK221223118410087', 0, 7, '3118410087', 15, 15, 15, '', ''),
(4202, 'PRLHK221223118410087', 0, 8, '3118410087', 10, 10, 10, '', ''),
(4203, 'PRLHK221223118410087', 0, 9, '3118410087', 0, 0, 0, '', ''),
(4204, 'PRLHK221223118410087', 0, 10, '3118410087', 0, 0, 0, '', ''),
(4205, 'PRLHK221223118410087', 10, 0, '3118410087', 0, 0, 0, '', ''),
(4206, 'PRLHK221223118410087', 22, 0, '3118410087', 0, 0, 0, '', ''),
(4207, 'PRLHK221223118410087', 23, 0, '3118410087', 0, 0, 0, '', ''),
(4208, 'PRLHK221223118410087', 0, 12, '3118410087', 0, 0, 0, '', ''),
(4209, 'PRLHK221223118410087', 24, 0, '3118410087', 0, 0, 0, '', ''),
(4210, 'PRLHK221223118410087', 25, 0, '3118410087', 0, 0, 0, '', ''),
(4211, 'PRLHK221223118410087', 26, 0, '3118410087', 0, 0, 0, '', ''),
(4212, 'PRLHK221223118410087', 0, 14, '3118410087', 0, 0, 0, '', ''),
(4213, 'PRLHK221223118410087', 0, 15, '3118410087', 0, 0, 0, '', ''),
(4214, 'PRLHK221223118410087', 0, 16, '3118410087', 0, 0, 0, '', ''),
(4215, 'PRLHK221223118410087', 0, 17, '3118410087', 0, 0, 0, '', ''),
(4216, 'PRLHK221223118410087', 0, 18, '3118410087', 0, 0, 0, '', ''),
(4217, 'PRLHK221223118410087', 0, 19, '3118410087', 0, 0, 0, '', ''),
(4218, 'PRLHK221223118410087', 0, 20, '3118410087', 0, 0, 0, '', ''),
(4219, 'PRLHK221223118410087', 0, 21, '3118410087', 0, 0, 0, '', ''),
(4220, 'PRLHK221223118410087', 0, 22, '3118410087', 0, 0, 0, '', ''),
(4221, 'PRLHK221223118410087', 0, 23, '3118410087', 0, 0, 0, '', ''),
(4222, 'PRLHK221223118410087', 0, 24, '3118410087', 0, 0, 0, '', ''),
(4223, 'PRLHK221223118410087', 0, 25, '3118410087', 0, 0, 0, '', ''),
(4224, 'PRLHK221223118410087', 0, 26, '3118410087', 0, 0, 0, '', ''),
(4225, 'PRLHK221223118410087', 0, 27, '3118410087', 0, 0, 0, '', ''),
(4226, 'PRLHK221223118410087', 27, 0, '3118410087', 0, 0, 0, '', ''),
(4227, 'PRLHK221223118410087', 28, 0, '3118410087', 0, 0, 0, '', ''),
(4228, 'PRLHK221223118410087', 0, 29, '3118410087', 0, 0, 0, '', ''),
(4229, 'PRLHK221223118410087', 0, 30, '3118410087', 0, 0, 0, '', ''),
(4230, 'PRLHK121223118410087', 1, 0, '3118410087', 0, 0, 0, '', ''),
(4231, 'PRLHK121223118410087', 2, 0, '3118410087', 0, 0, 0, '', ''),
(4232, 'PRLHK121223118410087', 3, 0, '3118410087', 0, 0, 0, '', ''),
(4233, 'PRLHK121223118410087', 4, 0, '3118410087', 0, 0, 0, '', ''),
(4234, 'PRLHK121223118410087', 5, 0, '3118410087', 0, 0, 0, '', ''),
(4235, 'PRLHK121223118410087', 6, 0, '3118410087', 0, 0, 0, '', ''),
(4236, 'PRLHK121223118410087', 7, 0, '3118410087', 0, 0, 0, '', ''),
(4237, 'PRLHK121223118410087', 8, 0, '3118410087', 0, 0, 0, '', ''),
(4238, 'PRLHK121223118410087', 9, 0, '3118410087', 2, 2, 2, '', ''),
(4239, 'PRLHK121223118410087', 11, 0, '3118410087', 0, 0, 0, '', ''),
(4240, 'PRLHK121223118410087', 12, 0, '3118410087', 0, 0, 0, '', ''),
(4241, 'PRLHK121223118410087', 13, 0, '3118410087', 0, 0, 0, '', ''),
(4242, 'PRLHK121223118410087', 14, 0, '3118410087', 0, 0, 0, '', ''),
(4243, 'PRLHK121223118410087', 15, 0, '3118410087', 0, 0, 0, '', ''),
(4244, 'PRLHK121223118410087', 16, 0, '3118410087', 0, 0, 0, '', ''),
(4245, 'PRLHK121223118410087', 17, 0, '3118410087', 0, 0, 0, '', ''),
(4246, 'PRLHK121223118410087', 18, 0, '3118410087', 0, 0, 0, '', ''),
(4247, 'PRLHK121223118410087', 19, 0, '3118410087', 0, 0, 0, '', ''),
(4248, 'PRLHK121223118410087', 20, 0, '3118410087', 0, 0, 0, '', ''),
(4249, 'PRLHK121223118410087', 21, 0, '3118410087', 0, 0, 0, '', ''),
(4250, 'PRLHK121223118410087', 0, 7, '3118410087', 12, 12, 12, '', ''),
(4251, 'PRLHK121223118410087', 0, 8, '3118410087', 0, 0, 0, '', ''),
(4252, 'PRLHK121223118410087', 0, 9, '3118410087', 0, 0, 0, '', ''),
(4253, 'PRLHK121223118410087', 0, 10, '3118410087', 0, 0, 0, '', ''),
(4254, 'PRLHK121223118410087', 10, 0, '3118410087', 0, 0, 0, '', ''),
(4255, 'PRLHK121223118410087', 22, 0, '3118410087', 0, 0, 0, '', ''),
(4256, 'PRLHK121223118410087', 23, 0, '3118410087', 0, 0, 0, '', ''),
(4257, 'PRLHK121223118410087', 0, 12, '3118410087', 0, 0, 0, '', ''),
(4258, 'PRLHK121223118410087', 24, 0, '3118410087', 0, 0, 0, '', ''),
(4259, 'PRLHK121223118410087', 25, 0, '3118410087', 4, 4, 4, '', ''),
(4260, 'PRLHK121223118410087', 26, 0, '3118410087', 0, 0, 0, '', ''),
(4261, 'PRLHK121223118410087', 0, 14, '3118410087', 0, 0, 0, '', ''),
(4262, 'PRLHK121223118410087', 0, 15, '3118410087', 0, 0, 0, '', ''),
(4263, 'PRLHK121223118410087', 0, 16, '3118410087', 0, 0, 0, '', ''),
(4264, 'PRLHK121223118410087', 0, 17, '3118410087', 0, 0, 0, '', ''),
(4265, 'PRLHK121223118410087', 0, 18, '3118410087', 0, 0, 0, '', ''),
(4266, 'PRLHK121223118410087', 0, 19, '3118410087', 0, 0, 0, '', ''),
(4267, 'PRLHK121223118410087', 0, 20, '3118410087', 0, 0, 0, '', ''),
(4268, 'PRLHK121223118410087', 0, 21, '3118410087', 0, 0, 0, '', ''),
(4269, 'PRLHK121223118410087', 0, 22, '3118410087', 0, 0, 0, '', ''),
(4270, 'PRLHK121223118410087', 0, 23, '3118410087', 0, 0, 0, '', ''),
(4271, 'PRLHK121223118410087', 0, 24, '3118410087', 0, 0, 0, '', ''),
(4272, 'PRLHK121223118410087', 0, 25, '3118410087', 0, 0, 0, '', ''),
(4273, 'PRLHK121223118410087', 0, 26, '3118410087', 0, 0, 0, '', ''),
(4274, 'PRLHK121223118410087', 0, 27, '3118410087', 3, 3, 3, '', ''),
(4275, 'PRLHK121223118410087', 27, 0, '3118410087', 0, 0, 0, '', ''),
(4276, 'PRLHK121223118410087', 28, 0, '3118410087', 10, 10, 10, '', ''),
(4277, 'PRLHK121223118410087', 0, 29, '3118410087', 0, 0, 0, '', ''),
(4278, 'PRLHK121223118410087', 0, 30, '3118410087', 14, 14, 14, '', ''),
(4279, 'PRLHK120213118410087', 1, 0, '3118410087', 0, 0, 0, '', ''),
(4280, 'PRLHK120213118410087', 2, 0, '3118410087', 0, 0, 0, '', ''),
(4281, 'PRLHK120213118410087', 3, 0, '3118410087', 0, 0, 0, '', ''),
(4282, 'PRLHK120213118410087', 4, 0, '3118410087', 0, 0, 0, '', ''),
(4283, 'PRLHK120213118410087', 5, 0, '3118410087', 0, 0, 0, '', ''),
(4284, 'PRLHK120213118410087', 6, 0, '3118410087', 0, 0, 0, '', ''),
(4285, 'PRLHK120213118410087', 7, 0, '3118410087', 0, 0, 0, '', ''),
(4286, 'PRLHK120213118410087', 8, 0, '3118410087', 0, 0, 0, '', ''),
(4287, 'PRLHK120213118410087', 9, 0, '3118410087', 0, 0, 0, '', ''),
(4288, 'PRLHK120213118410087', 11, 0, '3118410087', 0, 0, 0, '', ''),
(4289, 'PRLHK120213118410087', 12, 0, '3118410087', 2, 2, 2, '', ''),
(4290, 'PRLHK120213118410087', 13, 0, '3118410087', 0, 0, 0, '', ''),
(4291, 'PRLHK120213118410087', 14, 0, '3118410087', 0, 0, 0, '', ''),
(4292, 'PRLHK120213118410087', 15, 0, '3118410087', 0, 0, 0, '', ''),
(4293, 'PRLHK120213118410087', 16, 0, '3118410087', 0, 0, 0, '', ''),
(4294, 'PRLHK120213118410087', 17, 0, '3118410087', 0, 0, 0, '', ''),
(4295, 'PRLHK120213118410087', 18, 0, '3118410087', 0, 0, 0, '', ''),
(4296, 'PRLHK120213118410087', 19, 0, '3118410087', 0, 0, 0, '', ''),
(4297, 'PRLHK120213118410087', 20, 0, '3118410087', 0, 0, 0, '', ''),
(4298, 'PRLHK120213118410087', 21, 0, '3118410087', 0, 0, 0, '', ''),
(4299, 'PRLHK120213118410087', 0, 7, '3118410087', 0, 0, 0, '', ''),
(4300, 'PRLHK120213118410087', 0, 8, '3118410087', 0, 0, 0, '', ''),
(4301, 'PRLHK120213118410087', 0, 9, '3118410087', 0, 0, 0, '', ''),
(4302, 'PRLHK120213118410087', 0, 10, '3118410087', 0, 0, 0, '', ''),
(4303, 'PRLHK120213118410087', 10, 0, '3118410087', 0, 0, 0, '', ''),
(4304, 'PRLHK120213118410087', 22, 0, '3118410087', 0, 0, 0, '', ''),
(4305, 'PRLHK120213118410087', 23, 0, '3118410087', 0, 0, 0, '', ''),
(4306, 'PRLHK120213118410087', 0, 12, '3118410087', 0, 0, 0, '', ''),
(4307, 'PRLHK120213118410087', 24, 0, '3118410087', 0, 0, 0, '', ''),
(4308, 'PRLHK120213118410087', 25, 0, '3118410087', 0, 0, 0, '', ''),
(4309, 'PRLHK120213118410087', 26, 0, '3118410087', 0, 0, 0, '', ''),
(4310, 'PRLHK120213118410087', 0, 14, '3118410087', 0, 0, 0, '', ''),
(4311, 'PRLHK120213118410087', 0, 15, '3118410087', 0, 0, 0, '', ''),
(4312, 'PRLHK120213118410087', 0, 16, '3118410087', 0, 0, 0, '', ''),
(4313, 'PRLHK120213118410087', 0, 17, '3118410087', 0, 0, 0, '', ''),
(4314, 'PRLHK120213118410087', 0, 18, '3118410087', 0, 0, 0, '', ''),
(4315, 'PRLHK120213118410087', 0, 19, '3118410087', 0, 0, 0, '', ''),
(4316, 'PRLHK120213118410087', 0, 20, '3118410087', 0, 0, 0, '', ''),
(4317, 'PRLHK120213118410087', 0, 21, '3118410087', 0, 0, 0, '', ''),
(4318, 'PRLHK120213118410087', 0, 22, '3118410087', 0, 0, 0, '', ''),
(4319, 'PRLHK120213118410087', 0, 23, '3118410087', 0, 0, 0, '', ''),
(4320, 'PRLHK120213118410087', 0, 24, '3118410087', 0, 0, 0, '', ''),
(4321, 'PRLHK120213118410087', 0, 25, '3118410087', 0, 0, 0, '', ''),
(4322, 'PRLHK120213118410087', 0, 26, '3118410087', 0, 0, 0, '', ''),
(4323, 'PRLHK120213118410087', 0, 27, '3118410087', 0, 0, 0, '', ''),
(4324, 'PRLHK120213118410087', 27, 0, '3118410087', 0, 0, 0, '', ''),
(4325, 'PRLHK120213118410087', 28, 0, '3118410087', 0, 0, 0, '', ''),
(4326, 'PRLHK120213118410087', 0, 29, '3118410087', 0, 0, 0, '', ''),
(4327, 'PRLHK120213118410087', 0, 30, '3118410087', 0, 0, 0, '', ''),
(4328, 'PRLHK220213118410087', 1, 0, '3118410087', 0, 0, 0, '', ''),
(4329, 'PRLHK220213118410087', 2, 0, '3118410087', 0, 0, 0, '', ''),
(4330, 'PRLHK220213118410087', 3, 0, '3118410087', 0, 0, 0, '', ''),
(4331, 'PRLHK220213118410087', 4, 0, '3118410087', 0, 0, 0, '', ''),
(4332, 'PRLHK220213118410087', 5, 0, '3118410087', 0, 0, 0, '', ''),
(4333, 'PRLHK220213118410087', 6, 0, '3118410087', 0, 0, 0, '', ''),
(4334, 'PRLHK220213118410087', 7, 0, '3118410087', 0, 0, 0, '', ''),
(4335, 'PRLHK220213118410087', 8, 0, '3118410087', 0, 0, 0, '', ''),
(4336, 'PRLHK220213118410087', 9, 0, '3118410087', 0, 0, 0, '', ''),
(4337, 'PRLHK220213118410087', 11, 0, '3118410087', 0, 0, 0, '', ''),
(4338, 'PRLHK220213118410087', 12, 0, '3118410087', 2, 2, 2, '', ''),
(4339, 'PRLHK220213118410087', 13, 0, '3118410087', 4, 4, 4, '', ''),
(4340, 'PRLHK220213118410087', 14, 0, '3118410087', 4, 4, 4, '', ''),
(4341, 'PRLHK220213118410087', 15, 0, '3118410087', 0, 0, 0, '', ''),
(4342, 'PRLHK220213118410087', 16, 0, '3118410087', 0, 0, 0, '', ''),
(4343, 'PRLHK220213118410087', 17, 0, '3118410087', 6, 6, 6, '', ''),
(4344, 'PRLHK220213118410087', 18, 0, '3118410087', 0, 0, 0, '', ''),
(4345, 'PRLHK220213118410087', 19, 0, '3118410087', 0, 0, 0, '', ''),
(4346, 'PRLHK220213118410087', 20, 0, '3118410087', 0, 0, 0, '', ''),
(4347, 'PRLHK220213118410087', 21, 0, '3118410087', 0, 0, 0, '', ''),
(4348, 'PRLHK220213118410087', 0, 7, '3118410087', 0, 0, 0, '', ''),
(4349, 'PRLHK220213118410087', 0, 8, '3118410087', 0, 0, 0, '', ''),
(4350, 'PRLHK220213118410087', 0, 9, '3118410087', 0, 0, 0, '', ''),
(4351, 'PRLHK220213118410087', 0, 10, '3118410087', 0, 0, 0, '', ''),
(4352, 'PRLHK220213118410087', 10, 0, '3118410087', 0, 0, 0, '', ''),
(4353, 'PRLHK220213118410087', 22, 0, '3118410087', 10, 10, 10, '', ''),
(4354, 'PRLHK220213118410087', 23, 0, '3118410087', 0, 0, 0, '', ''),
(4355, 'PRLHK220213118410087', 0, 12, '3118410087', 5, 5, 5, '', ''),
(4356, 'PRLHK220213118410087', 24, 0, '3118410087', 0, 0, 0, '', ''),
(4357, 'PRLHK220213118410087', 25, 0, '3118410087', 0, 0, 0, '', ''),
(4358, 'PRLHK220213118410087', 26, 0, '3118410087', 0, 0, 0, '', ''),
(4359, 'PRLHK220213118410087', 0, 14, '3118410087', 0, 0, 0, '', ''),
(4360, 'PRLHK220213118410087', 0, 15, '3118410087', 0, 0, 0, '', ''),
(4361, 'PRLHK220213118410087', 0, 16, '3118410087', 10, 10, 10, '', ''),
(4362, 'PRLHK220213118410087', 0, 17, '3118410087', 10, 10, 10, '', ''),
(4363, 'PRLHK220213118410087', 0, 18, '3118410087', 0, 0, 0, '', ''),
(4364, 'PRLHK220213118410087', 0, 19, '3118410087', 0, 0, 0, '', ''),
(4365, 'PRLHK220213118410087', 0, 20, '3118410087', 0, 0, 0, '', ''),
(4366, 'PRLHK220213118410087', 0, 21, '3118410087', 0, 0, 0, '', ''),
(4367, 'PRLHK220213118410087', 0, 22, '3118410087', 0, 0, 0, '', ''),
(4368, 'PRLHK220213118410087', 0, 23, '3118410087', 0, 0, 0, '', ''),
(4369, 'PRLHK220213118410087', 0, 24, '3118410087', 0, 0, 0, '', ''),
(4370, 'PRLHK220213118410087', 0, 25, '3118410087', 0, 0, 0, '', ''),
(4371, 'PRLHK220213118410087', 0, 26, '3118410087', 0, 0, 0, '', ''),
(4372, 'PRLHK220213118410087', 0, 27, '3118410087', 0, 0, 0, '', ''),
(4373, 'PRLHK220213118410087', 27, 0, '3118410087', 0, 0, 0, '', ''),
(4374, 'PRLHK220213118410087', 28, 0, '3118410087', 0, 0, 0, '', ''),
(4375, 'PRLHK220213118410087', 0, 29, '3118410087', 15, 15, 15, '', ''),
(4376, 'PRLHK220213118410087', 0, 30, '3118410087', 15, 15, 15, '', ''),
(4377, 'PRLHK122233118410087', 1, 0, '3118410087', 0, 0, 0, '', ''),
(4378, 'PRLHK122233118410087', 2, 0, '3118410087', 0, 0, 0, '', ''),
(4379, 'PRLHK122233118410087', 3, 0, '3118410087', 0, 0, 0, '', ''),
(4380, 'PRLHK122233118410087', 4, 0, '3118410087', 0, 0, 0, '', ''),
(4381, 'PRLHK122233118410087', 5, 0, '3118410087', 0, 0, 0, '', ''),
(4382, 'PRLHK122233118410087', 6, 0, '3118410087', 0, 0, 0, '', ''),
(4383, 'PRLHK122233118410087', 7, 0, '3118410087', 0, 0, 0, '', ''),
(4384, 'PRLHK122233118410087', 8, 0, '3118410087', 0, 0, 0, '', ''),
(4385, 'PRLHK122233118410087', 9, 0, '3118410087', 6, 6, 6, '', ''),
(4386, 'PRLHK122233118410087', 11, 0, '3118410087', 0, 0, 0, '', ''),
(4387, 'PRLHK122233118410087', 12, 0, '3118410087', 0, 0, 0, '', ''),
(4388, 'PRLHK122233118410087', 13, 0, '3118410087', 4, 4, 4, '', ''),
(4389, 'PRLHK122233118410087', 14, 0, '3118410087', 4, 4, 4, '', ''),
(4390, 'PRLHK122233118410087', 15, 0, '3118410087', 0, 0, 0, '', ''),
(4391, 'PRLHK122233118410087', 16, 0, '3118410087', 0, 0, 0, '', ''),
(4392, 'PRLHK122233118410087', 17, 0, '3118410087', 0, 0, 0, '', ''),
(4393, 'PRLHK122233118410087', 18, 0, '3118410087', 0, 0, 0, '', ''),
(4394, 'PRLHK122233118410087', 19, 0, '3118410087', 0, 0, 0, '', ''),
(4395, 'PRLHK122233118410087', 20, 0, '3118410087', 0, 0, 0, '', ''),
(4396, 'PRLHK122233118410087', 21, 0, '3118410087', 0, 0, 0, '', ''),
(4397, 'PRLHK122233118410087', 0, 7, '3118410087', 15, 15, 15, '', ''),
(4398, 'PRLHK122233118410087', 0, 8, '3118410087', 10, 10, 10, '', ''),
(4399, 'PRLHK122233118410087', 0, 9, '3118410087', 0, 0, 0, '', ''),
(4400, 'PRLHK122233118410087', 0, 10, '3118410087', 0, 0, 0, '', ''),
(4401, 'PRLHK122233118410087', 10, 0, '3118410087', 0, 0, 0, '', ''),
(4402, 'PRLHK122233118410087', 22, 0, '3118410087', 0, 0, 0, '', ''),
(4403, 'PRLHK122233118410087', 23, 0, '3118410087', 0, 0, 0, '', ''),
(4404, 'PRLHK122233118410087', 0, 12, '3118410087', 0, 0, 0, '', ''),
(4405, 'PRLHK122233118410087', 24, 0, '3118410087', 0, 0, 0, '', ''),
(4406, 'PRLHK122233118410087', 25, 0, '3118410087', 0, 0, 0, '', ''),
(4407, 'PRLHK122233118410087', 26, 0, '3118410087', 0, 0, 0, '', ''),
(4408, 'PRLHK122233118410087', 0, 14, '3118410087', 10, 10, 10, '', ''),
(4409, 'PRLHK122233118410087', 0, 15, '3118410087', 5, 5, 5, '', ''),
(4410, 'PRLHK122233118410087', 0, 16, '3118410087', 0, 0, 0, '', ''),
(4411, 'PRLHK122233118410087', 0, 17, '3118410087', 0, 0, 0, '', ''),
(4412, 'PRLHK122233118410087', 0, 18, '3118410087', 0, 0, 0, '', ''),
(4413, 'PRLHK122233118410087', 0, 19, '3118410087', 0, 0, 0, '', ''),
(4414, 'PRLHK122233118410087', 0, 20, '3118410087', 0, 0, 0, '', ''),
(4415, 'PRLHK122233118410087', 0, 21, '3118410087', 0, 0, 0, '', ''),
(4416, 'PRLHK122233118410087', 0, 22, '3118410087', 0, 0, 0, '', ''),
(4417, 'PRLHK122233118410087', 0, 23, '3118410087', 0, 0, 0, '', ''),
(4418, 'PRLHK122233118410087', 0, 24, '3118410087', 0, 0, 0, '', ''),
(4419, 'PRLHK122233118410087', 0, 25, '3118410087', 0, 0, 0, '', ''),
(4420, 'PRLHK122233118410087', 0, 26, '3118410087', 0, 0, 0, '', ''),
(4421, 'PRLHK122233118410087', 0, 27, '3118410087', 0, 0, 0, '', ''),
(4422, 'PRLHK122233118410087', 27, 0, '3118410087', 0, 0, 0, '', ''),
(4423, 'PRLHK122233118410087', 28, 0, '3118410087', 10, 10, 10, '', ''),
(4424, 'PRLHK122233118410087', 0, 29, '3118410087', 0, 0, 0, '', ''),
(4425, 'PRLHK122233118410087', 0, 30, '3118410087', 0, 0, 0, '', ''),
(4426, 'PRLHK120213118410071', 1, 0, '3118410071', 0, 0, 0, '', ''),
(4427, 'PRLHK120213118410071', 2, 0, '3118410071', 0, 0, 0, '', ''),
(4428, 'PRLHK120213118410071', 3, 0, '3118410071', 0, 0, 0, '', ''),
(4429, 'PRLHK120213118410071', 4, 0, '3118410071', 0, 0, 0, '', ''),
(4430, 'PRLHK120213118410071', 5, 0, '3118410071', 0, 0, 0, '', ''),
(4431, 'PRLHK120213118410071', 6, 0, '3118410071', 0, 0, 0, '', ''),
(4432, 'PRLHK120213118410071', 7, 0, '3118410071', 0, 0, 0, '', ''),
(4433, 'PRLHK120213118410071', 8, 0, '3118410071', 0, 0, 0, '', ''),
(4434, 'PRLHK120213118410071', 9, 0, '3118410071', 6, 6, 6, '', ''),
(4435, 'PRLHK120213118410071', 11, 0, '3118410071', 0, 0, 0, '', ''),
(4436, 'PRLHK120213118410071', 12, 0, '3118410071', 0, 0, 0, '', ''),
(4437, 'PRLHK120213118410071', 13, 0, '3118410071', 0, 0, 0, '', ''),
(4438, 'PRLHK120213118410071', 14, 0, '3118410071', 4, 4, 4, '', ''),
(4439, 'PRLHK120213118410071', 15, 0, '3118410071', 0, 0, 0, '', ''),
(4440, 'PRLHK120213118410071', 16, 0, '3118410071', 0, 0, 0, '', ''),
(4441, 'PRLHK120213118410071', 17, 0, '3118410071', 0, 0, 0, '', ''),
(4442, 'PRLHK120213118410071', 18, 0, '3118410071', 0, 0, 0, '', ''),
(4443, 'PRLHK120213118410071', 19, 0, '3118410071', 0, 0, 0, '', ''),
(4444, 'PRLHK120213118410071', 20, 0, '3118410071', 0, 0, 0, '', ''),
(4445, 'PRLHK120213118410071', 21, 0, '3118410071', 10, 10, 10, '', ''),
(4446, 'PRLHK120213118410071', 0, 7, '3118410071', 0, 0, 0, '', ''),
(4447, 'PRLHK120213118410071', 0, 8, '3118410071', 10, 10, 10, '', ''),
(4448, 'PRLHK120213118410071', 0, 9, '3118410071', 0, 0, 0, '', ''),
(4449, 'PRLHK120213118410071', 0, 10, '3118410071', 0, 0, 0, '', ''),
(4450, 'PRLHK120213118410071', 10, 0, '3118410071', 6, 6, 6, '', ''),
(4451, 'PRLHK120213118410071', 22, 0, '3118410071', 0, 0, 0, '', ''),
(4452, 'PRLHK120213118410071', 23, 0, '3118410071', 0, 0, 0, '', ''),
(4453, 'PRLHK120213118410071', 0, 12, '3118410071', 0, 0, 0, '', ''),
(4454, 'PRLHK120213118410071', 24, 0, '3118410071', 0, 0, 0, '', ''),
(4455, 'PRLHK120213118410071', 25, 0, '3118410071', 0, 0, 0, '', ''),
(4456, 'PRLHK120213118410071', 26, 0, '3118410071', 0, 0, 0, '', ''),
(4457, 'PRLHK120213118410071', 0, 14, '3118410071', 10, 10, 10, '', ''),
(4458, 'PRLHK120213118410071', 0, 15, '3118410071', 0, 0, 0, '', ''),
(4459, 'PRLHK120213118410071', 0, 16, '3118410071', 0, 0, 0, '', ''),
(4460, 'PRLHK120213118410071', 0, 17, '3118410071', 0, 0, 0, '', ''),
(4461, 'PRLHK120213118410071', 0, 18, '3118410071', 0, 0, 0, '', ''),
(4462, 'PRLHK120213118410071', 0, 19, '3118410071', 0, 0, 0, '', ''),
(4463, 'PRLHK120213118410071', 0, 20, '3118410071', 5, 5, 5, '', ''),
(4464, 'PRLHK120213118410071', 0, 21, '3118410071', 0, 0, 0, '', ''),
(4465, 'PRLHK120213118410071', 0, 22, '3118410071', 0, 0, 0, '', ''),
(4466, 'PRLHK120213118410071', 0, 23, '3118410071', 0, 0, 0, '', ''),
(4467, 'PRLHK120213118410071', 0, 24, '3118410071', 0, 0, 0, '', ''),
(4468, 'PRLHK120213118410071', 0, 25, '3118410071', 0, 0, 0, '', ''),
(4469, 'PRLHK120213118410071', 0, 26, '3118410071', 0, 0, 0, '', ''),
(4470, 'PRLHK120213118410071', 0, 27, '3118410071', 0, 0, 0, '', ''),
(4471, 'PRLHK120213118410071', 27, 0, '3118410071', 0, 0, 0, '', ''),
(4472, 'PRLHK120213118410071', 28, 0, '3118410071', 10, 10, 10, '', ''),
(4473, 'PRLHK120213118410071', 0, 29, '3118410071', 15, 15, 15, '', ''),
(4474, 'PRLHK120213118410071', 0, 30, '3118410071', 15, 15, 15, '', ''),
(4475, 'PRLHK122233118410071', 1, 0, '3118410071', 0, 0, 0, '', ''),
(4476, 'PRLHK122233118410071', 2, 0, '3118410071', 0, 0, 0, '', ''),
(4477, 'PRLHK122233118410071', 3, 0, '3118410071', 0, 0, 0, '', ''),
(4478, 'PRLHK122233118410071', 4, 0, '3118410071', 2, 2, 2, '', ''),
(4479, 'PRLHK122233118410071', 5, 0, '3118410071', 0, 0, 0, '', ''),
(4480, 'PRLHK122233118410071', 6, 0, '3118410071', 0, 0, 0, '', ''),
(4481, 'PRLHK122233118410071', 7, 0, '3118410071', 0, 0, 0, '', ''),
(4482, 'PRLHK122233118410071', 8, 0, '3118410071', 0, 0, 0, '', ''),
(4483, 'PRLHK122233118410071', 9, 0, '3118410071', 0, 0, 0, '', ''),
(4484, 'PRLHK122233118410071', 11, 0, '3118410071', 0, 0, 0, '', ''),
(4485, 'PRLHK122233118410071', 12, 0, '3118410071', 0, 0, 0, '', ''),
(4486, 'PRLHK122233118410071', 13, 0, '3118410071', 4, 4, 4, '', ''),
(4487, 'PRLHK122233118410071', 14, 0, '3118410071', 0, 0, 0, '', ''),
(4488, 'PRLHK122233118410071', 15, 0, '3118410071', 0, 0, 0, '', ''),
(4489, 'PRLHK122233118410071', 16, 0, '3118410071', 0, 0, 0, '', ''),
(4490, 'PRLHK122233118410071', 17, 0, '3118410071', 0, 0, 0, '', ''),
(4491, 'PRLHK122233118410071', 18, 0, '3118410071', 0, 0, 0, '', ''),
(4492, 'PRLHK122233118410071', 19, 0, '3118410071', 0, 0, 0, '', ''),
(4493, 'PRLHK122233118410071', 20, 0, '3118410071', 0, 0, 0, '', ''),
(4494, 'PRLHK122233118410071', 21, 0, '3118410071', 0, 0, 0, '', ''),
(4495, 'PRLHK122233118410071', 0, 7, '3118410071', 0, 0, 0, '', ''),
(4496, 'PRLHK122233118410071', 0, 8, '3118410071', 0, 0, 0, '', ''),
(4497, 'PRLHK122233118410071', 0, 9, '3118410071', 0, 0, 0, '', ''),
(4498, 'PRLHK122233118410071', 0, 10, '3118410071', 0, 0, 0, '', ''),
(4499, 'PRLHK122233118410071', 10, 0, '3118410071', 0, 0, 0, '', ''),
(4500, 'PRLHK122233118410071', 22, 0, '3118410071', 0, 0, 0, '', ''),
(4501, 'PRLHK122233118410071', 23, 0, '3118410071', 0, 0, 0, '', ''),
(4502, 'PRLHK122233118410071', 0, 12, '3118410071', 0, 0, 0, '', ''),
(4503, 'PRLHK122233118410071', 24, 0, '3118410071', 0, 0, 0, '', ''),
(4504, 'PRLHK122233118410071', 25, 0, '3118410071', 0, 0, 0, '', ''),
(4505, 'PRLHK122233118410071', 26, 0, '3118410071', 0, 0, 0, '', ''),
(4506, 'PRLHK122233118410071', 0, 14, '3118410071', 0, 0, 0, '', ''),
(4507, 'PRLHK122233118410071', 0, 15, '3118410071', 0, 0, 0, '', ''),
(4508, 'PRLHK122233118410071', 0, 16, '3118410071', 0, 0, 0, '', ''),
(4509, 'PRLHK122233118410071', 0, 17, '3118410071', 0, 0, 0, '', ''),
(4510, 'PRLHK122233118410071', 0, 18, '3118410071', 0, 0, 0, '', ''),
(4511, 'PRLHK122233118410071', 0, 19, '3118410071', 0, 0, 0, '', ''),
(4512, 'PRLHK122233118410071', 0, 20, '3118410071', 0, 0, 0, '', ''),
(4513, 'PRLHK122233118410071', 0, 21, '3118410071', 0, 0, 0, '', ''),
(4514, 'PRLHK122233118410071', 0, 22, '3118410071', 0, 0, 0, '', ''),
(4515, 'PRLHK122233118410071', 0, 23, '3118410071', 0, 0, 0, '', ''),
(4516, 'PRLHK122233118410071', 0, 24, '3118410071', 0, 0, 0, '', ''),
(4517, 'PRLHK122233118410071', 0, 25, '3118410071', 0, 0, 0, '', ''),
(4518, 'PRLHK122233118410071', 0, 26, '3118410071', 0, 0, 0, '', ''),
(4519, 'PRLHK122233118410071', 0, 27, '3118410071', 0, 0, 0, '', ''),
(4520, 'PRLHK122233118410071', 27, 0, '3118410071', 0, 0, 0, '', ''),
(4521, 'PRLHK122233118410071', 28, 0, '3118410071', 0, 0, 0, '', ''),
(4522, 'PRLHK122233118410071', 0, 29, '3118410071', 0, 0, 0, '', ''),
(4523, 'PRLHK122233118410071', 0, 30, '3118410071', 0, 0, 0, '', ''),
(4524, 'PRLHK121223118410071', 1, 0, '3118410071', 0, 0, 0, '', ''),
(4525, 'PRLHK121223118410071', 2, 0, '3118410071', 0, 0, 0, '', ''),
(4526, 'PRLHK121223118410071', 3, 0, '3118410071', 0, 0, 0, '', ''),
(4527, 'PRLHK121223118410071', 4, 0, '3118410071', 2, 2, 2, '', ''),
(4528, 'PRLHK121223118410071', 5, 0, '3118410071', 0, 0, 0, '', ''),
(4529, 'PRLHK121223118410071', 6, 0, '3118410071', 0, 3, 3, '', ''),
(4530, 'PRLHK121223118410071', 7, 0, '3118410071', 0, 0, 0, '', ''),
(4531, 'PRLHK121223118410071', 8, 0, '3118410071', 0, 0, 0, '', ''),
(4532, 'PRLHK121223118410071', 9, 0, '3118410071', 0, 0, 0, '', ''),
(4533, 'PRLHK121223118410071', 11, 0, '3118410071', 0, 0, 0, '', ''),
(4534, 'PRLHK121223118410071', 12, 0, '3118410071', 0, 0, 0, '', ''),
(4535, 'PRLHK121223118410071', 13, 0, '3118410071', 0, 0, 0, '', ''),
(4536, 'PRLHK121223118410071', 14, 0, '3118410071', 0, 0, 0, '', ''),
(4537, 'PRLHK121223118410071', 15, 0, '3118410071', 0, 0, 0, '', ''),
(4538, 'PRLHK121223118410071', 16, 0, '3118410071', 4, 4, 4, '', ''),
(4539, 'PRLHK121223118410071', 17, 0, '3118410071', 6, 6, 6, '', ''),
(4540, 'PRLHK121223118410071', 18, 0, '3118410071', 0, 0, 0, '', ''),
(4541, 'PRLHK121223118410071', 19, 0, '3118410071', 0, 0, 0, '', ''),
(4542, 'PRLHK121223118410071', 20, 0, '3118410071', 0, 0, 0, '', ''),
(4543, 'PRLHK121223118410071', 21, 0, '3118410071', 0, 0, 0, '', ''),
(4544, 'PRLHK121223118410071', 0, 7, '3118410071', 0, 0, 0, '', ''),
(4545, 'PRLHK121223118410071', 0, 8, '3118410071', 0, 0, 0, '', ''),
(4546, 'PRLHK121223118410071', 0, 9, '3118410071', 0, 0, 0, '', ''),
(4547, 'PRLHK121223118410071', 0, 10, '3118410071', 0, 0, 0, '', ''),
(4548, 'PRLHK121223118410071', 10, 0, '3118410071', 0, 0, 0, '', ''),
(4549, 'PRLHK121223118410071', 22, 0, '3118410071', 0, 0, 0, '', ''),
(4550, 'PRLHK121223118410071', 23, 0, '3118410071', 0, 0, 0, '', ''),
(4551, 'PRLHK121223118410071', 0, 12, '3118410071', 0, 0, 0, '', ''),
(4552, 'PRLHK121223118410071', 24, 0, '3118410071', 0, 0, 0, '', ''),
(4553, 'PRLHK121223118410071', 25, 0, '3118410071', 10, 10, 10, '', ''),
(4554, 'PRLHK121223118410071', 26, 0, '3118410071', 15, 15, 15, '', ''),
(4555, 'PRLHK121223118410071', 0, 14, '3118410071', 0, 0, 0, '', ''),
(4556, 'PRLHK121223118410071', 0, 15, '3118410071', 0, 0, 0, '', ''),
(4557, 'PRLHK121223118410071', 0, 16, '3118410071', 0, 0, 0, '', ''),
(4558, 'PRLHK121223118410071', 0, 17, '3118410071', 0, 0, 0, '', ''),
(4559, 'PRLHK121223118410071', 0, 18, '3118410071', 0, 0, 0, '', ''),
(4560, 'PRLHK121223118410071', 0, 19, '3118410071', 0, 0, 0, '', ''),
(4561, 'PRLHK121223118410071', 0, 20, '3118410071', 0, 0, 0, '', ''),
(4562, 'PRLHK121223118410071', 0, 21, '3118410071', 0, 0, 0, '', ''),
(4563, 'PRLHK121223118410071', 0, 22, '3118410071', 0, 0, 0, '', ''),
(4564, 'PRLHK121223118410071', 0, 23, '3118410071', 0, 0, 0, '', ''),
(4565, 'PRLHK121223118410071', 0, 24, '3118410071', 0, 0, 0, '', ''),
(4566, 'PRLHK121223118410071', 0, 25, '3118410071', 0, 0, 0, '', ''),
(4567, 'PRLHK121223118410071', 0, 26, '3118410071', 0, 0, 0, '', '');
INSERT INTO `chamdiemrenluyen` (`maChamDiemRenLuyen`, `maPhieuRenLuyen`, `maTieuChi3`, `maTieuChi2`, `maSinhVien`, `diemSinhVienDanhGia`, `diemLopDanhGia`, `diemKhoaDanhGia`, `fileMinhChung`, `ghiChu`) VALUES
(4568, 'PRLHK121223118410071', 0, 27, '3118410071', 0, 0, 0, '', ''),
(4569, 'PRLHK121223118410071', 27, 0, '3118410071', 0, 0, 0, '', ''),
(4570, 'PRLHK121223118410071', 28, 0, '3118410071', 0, 0, 0, '', ''),
(4571, 'PRLHK121223118410071', 0, 29, '3118410071', 0, 0, 0, '', ''),
(4572, 'PRLHK121223118410071', 0, 30, '3118410071', 0, 0, 0, '', ''),
(4573, 'PRLHK220213118410071', 1, 0, '3118410071', 0, 0, 0, '', ''),
(4574, 'PRLHK220213118410071', 2, 0, '3118410071', 0, 0, 0, '', ''),
(4575, 'PRLHK220213118410071', 3, 0, '3118410071', 0, 0, 0, '', ''),
(4576, 'PRLHK220213118410071', 4, 0, '3118410071', 2, 0, 0, '', ''),
(4577, 'PRLHK220213118410071', 5, 0, '3118410071', 0, 0, 0, '', ''),
(4578, 'PRLHK220213118410071', 6, 0, '3118410071', 3, 0, 0, '', ''),
(4579, 'PRLHK220213118410071', 7, 0, '3118410071', 0, 0, 0, '', ''),
(4580, 'PRLHK220213118410071', 8, 0, '3118410071', 0, 0, 0, '', ''),
(4581, 'PRLHK220213118410071', 9, 0, '3118410071', 0, 0, 0, '', ''),
(4582, 'PRLHK220213118410071', 11, 0, '3118410071', 0, 0, 0, '', ''),
(4583, 'PRLHK220213118410071', 12, 0, '3118410071', 0, 0, 0, '', ''),
(4584, 'PRLHK220213118410071', 13, 0, '3118410071', 0, 0, 0, '', ''),
(4585, 'PRLHK220213118410071', 14, 0, '3118410071', 0, 0, 0, '', ''),
(4586, 'PRLHK220213118410071', 15, 0, '3118410071', 0, 0, 0, '', ''),
(4587, 'PRLHK220213118410071', 16, 0, '3118410071', 0, 0, 0, '', ''),
(4588, 'PRLHK220213118410071', 17, 0, '3118410071', 0, 0, 0, '', ''),
(4589, 'PRLHK220213118410071', 18, 0, '3118410071', 0, 0, 0, '', ''),
(4590, 'PRLHK220213118410071', 19, 0, '3118410071', 4, 4, 4, '', ''),
(4591, 'PRLHK220213118410071', 20, 0, '3118410071', 6, 6, 6, '', ''),
(4592, 'PRLHK220213118410071', 21, 0, '3118410071', 0, 0, 0, '', ''),
(4593, 'PRLHK220213118410071', 0, 7, '3118410071', 0, 0, 0, '', ''),
(4594, 'PRLHK220213118410071', 0, 8, '3118410071', 0, 0, 0, '', ''),
(4595, 'PRLHK220213118410071', 0, 9, '3118410071', 0, 0, 0, '', ''),
(4596, 'PRLHK220213118410071', 0, 10, '3118410071', 0, 0, 0, '', ''),
(4597, 'PRLHK220213118410071', 10, 0, '3118410071', 0, 0, 0, '', ''),
(4598, 'PRLHK220213118410071', 22, 0, '3118410071', 10, 10, 10, '', ''),
(4599, 'PRLHK220213118410071', 23, 0, '3118410071', 0, 0, 0, '', ''),
(4600, 'PRLHK220213118410071', 0, 12, '3118410071', 0, 0, 0, '', ''),
(4601, 'PRLHK220213118410071', 24, 0, '3118410071', 0, 0, 0, '', ''),
(4602, 'PRLHK220213118410071', 25, 0, '3118410071', 0, 0, 0, '', ''),
(4603, 'PRLHK220213118410071', 26, 0, '3118410071', 0, 0, 0, '', ''),
(4604, 'PRLHK220213118410071', 0, 14, '3118410071', 0, 0, 0, '', ''),
(4605, 'PRLHK220213118410071', 0, 15, '3118410071', 0, 0, 0, '', ''),
(4606, 'PRLHK220213118410071', 0, 16, '3118410071', 0, 0, 0, '', ''),
(4607, 'PRLHK220213118410071', 0, 17, '3118410071', 0, 0, 0, '', ''),
(4608, 'PRLHK220213118410071', 0, 18, '3118410071', 0, 0, 0, '', ''),
(4609, 'PRLHK220213118410071', 0, 19, '3118410071', 0, 0, 0, '', ''),
(4610, 'PRLHK220213118410071', 0, 20, '3118410071', 0, 0, 0, '', ''),
(4611, 'PRLHK220213118410071', 0, 21, '3118410071', 0, 0, 0, '', ''),
(4612, 'PRLHK220213118410071', 0, 22, '3118410071', 0, 0, 0, '', ''),
(4613, 'PRLHK220213118410071', 0, 23, '3118410071', 0, 0, 0, '', ''),
(4614, 'PRLHK220213118410071', 0, 24, '3118410071', 0, 0, 0, '', ''),
(4615, 'PRLHK220213118410071', 0, 25, '3118410071', 0, 0, 0, '', ''),
(4616, 'PRLHK220213118410071', 0, 26, '3118410071', 0, 0, 0, '', ''),
(4617, 'PRLHK220213118410071', 0, 27, '3118410071', 0, 0, 0, '', ''),
(4618, 'PRLHK220213118410071', 27, 0, '3118410071', 0, 0, 0, '', ''),
(4619, 'PRLHK220213118410071', 28, 0, '3118410071', 0, 0, 0, '', ''),
(4620, 'PRLHK220213118410071', 0, 29, '3118410071', 0, 0, 0, '', ''),
(4621, 'PRLHK220213118410071', 0, 30, '3118410071', 0, 0, 0, '', ''),
(4622, 'PRLHK120213118410117', 1, 0, '3118410117', 0, 0, 0, '', ''),
(4623, 'PRLHK120213118410117', 2, 0, '3118410117', 0, 0, 0, '', ''),
(4624, 'PRLHK120213118410117', 3, 0, '3118410117', 0, 0, 0, '', ''),
(4625, 'PRLHK120213118410117', 4, 0, '3118410117', 0, 0, 0, '', ''),
(4626, 'PRLHK120213118410117', 5, 0, '3118410117', 0, 0, 0, '', ''),
(4627, 'PRLHK120213118410117', 6, 0, '3118410117', 0, 0, 0, '', ''),
(4628, 'PRLHK120213118410117', 7, 0, '3118410117', 0, 0, 0, '', ''),
(4629, 'PRLHK120213118410117', 8, 0, '3118410117', 1, 1, 1, '', ''),
(4630, 'PRLHK120213118410117', 9, 0, '3118410117', 0, 0, 0, '', ''),
(4631, 'PRLHK120213118410117', 11, 0, '3118410117', 0, 0, 0, '', ''),
(4632, 'PRLHK120213118410117', 12, 0, '3118410117', 0, 0, 0, '', ''),
(4633, 'PRLHK120213118410117', 13, 0, '3118410117', 0, 0, 0, '', ''),
(4634, 'PRLHK120213118410117', 14, 0, '3118410117', 0, 0, 0, '', ''),
(4635, 'PRLHK120213118410117', 15, 0, '3118410117', 0, 0, 0, '', ''),
(4636, 'PRLHK120213118410117', 16, 0, '3118410117', 0, 0, 0, '', ''),
(4637, 'PRLHK120213118410117', 17, 0, '3118410117', 0, 0, 0, '', ''),
(4638, 'PRLHK120213118410117', 18, 0, '3118410117', 0, 0, 0, '', ''),
(4639, 'PRLHK120213118410117', 19, 0, '3118410117', 0, 0, 0, '', ''),
(4640, 'PRLHK120213118410117', 20, 0, '3118410117', 0, 0, 0, '', ''),
(4641, 'PRLHK120213118410117', 21, 0, '3118410117', 0, 0, 0, '', ''),
(4642, 'PRLHK120213118410117', 0, 7, '3118410117', 0, 0, 0, '', ''),
(4643, 'PRLHK120213118410117', 0, 8, '3118410117', 0, 0, 0, '', ''),
(4644, 'PRLHK120213118410117', 0, 9, '3118410117', 0, 0, 0, '', ''),
(4645, 'PRLHK120213118410117', 0, 10, '3118410117', 0, 0, 0, '', ''),
(4646, 'PRLHK120213118410117', 10, 0, '3118410117', 0, 0, 0, '', ''),
(4647, 'PRLHK120213118410117', 22, 0, '3118410117', 0, 0, 0, '', ''),
(4648, 'PRLHK120213118410117', 23, 0, '3118410117', 0, 0, 0, '', ''),
(4649, 'PRLHK120213118410117', 0, 12, '3118410117', 0, 0, 0, '', ''),
(4650, 'PRLHK120213118410117', 24, 0, '3118410117', 0, 0, 0, '', ''),
(4651, 'PRLHK120213118410117', 25, 0, '3118410117', 0, 0, 0, '', ''),
(4652, 'PRLHK120213118410117', 26, 0, '3118410117', 0, 0, 0, '', ''),
(4653, 'PRLHK120213118410117', 0, 14, '3118410117', 0, 0, 0, '', ''),
(4654, 'PRLHK120213118410117', 0, 15, '3118410117', 0, 0, 0, '', ''),
(4655, 'PRLHK120213118410117', 0, 16, '3118410117', 0, 0, 0, '', ''),
(4656, 'PRLHK120213118410117', 0, 17, '3118410117', 0, 0, 0, '', ''),
(4657, 'PRLHK120213118410117', 0, 18, '3118410117', 0, 0, 0, '', ''),
(4658, 'PRLHK120213118410117', 0, 19, '3118410117', 0, 0, 0, '', ''),
(4659, 'PRLHK120213118410117', 0, 20, '3118410117', 0, 0, 0, '', ''),
(4660, 'PRLHK120213118410117', 0, 21, '3118410117', 0, 0, 0, '', ''),
(4661, 'PRLHK120213118410117', 0, 22, '3118410117', 0, 0, 0, '', ''),
(4662, 'PRLHK120213118410117', 0, 23, '3118410117', 0, 0, 0, '', ''),
(4663, 'PRLHK120213118410117', 0, 24, '3118410117', 0, 0, 0, '', ''),
(4664, 'PRLHK120213118410117', 0, 25, '3118410117', 0, 0, 0, '', ''),
(4665, 'PRLHK120213118410117', 0, 26, '3118410117', 0, 0, 0, '', ''),
(4666, 'PRLHK120213118410117', 0, 27, '3118410117', 0, 0, 0, '', ''),
(4667, 'PRLHK120213118410117', 27, 0, '3118410117', 0, 0, 0, '', ''),
(4668, 'PRLHK120213118410117', 28, 0, '3118410117', 0, 0, 0, '', ''),
(4669, 'PRLHK120213118410117', 0, 29, '3118410117', 0, 0, 0, '', ''),
(4670, 'PRLHK120213118410117', 0, 30, '3118410117', 0, 0, 0, '', ''),
(4671, 'PRLHK220213118410117', 1, 0, '3118410117', 0, 0, 0, '', ''),
(4672, 'PRLHK220213118410117', 2, 0, '3118410117', 0, 0, 0, '', ''),
(4673, 'PRLHK220213118410117', 3, 0, '3118410117', 0, 0, 0, '', ''),
(4674, 'PRLHK220213118410117', 4, 0, '3118410117', 0, 0, 0, '', ''),
(4675, 'PRLHK220213118410117', 5, 0, '3118410117', 0, 0, 0, '', ''),
(4676, 'PRLHK220213118410117', 6, 0, '3118410117', 0, 0, 0, '', ''),
(4677, 'PRLHK220213118410117', 7, 0, '3118410117', 0, 0, 0, '', ''),
(4678, 'PRLHK220213118410117', 8, 0, '3118410117', 0, 0, 0, '', ''),
(4679, 'PRLHK220213118410117', 9, 0, '3118410117', 5, 5, 5, '', ''),
(4680, 'PRLHK220213118410117', 11, 0, '3118410117', 0, 0, 0, '', ''),
(4681, 'PRLHK220213118410117', 12, 0, '3118410117', 0, 0, 0, '', ''),
(4682, 'PRLHK220213118410117', 13, 0, '3118410117', 0, 0, 0, '', ''),
(4683, 'PRLHK220213118410117', 14, 0, '3118410117', 0, 0, 0, '', ''),
(4684, 'PRLHK220213118410117', 15, 0, '3118410117', 0, 0, 0, '', ''),
(4685, 'PRLHK220213118410117', 16, 0, '3118410117', 0, 0, 0, '', ''),
(4686, 'PRLHK220213118410117', 17, 0, '3118410117', 3, 3, 3, '', ''),
(4687, 'PRLHK220213118410117', 18, 0, '3118410117', 0, 0, 0, '', ''),
(4688, 'PRLHK220213118410117', 19, 0, '3118410117', 0, 0, 0, '', ''),
(4689, 'PRLHK220213118410117', 20, 0, '3118410117', 0, 0, 0, '', ''),
(4690, 'PRLHK220213118410117', 21, 0, '3118410117', 0, 0, 0, '', ''),
(4691, 'PRLHK220213118410117', 0, 7, '3118410117', 0, 0, 0, '', ''),
(4692, 'PRLHK220213118410117', 0, 8, '3118410117', 0, 0, 0, '', ''),
(4693, 'PRLHK220213118410117', 0, 9, '3118410117', 0, 0, 0, '', ''),
(4694, 'PRLHK220213118410117', 0, 10, '3118410117', 0, 0, 0, '', ''),
(4695, 'PRLHK220213118410117', 10, 0, '3118410117', 5, 5, 5, '', ''),
(4696, 'PRLHK220213118410117', 22, 0, '3118410117', 0, 0, 0, '', ''),
(4697, 'PRLHK220213118410117', 23, 0, '3118410117', 0, 0, 0, '', ''),
(4698, 'PRLHK220213118410117', 0, 12, '3118410117', 4, 4, 4, '', ''),
(4699, 'PRLHK220213118410117', 24, 0, '3118410117', 0, 0, 0, '', ''),
(4700, 'PRLHK220213118410117', 25, 0, '3118410117', 0, 0, 0, '', ''),
(4701, 'PRLHK220213118410117', 26, 0, '3118410117', 0, 0, 0, '', ''),
(4702, 'PRLHK220213118410117', 0, 14, '3118410117', 0, 0, 0, '', ''),
(4703, 'PRLHK220213118410117', 0, 15, '3118410117', 0, 0, 0, '', ''),
(4704, 'PRLHK220213118410117', 0, 16, '3118410117', 0, 0, 0, '', ''),
(4705, 'PRLHK220213118410117', 0, 17, '3118410117', 0, 0, 0, '', ''),
(4706, 'PRLHK220213118410117', 0, 18, '3118410117', 0, 0, 0, '', ''),
(4707, 'PRLHK220213118410117', 0, 19, '3118410117', 0, 0, 0, '', ''),
(4708, 'PRLHK220213118410117', 0, 20, '3118410117', 0, 0, 0, '', ''),
(4709, 'PRLHK220213118410117', 0, 21, '3118410117', 0, 0, 0, '', ''),
(4710, 'PRLHK220213118410117', 0, 22, '3118410117', 0, 0, 0, '', ''),
(4711, 'PRLHK220213118410117', 0, 23, '3118410117', 0, 0, 0, '', ''),
(4712, 'PRLHK220213118410117', 0, 24, '3118410117', 0, 0, 0, '', ''),
(4713, 'PRLHK220213118410117', 0, 25, '3118410117', 0, 0, 0, '', ''),
(4714, 'PRLHK220213118410117', 0, 26, '3118410117', 0, 0, 0, '', ''),
(4715, 'PRLHK220213118410117', 0, 27, '3118410117', 0, 0, 0, '', ''),
(4716, 'PRLHK220213118410117', 27, 0, '3118410117', 0, 0, 0, '', ''),
(4717, 'PRLHK220213118410117', 28, 0, '3118410117', 0, 0, 0, '', ''),
(4718, 'PRLHK220213118410117', 0, 29, '3118410117', 0, 0, 0, '', ''),
(4719, 'PRLHK220213118410117', 0, 30, '3118410117', 0, 0, 0, '', ''),
(4720, 'PRLHK121223118410117', 1, 0, '3118410117', 0, 0, 0, '', ''),
(4721, 'PRLHK121223118410117', 2, 0, '3118410117', 0, 0, 0, '', ''),
(4722, 'PRLHK121223118410117', 3, 0, '3118410117', 0, 0, 0, '', ''),
(4723, 'PRLHK121223118410117', 4, 0, '3118410117', 0, 0, 0, '', ''),
(4724, 'PRLHK121223118410117', 5, 0, '3118410117', 0, 0, 0, '', ''),
(4725, 'PRLHK121223118410117', 6, 0, '3118410117', 0, 0, 0, '', ''),
(4726, 'PRLHK121223118410117', 7, 0, '3118410117', 0, 0, 0, '', ''),
(4727, 'PRLHK121223118410117', 8, 0, '3118410117', 0, 0, 0, '', ''),
(4728, 'PRLHK121223118410117', 9, 0, '3118410117', 0, 0, 0, '', ''),
(4729, 'PRLHK121223118410117', 11, 0, '3118410117', 0, 0, 0, '', ''),
(4730, 'PRLHK121223118410117', 12, 0, '3118410117', 0, 0, 0, '', ''),
(4731, 'PRLHK121223118410117', 13, 0, '3118410117', 0, 0, 0, '', ''),
(4732, 'PRLHK121223118410117', 14, 0, '3118410117', 4, 4, 4, '', ''),
(4733, 'PRLHK121223118410117', 15, 0, '3118410117', 0, 0, 0, '', ''),
(4734, 'PRLHK121223118410117', 16, 0, '3118410117', 0, 0, 0, '', ''),
(4735, 'PRLHK121223118410117', 17, 0, '3118410117', 6, 6, 6, '', ''),
(4736, 'PRLHK121223118410117', 18, 0, '3118410117', 2, 2, 2, '', ''),
(4737, 'PRLHK121223118410117', 19, 0, '3118410117', 0, 0, 0, '', ''),
(4738, 'PRLHK121223118410117', 20, 0, '3118410117', 0, 0, 0, '', ''),
(4739, 'PRLHK121223118410117', 21, 0, '3118410117', 0, 0, 0, '', ''),
(4740, 'PRLHK121223118410117', 0, 7, '3118410117', 0, 0, 0, '', ''),
(4741, 'PRLHK121223118410117', 0, 8, '3118410117', 0, 0, 0, '', ''),
(4742, 'PRLHK121223118410117', 0, 9, '3118410117', 0, 0, 0, '', ''),
(4743, 'PRLHK121223118410117', 0, 10, '3118410117', 0, 0, 0, '', ''),
(4744, 'PRLHK121223118410117', 10, 0, '3118410117', 0, 0, 0, '', ''),
(4745, 'PRLHK121223118410117', 22, 0, '3118410117', 0, 0, 0, '', ''),
(4746, 'PRLHK121223118410117', 23, 0, '3118410117', 0, 0, 0, '', ''),
(4747, 'PRLHK121223118410117', 0, 12, '3118410117', 0, 0, 0, '', ''),
(4748, 'PRLHK121223118410117', 24, 0, '3118410117', 0, 0, 0, '', ''),
(4749, 'PRLHK121223118410117', 25, 0, '3118410117', 0, 0, 0, '', ''),
(4750, 'PRLHK121223118410117', 26, 0, '3118410117', 0, 0, 0, '', ''),
(4751, 'PRLHK121223118410117', 0, 14, '3118410117', 10, 10, 10, '', ''),
(4752, 'PRLHK121223118410117', 0, 15, '3118410117', 0, 0, 0, '', ''),
(4753, 'PRLHK121223118410117', 0, 16, '3118410117', 10, 10, 10, '', ''),
(4754, 'PRLHK121223118410117', 0, 17, '3118410117', 10, 10, 10, '', ''),
(4755, 'PRLHK121223118410117', 0, 18, '3118410117', 0, 0, 0, '', ''),
(4756, 'PRLHK121223118410117', 0, 19, '3118410117', 0, 0, 0, '', ''),
(4757, 'PRLHK121223118410117', 0, 20, '3118410117', 0, 0, 0, '', ''),
(4758, 'PRLHK121223118410117', 0, 21, '3118410117', 0, 0, 0, '', ''),
(4759, 'PRLHK121223118410117', 0, 22, '3118410117', 10, 10, 10, '', ''),
(4760, 'PRLHK121223118410117', 0, 23, '3118410117', 0, 0, 0, '', ''),
(4761, 'PRLHK121223118410117', 0, 24, '3118410117', 0, 0, 0, '', ''),
(4762, 'PRLHK121223118410117', 0, 25, '3118410117', 0, 0, 0, '', ''),
(4763, 'PRLHK121223118410117', 0, 26, '3118410117', 0, 0, 0, '', ''),
(4764, 'PRLHK121223118410117', 0, 27, '3118410117', 0, 0, 0, '', ''),
(4765, 'PRLHK121223118410117', 27, 0, '3118410117', 5, 5, 5, '', ''),
(4766, 'PRLHK121223118410117', 28, 0, '3118410117', 10, 10, 10, '', ''),
(4767, 'PRLHK121223118410117', 0, 29, '3118410117', 15, 15, 15, '', ''),
(4768, 'PRLHK121223118410117', 0, 30, '3118410117', 15, 15, 15, '', ''),
(4769, 'PRLHK122233118410117', 1, 0, '3118410117', 0, 0, 0, '', ''),
(4770, 'PRLHK122233118410117', 2, 0, '3118410117', 0, 0, 0, '', ''),
(4771, 'PRLHK122233118410117', 3, 0, '3118410117', 0, 0, 0, '', ''),
(4772, 'PRLHK122233118410117', 4, 0, '3118410117', 0, 0, 0, '', ''),
(4773, 'PRLHK122233118410117', 5, 0, '3118410117', 0, 0, 0, '', ''),
(4774, 'PRLHK122233118410117', 6, 0, '3118410117', 0, 0, 0, '', ''),
(4775, 'PRLHK122233118410117', 7, 0, '3118410117', 0, 0, 0, '', ''),
(4776, 'PRLHK122233118410117', 8, 0, '3118410117', 0, 0, 0, '', ''),
(4777, 'PRLHK122233118410117', 9, 0, '3118410117', 6, 6, 6, '', ''),
(4778, 'PRLHK122233118410117', 11, 0, '3118410117', 0, 0, 0, '', ''),
(4779, 'PRLHK122233118410117', 12, 0, '3118410117', 0, 0, 0, '', ''),
(4780, 'PRLHK122233118410117', 13, 0, '3118410117', 0, 0, 0, '', ''),
(4781, 'PRLHK122233118410117', 14, 0, '3118410117', 0, 0, 0, '', ''),
(4782, 'PRLHK122233118410117', 15, 0, '3118410117', 0, 0, 0, '', ''),
(4783, 'PRLHK122233118410117', 16, 0, '3118410117', 4, 4, 4, '', ''),
(4784, 'PRLHK122233118410117', 17, 0, '3118410117', 0, 0, 0, '', ''),
(4785, 'PRLHK122233118410117', 18, 0, '3118410117', 0, 0, 0, '', ''),
(4786, 'PRLHK122233118410117', 19, 0, '3118410117', 0, 0, 0, '', ''),
(4787, 'PRLHK122233118410117', 20, 0, '3118410117', 0, 0, 0, '', ''),
(4788, 'PRLHK122233118410117', 21, 0, '3118410117', 0, 0, 0, '', ''),
(4789, 'PRLHK122233118410117', 0, 7, '3118410117', 0, 0, 0, '', ''),
(4790, 'PRLHK122233118410117', 0, 8, '3118410117', 0, 0, 0, '', ''),
(4791, 'PRLHK122233118410117', 0, 9, '3118410117', 0, 0, 0, '', ''),
(4792, 'PRLHK122233118410117', 0, 10, '3118410117', 0, 0, 0, '', ''),
(4793, 'PRLHK122233118410117', 10, 0, '3118410117', 0, 0, 0, '', ''),
(4794, 'PRLHK122233118410117', 22, 0, '3118410117', 0, 0, 0, '', ''),
(4795, 'PRLHK122233118410117', 23, 0, '3118410117', 0, 0, 0, '', ''),
(4796, 'PRLHK122233118410117', 0, 12, '3118410117', 0, 0, 0, '', ''),
(4797, 'PRLHK122233118410117', 24, 0, '3118410117', 0, 0, 0, '', ''),
(4798, 'PRLHK122233118410117', 25, 0, '3118410117', 0, 0, 0, '', ''),
(4799, 'PRLHK122233118410117', 26, 0, '3118410117', 0, 0, 0, '', ''),
(4800, 'PRLHK122233118410117', 0, 14, '3118410117', 0, 0, 0, '', ''),
(4801, 'PRLHK122233118410117', 0, 15, '3118410117', 0, 0, 0, '', ''),
(4802, 'PRLHK122233118410117', 0, 16, '3118410117', 0, 0, 0, '', ''),
(4803, 'PRLHK122233118410117', 0, 17, '3118410117', 0, 0, 0, '', ''),
(4804, 'PRLHK122233118410117', 0, 18, '3118410117', 0, 0, 0, '', ''),
(4805, 'PRLHK122233118410117', 0, 19, '3118410117', 0, 0, 0, '', ''),
(4806, 'PRLHK122233118410117', 0, 20, '3118410117', 0, 0, 0, '', ''),
(4807, 'PRLHK122233118410117', 0, 21, '3118410117', 0, 0, 0, '', ''),
(4808, 'PRLHK122233118410117', 0, 22, '3118410117', 0, 0, 0, '', ''),
(4809, 'PRLHK122233118410117', 0, 23, '3118410117', 0, 0, 0, '', ''),
(4810, 'PRLHK122233118410117', 0, 24, '3118410117', 0, 0, 0, '', ''),
(4811, 'PRLHK122233118410117', 0, 25, '3118410117', 0, 0, 0, '', ''),
(4812, 'PRLHK122233118410117', 0, 26, '3118410117', 0, 0, 0, '', ''),
(4813, 'PRLHK122233118410117', 0, 27, '3118410117', 0, 0, 0, '', ''),
(4814, 'PRLHK122233118410117', 27, 0, '3118410117', 0, 0, 0, '', ''),
(4815, 'PRLHK122233118410117', 28, 0, '3118410117', 0, 0, 0, '', ''),
(4816, 'PRLHK122233118410117', 0, 29, '3118410117', 0, 0, 0, '', ''),
(4817, 'PRLHK122233118410117', 0, 30, '3118410117', 0, 0, 0, '', ''),
(4818, 'PRLHK221223118410117', 1, 0, '3118410117', 0, 0, 0, '', ''),
(4819, 'PRLHK221223118410117', 2, 0, '3118410117', 0, 0, 0, '', ''),
(4820, 'PRLHK221223118410117', 3, 0, '3118410117', 0, 0, 0, '', ''),
(4821, 'PRLHK221223118410117', 4, 0, '3118410117', 0, 0, 0, '', ''),
(4822, 'PRLHK221223118410117', 5, 0, '3118410117', 0, 0, 0, '', ''),
(4823, 'PRLHK221223118410117', 6, 0, '3118410117', 0, 0, 0, '', ''),
(4824, 'PRLHK221223118410117', 7, 0, '3118410117', 0, 0, 0, '', ''),
(4825, 'PRLHK221223118410117', 8, 0, '3118410117', 0, 0, 0, '', ''),
(4826, 'PRLHK221223118410117', 9, 0, '3118410117', 0, 0, 0, '', ''),
(4827, 'PRLHK221223118410117', 11, 0, '3118410117', 0, 0, 0, '', ''),
(4828, 'PRLHK221223118410117', 12, 0, '3118410117', 0, 0, 0, '', ''),
(4829, 'PRLHK221223118410117', 13, 0, '3118410117', 0, 0, 0, '', ''),
(4830, 'PRLHK221223118410117', 14, 0, '3118410117', 4, 4, 4, '', ''),
(4831, 'PRLHK221223118410117', 15, 0, '3118410117', 0, 0, 0, '', ''),
(4832, 'PRLHK221223118410117', 16, 0, '3118410117', 0, 0, 0, '', ''),
(4833, 'PRLHK221223118410117', 17, 0, '3118410117', 0, 0, 0, '', ''),
(4834, 'PRLHK221223118410117', 18, 0, '3118410117', 0, 0, 0, '', ''),
(4835, 'PRLHK221223118410117', 19, 0, '3118410117', 0, 0, 0, '', ''),
(4836, 'PRLHK221223118410117', 20, 0, '3118410117', 0, 0, 0, '', ''),
(4837, 'PRLHK221223118410117', 21, 0, '3118410117', 0, 0, 0, '', ''),
(4838, 'PRLHK221223118410117', 0, 7, '3118410117', 0, 0, 0, '', ''),
(4839, 'PRLHK221223118410117', 0, 8, '3118410117', 0, 0, 0, '', ''),
(4840, 'PRLHK221223118410117', 0, 9, '3118410117', 0, 0, 0, '', ''),
(4841, 'PRLHK221223118410117', 0, 10, '3118410117', 0, 0, 0, '', ''),
(4842, 'PRLHK221223118410117', 10, 0, '3118410117', 0, 0, 0, '', ''),
(4843, 'PRLHK221223118410117', 22, 0, '3118410117', 0, 0, 0, '', ''),
(4844, 'PRLHK221223118410117', 23, 0, '3118410117', 0, 0, 0, '', ''),
(4845, 'PRLHK221223118410117', 0, 12, '3118410117', 0, 0, 0, '', ''),
(4846, 'PRLHK221223118410117', 24, 0, '3118410117', 0, 0, 0, '', ''),
(4847, 'PRLHK221223118410117', 25, 0, '3118410117', 0, 0, 0, '', ''),
(4848, 'PRLHK221223118410117', 26, 0, '3118410117', 0, 0, 0, '', ''),
(4849, 'PRLHK221223118410117', 0, 14, '3118410117', 10, 10, 10, '', ''),
(4850, 'PRLHK221223118410117', 0, 15, '3118410117', 0, 0, 0, '', ''),
(4851, 'PRLHK221223118410117', 0, 16, '3118410117', 10, 10, 10, '', ''),
(4852, 'PRLHK221223118410117', 0, 17, '3118410117', 0, 0, 0, '', ''),
(4853, 'PRLHK221223118410117', 0, 18, '3118410117', 0, 0, 0, '', ''),
(4854, 'PRLHK221223118410117', 0, 19, '3118410117', 0, 0, 0, '', ''),
(4855, 'PRLHK221223118410117', 0, 20, '3118410117', 0, 0, 0, '', ''),
(4856, 'PRLHK221223118410117', 0, 21, '3118410117', 0, 0, 0, '', ''),
(4857, 'PRLHK221223118410117', 0, 22, '3118410117', 0, 0, 0, '', ''),
(4858, 'PRLHK221223118410117', 0, 23, '3118410117', 0, 0, 0, '', ''),
(4859, 'PRLHK221223118410117', 0, 24, '3118410117', 0, 0, 0, '', ''),
(4860, 'PRLHK221223118410117', 0, 25, '3118410117', 0, 0, 0, '', ''),
(4861, 'PRLHK221223118410117', 0, 26, '3118410117', 0, 0, 0, '', ''),
(4862, 'PRLHK221223118410117', 0, 27, '3118410117', 0, 0, 0, '', ''),
(4863, 'PRLHK221223118410117', 27, 0, '3118410117', 0, 0, 0, '', ''),
(4864, 'PRLHK221223118410117', 28, 0, '3118410117', 0, 0, 0, '', ''),
(4865, 'PRLHK221223118410117', 0, 29, '3118410117', 0, 0, 0, '', ''),
(4866, 'PRLHK221223118410117', 0, 30, '3118410117', 0, 0, 0, '', ''),
(4867, 'PRLHK120213118410179', 1, 0, '3118410179', 0, 0, 0, '', ''),
(4868, 'PRLHK120213118410179', 2, 0, '3118410179', 0, 0, 0, '', ''),
(4869, 'PRLHK120213118410179', 3, 0, '3118410179', 0, 0, 0, '', ''),
(4870, 'PRLHK120213118410179', 4, 0, '3118410179', 0, 0, 0, '', ''),
(4871, 'PRLHK120213118410179', 5, 0, '3118410179', 0, 0, 0, '', ''),
(4872, 'PRLHK120213118410179', 6, 0, '3118410179', 0, 0, 0, '', ''),
(4873, 'PRLHK120213118410179', 7, 0, '3118410179', 0, 0, 0, '', ''),
(4874, 'PRLHK120213118410179', 8, 0, '3118410179', 0, 0, 0, '', ''),
(4875, 'PRLHK120213118410179', 9, 0, '3118410179', 0, 0, 0, '', ''),
(4876, 'PRLHK120213118410179', 11, 0, '3118410179', 0, 0, 0, '', ''),
(4877, 'PRLHK120213118410179', 12, 0, '3118410179', 0, 0, 0, '', ''),
(4878, 'PRLHK120213118410179', 13, 0, '3118410179', 0, 0, 0, '', ''),
(4879, 'PRLHK120213118410179', 14, 0, '3118410179', 0, 0, 0, '', ''),
(4880, 'PRLHK120213118410179', 15, 0, '3118410179', 0, 0, 0, '', ''),
(4881, 'PRLHK120213118410179', 16, 0, '3118410179', 0, 0, 0, '', ''),
(4882, 'PRLHK120213118410179', 17, 0, '3118410179', 6, 6, 6, '', ''),
(4883, 'PRLHK120213118410179', 18, 0, '3118410179', 0, 0, 0, '', ''),
(4884, 'PRLHK120213118410179', 19, 0, '3118410179', 0, 0, 0, '', ''),
(4885, 'PRLHK120213118410179', 20, 0, '3118410179', 0, 0, 0, '', ''),
(4886, 'PRLHK120213118410179', 21, 0, '3118410179', 10, 10, 10, '', ''),
(4887, 'PRLHK120213118410179', 0, 7, '3118410179', 0, 0, 0, '', ''),
(4888, 'PRLHK120213118410179', 0, 8, '3118410179', 0, 0, 0, '', ''),
(4889, 'PRLHK120213118410179', 0, 9, '3118410179', 0, 0, 0, '', ''),
(4890, 'PRLHK120213118410179', 0, 10, '3118410179', 0, 0, 0, '', ''),
(4891, 'PRLHK120213118410179', 10, 0, '3118410179', 0, 0, 0, '', ''),
(4892, 'PRLHK120213118410179', 22, 0, '3118410179', 0, 0, 0, '', ''),
(4893, 'PRLHK120213118410179', 23, 0, '3118410179', 0, 0, 0, '', ''),
(4894, 'PRLHK120213118410179', 0, 12, '3118410179', 0, 0, 0, '', ''),
(4895, 'PRLHK120213118410179', 24, 0, '3118410179', 0, 0, 0, '', ''),
(4896, 'PRLHK120213118410179', 25, 0, '3118410179', 0, 0, 0, '', ''),
(4897, 'PRLHK120213118410179', 26, 0, '3118410179', 0, 0, 0, '', ''),
(4898, 'PRLHK120213118410179', 0, 14, '3118410179', 0, 0, 0, '', ''),
(4899, 'PRLHK120213118410179', 0, 15, '3118410179', 0, 0, 0, '', ''),
(4900, 'PRLHK120213118410179', 0, 16, '3118410179', 0, 0, 0, '', ''),
(4901, 'PRLHK120213118410179', 0, 17, '3118410179', 0, 0, 0, '', ''),
(4902, 'PRLHK120213118410179', 0, 18, '3118410179', 0, 0, 0, '', ''),
(4903, 'PRLHK120213118410179', 0, 19, '3118410179', 0, 0, 0, '', ''),
(4904, 'PRLHK120213118410179', 0, 20, '3118410179', 0, 0, 0, '', ''),
(4905, 'PRLHK120213118410179', 0, 21, '3118410179', 0, 0, 0, '', ''),
(4906, 'PRLHK120213118410179', 0, 22, '3118410179', 0, 0, 0, '', ''),
(4907, 'PRLHK120213118410179', 0, 23, '3118410179', 0, 0, 0, '', ''),
(4908, 'PRLHK120213118410179', 0, 24, '3118410179', 0, 0, 0, '', ''),
(4909, 'PRLHK120213118410179', 0, 25, '3118410179', 0, 0, 0, '', ''),
(4910, 'PRLHK120213118410179', 0, 26, '3118410179', 0, 0, 0, '', ''),
(4911, 'PRLHK120213118410179', 0, 27, '3118410179', 0, 0, 0, '', ''),
(4912, 'PRLHK120213118410179', 27, 0, '3118410179', 0, 0, 0, '', ''),
(4913, 'PRLHK120213118410179', 28, 0, '3118410179', 0, 0, 0, '', ''),
(4914, 'PRLHK120213118410179', 0, 29, '3118410179', 0, 0, 0, '', ''),
(4915, 'PRLHK120213118410179', 0, 30, '3118410179', 0, 0, 0, '', ''),
(4916, 'PRLHK220213118410179', 1, 0, '3118410179', 0, 0, 0, '', ''),
(4917, 'PRLHK220213118410179', 2, 0, '3118410179', 0, 0, 0, '', ''),
(4918, 'PRLHK220213118410179', 3, 0, '3118410179', 0, 0, 0, '', ''),
(4919, 'PRLHK220213118410179', 4, 0, '3118410179', 0, 0, 0, '', ''),
(4920, 'PRLHK220213118410179', 5, 0, '3118410179', 0, 0, 0, '', ''),
(4921, 'PRLHK220213118410179', 6, 0, '3118410179', 0, 0, 0, '', ''),
(4922, 'PRLHK220213118410179', 7, 0, '3118410179', 0, 0, 0, '', ''),
(4923, 'PRLHK220213118410179', 8, 0, '3118410179', 0, 0, 0, '', ''),
(4924, 'PRLHK220213118410179', 9, 0, '3118410179', 0, 0, 0, '', ''),
(4925, 'PRLHK220213118410179', 11, 0, '3118410179', 0, 0, 0, '', ''),
(4926, 'PRLHK220213118410179', 12, 0, '3118410179', 0, 0, 0, '', ''),
(4927, 'PRLHK220213118410179', 13, 0, '3118410179', 0, 0, 0, '', ''),
(4928, 'PRLHK220213118410179', 14, 0, '3118410179', 0, 0, 0, '', ''),
(4929, 'PRLHK220213118410179', 15, 0, '3118410179', 0, 0, 0, '', ''),
(4930, 'PRLHK220213118410179', 16, 0, '3118410179', 0, 0, 0, '', ''),
(4931, 'PRLHK220213118410179', 17, 0, '3118410179', 0, 0, 0, '', ''),
(4932, 'PRLHK220213118410179', 18, 0, '3118410179', 0, 0, 0, '', ''),
(4933, 'PRLHK220213118410179', 19, 0, '3118410179', 0, 0, 0, '', ''),
(4934, 'PRLHK220213118410179', 20, 0, '3118410179', 0, 0, 0, '', ''),
(4935, 'PRLHK220213118410179', 21, 0, '3118410179', 0, 0, 0, '', ''),
(4936, 'PRLHK220213118410179', 0, 7, '3118410179', 15, 15, 15, '', ''),
(4937, 'PRLHK220213118410179', 0, 8, '3118410179', 10, 10, 10, '', ''),
(4938, 'PRLHK220213118410179', 0, 9, '3118410179', 0, 0, 0, '', ''),
(4939, 'PRLHK220213118410179', 0, 10, '3118410179', 0, 0, 0, '', ''),
(4940, 'PRLHK220213118410179', 10, 0, '3118410179', 0, 0, 0, '', ''),
(4941, 'PRLHK220213118410179', 22, 0, '3118410179', 0, 0, 0, '', ''),
(4942, 'PRLHK220213118410179', 23, 0, '3118410179', 0, 0, 0, '', ''),
(4943, 'PRLHK220213118410179', 0, 12, '3118410179', 0, 0, 0, '', ''),
(4944, 'PRLHK220213118410179', 24, 0, '3118410179', 0, 0, 0, '', ''),
(4945, 'PRLHK220213118410179', 25, 0, '3118410179', 0, 0, 0, '', ''),
(4946, 'PRLHK220213118410179', 26, 0, '3118410179', 0, 0, 0, '', ''),
(4947, 'PRLHK220213118410179', 0, 14, '3118410179', 0, 0, 0, '', ''),
(4948, 'PRLHK220213118410179', 0, 15, '3118410179', 0, 0, 0, '', ''),
(4949, 'PRLHK220213118410179', 0, 16, '3118410179', 10, 10, 10, '', ''),
(4950, 'PRLHK220213118410179', 0, 17, '3118410179', 10, 10, 10, '', ''),
(4951, 'PRLHK220213118410179', 0, 18, '3118410179', 0, 0, 0, '', ''),
(4952, 'PRLHK220213118410179', 0, 19, '3118410179', 0, 0, 0, '', ''),
(4953, 'PRLHK220213118410179', 0, 20, '3118410179', 0, 0, 0, '', ''),
(4954, 'PRLHK220213118410179', 0, 21, '3118410179', 0, 0, 0, '', ''),
(4955, 'PRLHK220213118410179', 0, 22, '3118410179', 0, 0, 0, '', ''),
(4956, 'PRLHK220213118410179', 0, 23, '3118410179', 0, 0, 0, '', ''),
(4957, 'PRLHK220213118410179', 0, 24, '3118410179', 0, 0, 0, '', ''),
(4958, 'PRLHK220213118410179', 0, 25, '3118410179', 0, 0, 0, '', ''),
(4959, 'PRLHK220213118410179', 0, 26, '3118410179', 0, 0, 0, '', ''),
(4960, 'PRLHK220213118410179', 0, 27, '3118410179', 0, 0, 0, '', ''),
(4961, 'PRLHK220213118410179', 27, 0, '3118410179', 0, 0, 0, '', ''),
(4962, 'PRLHK220213118410179', 28, 0, '3118410179', 10, 10, 10, '', ''),
(4963, 'PRLHK220213118410179', 0, 29, '3118410179', 15, 15, 15, '', ''),
(4964, 'PRLHK220213118410179', 0, 30, '3118410179', 15, 15, 15, '', ''),
(4965, 'PRLHK121223118410179', 1, 0, '3118410179', 0, 0, 0, '', ''),
(4966, 'PRLHK121223118410179', 2, 0, '3118410179', 0, 0, 0, '', ''),
(4967, 'PRLHK121223118410179', 3, 0, '3118410179', 0, 0, 0, '', ''),
(4968, 'PRLHK121223118410179', 4, 0, '3118410179', 0, 0, 0, '', ''),
(4969, 'PRLHK121223118410179', 5, 0, '3118410179', 0, 0, 0, '', ''),
(4970, 'PRLHK121223118410179', 6, 0, '3118410179', 0, 0, 0, '', ''),
(4971, 'PRLHK121223118410179', 7, 0, '3118410179', 0, 0, 0, '', ''),
(4972, 'PRLHK121223118410179', 8, 0, '3118410179', 0, 0, 0, '', ''),
(4973, 'PRLHK121223118410179', 9, 0, '3118410179', 0, 0, 0, '', ''),
(4974, 'PRLHK121223118410179', 11, 0, '3118410179', 0, 0, 0, '', ''),
(4975, 'PRLHK121223118410179', 12, 0, '3118410179', 0, 0, 0, '', ''),
(4976, 'PRLHK121223118410179', 13, 0, '3118410179', 0, 0, 0, '', ''),
(4977, 'PRLHK121223118410179', 14, 0, '3118410179', 0, 0, 0, '', ''),
(4978, 'PRLHK121223118410179', 15, 0, '3118410179', 0, 0, 0, '', ''),
(4979, 'PRLHK121223118410179', 16, 0, '3118410179', 0, 0, 0, '', ''),
(4980, 'PRLHK121223118410179', 17, 0, '3118410179', 0, 0, 0, '', ''),
(4981, 'PRLHK121223118410179', 18, 0, '3118410179', 0, 0, 0, '', ''),
(4982, 'PRLHK121223118410179', 19, 0, '3118410179', 4, 4, 4, '', ''),
(4983, 'PRLHK121223118410179', 20, 0, '3118410179', 0, 0, 0, '', ''),
(4984, 'PRLHK121223118410179', 21, 0, '3118410179', 0, 0, 0, '', ''),
(4985, 'PRLHK121223118410179', 0, 7, '3118410179', 0, 0, 0, '', ''),
(4986, 'PRLHK121223118410179', 0, 8, '3118410179', 0, 0, 0, '', ''),
(4987, 'PRLHK121223118410179', 0, 9, '3118410179', 0, 0, 0, '', ''),
(4988, 'PRLHK121223118410179', 0, 10, '3118410179', 0, 0, 0, '', ''),
(4989, 'PRLHK121223118410179', 10, 0, '3118410179', 0, 0, 0, '', ''),
(4990, 'PRLHK121223118410179', 22, 0, '3118410179', 0, 0, 0, '', ''),
(4991, 'PRLHK121223118410179', 23, 0, '3118410179', 0, 0, 0, '', ''),
(4992, 'PRLHK121223118410179', 0, 12, '3118410179', 0, 0, 0, '', ''),
(4993, 'PRLHK121223118410179', 24, 0, '3118410179', 0, 0, 0, '', ''),
(4994, 'PRLHK121223118410179', 25, 0, '3118410179', 0, 0, 0, '', ''),
(4995, 'PRLHK121223118410179', 26, 0, '3118410179', 0, 0, 0, '', ''),
(4996, 'PRLHK121223118410179', 0, 14, '3118410179', 0, 0, 0, '', ''),
(4997, 'PRLHK121223118410179', 0, 15, '3118410179', 0, 0, 0, '', ''),
(4998, 'PRLHK121223118410179', 0, 16, '3118410179', 0, 0, 0, '', ''),
(4999, 'PRLHK121223118410179', 0, 17, '3118410179', 0, 0, 0, '', ''),
(5000, 'PRLHK121223118410179', 0, 18, '3118410179', 0, 0, 0, '', ''),
(5001, 'PRLHK121223118410179', 0, 19, '3118410179', 0, 0, 0, '', ''),
(5002, 'PRLHK121223118410179', 0, 20, '3118410179', 0, 0, 0, '', ''),
(5003, 'PRLHK121223118410179', 0, 21, '3118410179', 0, 0, 0, '', ''),
(5004, 'PRLHK121223118410179', 0, 22, '3118410179', 0, 0, 0, '', ''),
(5005, 'PRLHK121223118410179', 0, 23, '3118410179', 0, 0, 0, '', ''),
(5006, 'PRLHK121223118410179', 0, 24, '3118410179', 0, 0, 0, '', ''),
(5007, 'PRLHK121223118410179', 0, 25, '3118410179', 0, 0, 0, '', ''),
(5008, 'PRLHK121223118410179', 0, 26, '3118410179', 0, 0, 0, '', ''),
(5009, 'PRLHK121223118410179', 0, 27, '3118410179', 0, 0, 0, '', ''),
(5010, 'PRLHK121223118410179', 27, 0, '3118410179', 0, 0, 0, '', ''),
(5011, 'PRLHK121223118410179', 28, 0, '3118410179', 0, 0, 0, '', ''),
(5012, 'PRLHK121223118410179', 0, 29, '3118410179', 0, 0, 0, '', ''),
(5013, 'PRLHK121223118410179', 0, 30, '3118410179', 0, 0, 0, '', ''),
(5014, 'PRLHK221223118410179', 1, 0, '3118410179', 0, 0, 0, '', ''),
(5015, 'PRLHK221223118410179', 2, 0, '3118410179', 0, 0, 0, '', ''),
(5016, 'PRLHK221223118410179', 3, 0, '3118410179', 0, 0, 0, '', ''),
(5017, 'PRLHK221223118410179', 4, 0, '3118410179', 0, 0, 0, '', ''),
(5018, 'PRLHK221223118410179', 5, 0, '3118410179', 0, 0, 0, '', ''),
(5019, 'PRLHK221223118410179', 6, 0, '3118410179', 0, 0, 0, '', ''),
(5020, 'PRLHK221223118410179', 7, 0, '3118410179', 0, 0, 0, '', ''),
(5021, 'PRLHK221223118410179', 8, 0, '3118410179', 0, 0, 0, '', ''),
(5022, 'PRLHK221223118410179', 9, 0, '3118410179', 0, 0, 0, '', ''),
(5023, 'PRLHK221223118410179', 11, 0, '3118410179', 0, 0, 0, '', ''),
(5024, 'PRLHK221223118410179', 12, 0, '3118410179', 0, 0, 0, '', ''),
(5025, 'PRLHK221223118410179', 13, 0, '3118410179', 0, 0, 0, '', ''),
(5026, 'PRLHK221223118410179', 14, 0, '3118410179', 0, 0, 0, '', ''),
(5027, 'PRLHK221223118410179', 15, 0, '3118410179', 0, 0, 0, '', ''),
(5028, 'PRLHK221223118410179', 16, 0, '3118410179', 0, 0, 0, '', ''),
(5029, 'PRLHK221223118410179', 17, 0, '3118410179', 0, 0, 0, '', ''),
(5030, 'PRLHK221223118410179', 18, 0, '3118410179', 0, 0, 0, '', ''),
(5031, 'PRLHK221223118410179', 19, 0, '3118410179', 0, 0, 0, '', ''),
(5032, 'PRLHK221223118410179', 20, 0, '3118410179', 0, 0, 0, '', ''),
(5033, 'PRLHK221223118410179', 21, 0, '3118410179', 0, 0, 0, '', ''),
(5034, 'PRLHK221223118410179', 0, 7, '3118410179', 0, 0, 0, '', ''),
(5035, 'PRLHK221223118410179', 0, 8, '3118410179', 0, 0, 0, '', ''),
(5036, 'PRLHK221223118410179', 0, 9, '3118410179', 0, 0, 0, '', ''),
(5037, 'PRLHK221223118410179', 0, 10, '3118410179', 0, 0, 0, '', ''),
(5038, 'PRLHK221223118410179', 10, 0, '3118410179', 0, 0, 0, '', ''),
(5039, 'PRLHK221223118410179', 22, 0, '3118410179', 10, 10, 10, '', ''),
(5040, 'PRLHK221223118410179', 23, 0, '3118410179', 0, 0, 0, '', ''),
(5041, 'PRLHK221223118410179', 0, 12, '3118410179', 0, 0, 0, '', ''),
(5042, 'PRLHK221223118410179', 24, 0, '3118410179', 0, 0, 0, '', ''),
(5043, 'PRLHK221223118410179', 25, 0, '3118410179', 0, 0, 0, '', ''),
(5044, 'PRLHK221223118410179', 26, 0, '3118410179', 15, 15, 15, '', ''),
(5045, 'PRLHK221223118410179', 0, 14, '3118410179', 0, 0, 0, '', ''),
(5046, 'PRLHK221223118410179', 0, 15, '3118410179', 0, 0, 0, '', ''),
(5047, 'PRLHK221223118410179', 0, 16, '3118410179', 0, 0, 0, '', ''),
(5048, 'PRLHK221223118410179', 0, 17, '3118410179', 0, 0, 0, '', ''),
(5049, 'PRLHK221223118410179', 0, 18, '3118410179', 5, 5, 5, '', ''),
(5050, 'PRLHK221223118410179', 0, 19, '3118410179', 5, 5, 5, '', ''),
(5051, 'PRLHK221223118410179', 0, 20, '3118410179', 0, 0, 0, '', ''),
(5052, 'PRLHK221223118410179', 0, 21, '3118410179', 0, 0, 0, '', ''),
(5053, 'PRLHK221223118410179', 0, 22, '3118410179', 0, 0, 0, '', ''),
(5054, 'PRLHK221223118410179', 0, 23, '3118410179', 0, 0, 0, '', ''),
(5055, 'PRLHK221223118410179', 0, 24, '3118410179', 0, 0, 0, '', ''),
(5056, 'PRLHK221223118410179', 0, 25, '3118410179', 8, 8, 8, '', ''),
(5057, 'PRLHK221223118410179', 0, 26, '3118410179', 0, 0, 0, '', ''),
(5058, 'PRLHK221223118410179', 0, 27, '3118410179', 3, 3, 3, '', ''),
(5059, 'PRLHK221223118410179', 27, 0, '3118410179', 2, 2, 2, '', ''),
(5060, 'PRLHK221223118410179', 28, 0, '3118410179', 10, 10, 10, '', ''),
(5061, 'PRLHK221223118410179', 0, 29, '3118410179', 15, 15, 15, '', ''),
(5062, 'PRLHK221223118410179', 0, 30, '3118410179', 15, 15, 15, '', ''),
(5063, 'PRLHK122233118410179', 1, 0, '3118410179', 0, 0, 0, '', ''),
(5064, 'PRLHK122233118410179', 2, 0, '3118410179', 0, 0, 0, '', ''),
(5065, 'PRLHK122233118410179', 3, 0, '3118410179', 0, 0, 0, '', ''),
(5066, 'PRLHK122233118410179', 4, 0, '3118410179', 0, 0, 0, '', ''),
(5067, 'PRLHK122233118410179', 5, 0, '3118410179', 0, 0, 0, '', ''),
(5068, 'PRLHK122233118410179', 6, 0, '3118410179', 0, 0, 0, '', ''),
(5069, 'PRLHK122233118410179', 7, 0, '3118410179', 0, 0, 0, '', ''),
(5070, 'PRLHK122233118410179', 8, 0, '3118410179', 0, 0, 0, '', ''),
(5071, 'PRLHK122233118410179', 9, 0, '3118410179', 0, 0, 0, '', ''),
(5072, 'PRLHK122233118410179', 11, 0, '3118410179', 0, 0, 0, '', ''),
(5073, 'PRLHK122233118410179', 12, 0, '3118410179', 0, 0, 0, '', ''),
(5074, 'PRLHK122233118410179', 13, 0, '3118410179', 0, 0, 0, '', ''),
(5075, 'PRLHK122233118410179', 14, 0, '3118410179', 0, 0, 0, '', ''),
(5076, 'PRLHK122233118410179', 15, 0, '3118410179', 0, 0, 0, '', ''),
(5077, 'PRLHK122233118410179', 16, 0, '3118410179', 4, 4, 4, '', ''),
(5078, 'PRLHK122233118410179', 17, 0, '3118410179', 6, 6, 6, '', ''),
(5079, 'PRLHK122233118410179', 18, 0, '3118410179', 2, 2, 2, '', ''),
(5080, 'PRLHK122233118410179', 19, 0, '3118410179', 1, 1, 1, '', ''),
(5081, 'PRLHK122233118410179', 20, 0, '3118410179', 6, 6, 6, '', ''),
(5082, 'PRLHK122233118410179', 21, 0, '3118410179', 0, 0, 0, '', ''),
(5083, 'PRLHK122233118410179', 0, 7, '3118410179', 0, 0, 0, '', ''),
(5084, 'PRLHK122233118410179', 0, 8, '3118410179', 0, 0, 0, '', ''),
(5085, 'PRLHK122233118410179', 0, 9, '3118410179', 0, 0, 0, '', ''),
(5086, 'PRLHK122233118410179', 0, 10, '3118410179', 0, 0, 0, '', ''),
(5087, 'PRLHK122233118410179', 10, 0, '3118410179', 0, 0, 0, '', ''),
(5088, 'PRLHK122233118410179', 22, 0, '3118410179', 0, 0, 0, '', ''),
(5089, 'PRLHK122233118410179', 23, 0, '3118410179', 0, 0, 0, '', ''),
(5090, 'PRLHK122233118410179', 0, 12, '3118410179', 0, 0, 0, '', ''),
(5091, 'PRLHK122233118410179', 24, 0, '3118410179', 0, 0, 0, '', ''),
(5092, 'PRLHK122233118410179', 25, 0, '3118410179', 0, 0, 0, '', ''),
(5093, 'PRLHK122233118410179', 26, 0, '3118410179', 0, 0, 0, '', ''),
(5094, 'PRLHK122233118410179', 0, 14, '3118410179', 0, 0, 0, '', ''),
(5095, 'PRLHK122233118410179', 0, 15, '3118410179', 0, 0, 0, '', ''),
(5096, 'PRLHK122233118410179', 0, 16, '3118410179', 0, 0, 0, '', ''),
(5097, 'PRLHK122233118410179', 0, 17, '3118410179', 0, 0, 0, '', ''),
(5098, 'PRLHK122233118410179', 0, 18, '3118410179', 0, 0, 0, '', ''),
(5099, 'PRLHK122233118410179', 0, 19, '3118410179', 0, 0, 0, '', ''),
(5100, 'PRLHK122233118410179', 0, 20, '3118410179', 0, 0, 0, '', ''),
(5101, 'PRLHK122233118410179', 0, 21, '3118410179', 0, 0, 0, '', ''),
(5102, 'PRLHK122233118410179', 0, 22, '3118410179', 0, 0, 0, '', ''),
(5103, 'PRLHK122233118410179', 0, 23, '3118410179', 0, 0, 0, '', ''),
(5104, 'PRLHK122233118410179', 0, 24, '3118410179', 0, 0, 0, '', ''),
(5105, 'PRLHK122233118410179', 0, 25, '3118410179', 0, 0, 0, '', ''),
(5106, 'PRLHK122233118410179', 0, 26, '3118410179', 0, 0, 0, '', ''),
(5107, 'PRLHK122233118410179', 0, 27, '3118410179', 0, 0, 0, '', ''),
(5108, 'PRLHK122233118410179', 27, 0, '3118410179', 0, 0, 0, '', ''),
(5109, 'PRLHK122233118410179', 28, 0, '3118410179', 0, 0, 0, '', ''),
(5110, 'PRLHK122233118410179', 0, 29, '3118410179', 0, 0, 0, '', ''),
(5111, 'PRLHK122233118410179', 0, 30, '3118410179', 0, 0, 0, '', '');

-- --------------------------------------------------------

--
-- Table structure for table `chucnang`
--

CREATE TABLE `chucnang` (
  `maChucNang` int(11) NOT NULL,
  `tenChucNang` varchar(255) NOT NULL,
  `kichHoat` tinyint(1) NOT NULL DEFAULT 0,
  `moTa` text DEFAULT NULL
) ENGINE=InnoDB DEFAULT CHARSET=utf8mb4;

--
-- Dumping data for table `chucnang`
--

INSERT INTO `chucnang` (`maChucNang`, `tenChucNang`, `kichHoat`, `moTa`) VALUES
(1, 'Chm im rn luyn', 1, 'Chc nng chm im cho phiu rn luyn'),
(2, 'Khiu ni im rn luyn', 1, 'Chc nng khiu ni im rn luyn'),
(3, 'Nhp im trung bnh h 4', 1, 'Chc nng nhp im trung bnh h 4');

-- --------------------------------------------------------

--
-- Table structure for table `chucnang_hockydanhgia`
--

CREATE TABLE `chucnang_hockydanhgia` (
  `maChucNang` int(11) NOT NULL,
  `maHocKyDanhGia` varchar(11) NOT NULL,
  `ghiChu` text DEFAULT NULL
) ENGINE=InnoDB DEFAULT CHARSET=utf8mb4;

--
-- Dumping data for table `chucnang_hockydanhgia`
--

INSERT INTO `chucnang_hockydanhgia` (`maChucNang`, `maHocKyDanhGia`, `ghiChu`) VALUES
(1, 'HK12021', ''),
(1, 'HK12122', ''),
(1, 'HK12223', ''),
(1, 'HK22021', ''),
(1, 'HK22122', ''),
(2, 'HK12021', ''),
(2, 'HK12122', ''),
(2, 'HK12223', ''),
(2, 'HK22021', ''),
(2, 'HK22122', ''),
(3, 'HK12021', ''),
(3, 'HK12122', ''),
(3, 'HK22021', ''),
(3, 'HK22122', '');

-- --------------------------------------------------------

--
-- Table structure for table `chucnang_quyen`
--

CREATE TABLE `chucnang_quyen` (
  `maChucNang` int(11) NOT NULL,
  `maQuyen` varchar(255) NOT NULL,
  `ghiChu` text DEFAULT NULL
) ENGINE=InnoDB DEFAULT CHARSET=utf8mb4;

--
-- Dumping data for table `chucnang_quyen`
--

INSERT INTO `chucnang_quyen` (`maChucNang`, `maQuyen`, `ghiChu`) VALUES
(1, 'cvht', ''),
(1, 'khoa', ''),
(1, 'sinhvien', ''),
(2, 'sinhvien', ''),
(3, 'cvht', ''),
(3, 'sinhvien', '');

-- --------------------------------------------------------

--
-- Table structure for table `covanhoctap`
--

CREATE TABLE `covanhoctap` (
  `maCoVanHocTap` varchar(11) COLLATE utf8_unicode_ci NOT NULL,
  `hoTenCoVan` varchar(255) COLLATE utf8_unicode_ci NOT NULL,
  `soDienThoai` varchar(255) COLLATE utf8_unicode_ci NOT NULL,
  `matKhauTaiKhoanCoVan` varchar(255) COLLATE utf8_unicode_ci NOT NULL,
  `email` varchar(255) COLLATE utf8_unicode_ci DEFAULT NULL,
  `anhDaiDien` varchar(255) COLLATE utf8_unicode_ci DEFAULT NULL,
  `quyen` varchar(255) COLLATE utf8_unicode_ci NOT NULL DEFAULT 'cvht',
  `maKhoa` varchar(255) COLLATE utf8_unicode_ci DEFAULT NULL
) ENGINE=InnoDB DEFAULT CHARSET=utf8 COLLATE=utf8_unicode_ci;

--
-- Dumping data for table `covanhoctap`
--

INSERT INTO `covanhoctap` (`maCoVanHocTap`, `hoTenCoVan`, `soDienThoai`, `matKhauTaiKhoanCoVan`, `email`, `anhDaiDien`, `quyen`, `maKhoa`) VALUES
('10218', 'Hunh Minh Tr', '0914133451', '3e1fb9297735057d44263e674078a7fd', 'duckhai0623@gmail.com', NULL, 'cvht', 'DCT'),
('10219', 'Nguyn Nht ng', '0914133451', '1531beb762df4029513ebf9295e0d34f', 'avs4@gmail.com', NULL, 'cvht', 'DCT'),
('10227', 'Phng Thi Thin Trang', '0914133451', 'c0a0756dd0a93eb7c840fdeb3c65808e', NULL, NULL, 'cvht', 'DCT'),
('10228', 'L Minh Nht Triu', '0914133451', 'd6d0f445ef4338aba648d1a13936743c', NULL, NULL, 'cvht', 'DCT'),
('10409', 'Phm Hong Vng', '0914133451', 'f653d5976458f0dcce2b3939259acffa', NULL, NULL, 'cvht', 'DCT'),
('10600', 'Nguyn Quc Huy', '0914133451', '3bb585ea00014b0e3ebe4c6dd165a358', NULL, NULL, 'cvht', 'DCT'),
('10631', 'Phan Tn Quc', '0918171921', '7e8c3b36784c572ea4d560578eec954b', 'test@gmail.com', 'phantanquoc.jpg', 'cvht', 'DCT'),
('10797', 'Hunh Thng c', '0914133451', '01a416a7e28d0d2293e95ef842b9e773', NULL, NULL, 'cvht', 'DCT'),
('10930', 'Nguyn Thnh Huy', '0914133451', '069853553a93eb5096a7edfb603b4607', NULL, NULL, 'cvht', 'DCT'),
('10943', 'Nguyn Ha', '0914133451', 'ee76626ee11ada502d5dbf1fb5aae4d2', NULL, NULL, 'cvht', 'DCT'),
('10991', 'Nguyn Thanh Sang', '0914133451', '35d58f24d7a7701719c983a1ef1979b1', NULL, NULL, 'cvht', 'DCT'),
('11041', ' Ngc Nh Loan', '0914133451', 'e10559d57b97636f684ed48d171889e8', NULL, NULL, 'cvht', 'DCT'),
('11216', 'inh Th Thu Hng', '0914133451', 'f6e25176c96f7d7c8c7d74ff8babee5d', NULL, NULL, 'cvht', 'DCT'),
('11271', 'Nguyn Th Hng Anh', '0914133451', '15fa1fad1fc582dd65403f6f950b1e21', NULL, NULL, 'cvht', 'DCT'),
('11363', 'L Nh Lm Thy', '0914133451', 'e96c7de8f6390b1e6c71556e4e0a4959', NULL, NULL, 'cvht', 'DCT'),
('11364', 'Lng Minh Hun', '0914133451', '804fce744c17d9250210436d98709490', NULL, NULL, 'cvht', 'DCT'),
('11381', 'Phm Th Bo', '0914133451', '189e3f782cbb3f4cc1ae9702adca884e', NULL, NULL, 'cvht', 'DCT'),
('11383', 'Trnh Tn t', '0914133451', '2bfec16d7d15a063cda186788f08cdeb', NULL, NULL, 'cvht', 'DCT'),
('11384', 'Trng Tn Khoa', '0914133451', '881317e81cbf9521edf4df205a545eb8', NULL, NULL, 'cvht', 'DCT'),
('11426', 'Phm Thi Vng', '0914133451', '874f44f0fc7f98682c91ecbf990e5a2f', NULL, NULL, 'cvht', 'DCT'),
('11453', 'Nguyn Tun ng', '0914133451', '0ec96be397dd6d3cf2fecb4a2d627c1c', NULL, NULL, 'cvht', 'DCT'),
('11541', 'Phan Nguyt Minh', '0914133451', '28bbd522fee8ef2020ff5828be644942', NULL, NULL, 'cvht', 'DCT'),
('11544', 'H Thanh Dng', '0914133451', '049a632efba268d49b6a861759a4268a', NULL, NULL, 'cvht', 'DCT'),
('11556', 'Hunh Nguyn Khc Huy', '0914133451', 'c7b711619071c92bef604c7ad68380dd', NULL, NULL, 'cvht', 'DCT');

-- --------------------------------------------------------

--
-- Table structure for table `diemtrungbinhhe4`
--

CREATE TABLE `diemtrungbinhhe4` (
  `maDiemTrungBinh` varchar(255) NOT NULL,
  `diem` float NOT NULL,
  `maHocKyDanhGia` varchar(255) NOT NULL,
  `maSinhVien` varchar(11) NOT NULL
) ENGINE=InnoDB DEFAULT CHARSET=utf8mb4;

--
-- Dumping data for table `diemtrungbinhhe4`
--

INSERT INTO `diemtrungbinhhe4` (`maDiemTrungBinh`, `diem`, `maHocKyDanhGia`, `maSinhVien`) VALUES
('3118410029HK12122', 3.5, 'HK12122', '3118410029'),
('3118410029HK12223', 3, 'HK12223', '3118410029'),
('3118410029HK22122', 3.42, 'HK22122', '3118410029'),
('3118410044HK12122', 2, 'HK12122', '3118410044'),
('3118410044HK12223', 3, 'HK12223', '3118410044'),
('3118410044HK22122', 2.98, 'HK22122', '3118410044'),
('3118410071HK12021', 1, 'HK12021', '3118410071'),
('3118410071HK12122', 2.3, 'HK12122', '3118410071'),
('3118410071HK12223', 2, 'HK12223', '3118410071'),
('3118410071HK22021', 2, 'HK22021', '3118410071'),
('3118410071HK22122', 2.6, 'HK22122', '3118410071'),
('3118410087HK12021', 1, 'HK12021', '3118410087'),
('3118410087HK12122', 1, 'HK12122', '3118410087'),
('3118410087HK12223', 1, 'HK12223', '3118410087'),
('3118410087HK22021', 1, 'HK22021', '3118410087'),
('3118410087HK22122', 1, 'HK22122', '3118410087'),
('3118410103HK12021', 3.8, 'HK12021', '3118410103'),
('3118410103HK12122', 1, 'HK12122', '3118410103'),
('3118410103HK22021', 2, 'HK22021', '3118410103'),
('3118410103HK22122', 4, 'HK22122', '3118410103'),
('3118410117HK12021', 1, 'HK12021', '3118410117'),
('3118410117HK12122', 1.1, 'HK12122', '3118410117'),
('3118410117HK12223', 1, 'HK12223', '3118410117'),
('3118410117HK22021', 1, 'HK22021', '3118410117'),
('3118410117HK22122', 1, 'HK22122', '3118410117'),
('3118410179HK12021', 1.1, 'HK12021', '3118410179'),
('3118410179HK12122', 1, 'HK12122', '3118410179'),
('3118410179HK12223', 1, 'HK12223', '3118410179'),
('3118410179HK22021', 1, 'HK22021', '3118410179'),
('3118410179HK22122', 1, 'HK22122', '3118410179'),
('3118410198HK12122', 2.5, 'HK12122', '3118410198'),
('3118410198HK12223', 1.3, 'HK12223', '3118410198'),
('3119410262HK12122', 3.5, 'HK12122', '3119410262'),
('3119410262HK12223', 2.9, 'HK12223', '3119410262'),
('3119410262HK22122', 3.42, 'HK22122', '3119410262');

-- --------------------------------------------------------

--
-- Table structure for table `hoatdongdanhgia`
--

CREATE TABLE `hoatdongdanhgia` (
  `maHoatDong` varchar(11) COLLATE utf8_unicode_ci NOT NULL,
  `maTieuChi2` int(11) NOT NULL,
  `maTieuChi3` int(11) NOT NULL,
  `maKhoa` varchar(255) COLLATE utf8_unicode_ci NOT NULL,
  `tenHoatDong` varchar(255) COLLATE utf8_unicode_ci NOT NULL,
  `diemNhanDuoc` int(11) NOT NULL,
  `diaDiemDienRaHoatDong` varchar(255) COLLATE utf8_unicode_ci DEFAULT NULL,
  `maQRDiaDiem` varchar(255) COLLATE utf8_unicode_ci NOT NULL,
  `thoiGianBatDauHoatDong` datetime NOT NULL,
  `thoiGianKetThucHoatDong` datetime NOT NULL,
  `maHocKyDanhGia` varchar(255) COLLATE utf8_unicode_ci NOT NULL,
  `thoiGianBatDauDiemDanh` datetime NOT NULL
) ENGINE=InnoDB DEFAULT CHARSET=utf8 COLLATE=utf8_unicode_ci;

--
-- Dumping data for table `hoatdongdanhgia`
--

INSERT INTO `hoatdongdanhgia` (`maHoatDong`, `maTieuChi2`, `maTieuChi3`, `maKhoa`, `tenHoatDong`, `diemNhanDuoc`, `diaDiemDienRaHoatDong`, `maQRDiaDiem`, `thoiGianBatDauHoatDong`, `thoiGianKetThucHoatDong`, `maHocKyDanhGia`, `thoiGianBatDauDiemDanh`) VALUES
('HD1', 12, 0, 'DCT', 'Ch nht xanh 2022', 5, 'SGU', '6295e2d7778ea.png', '2022-05-31 16:41:00', '2022-06-24 16:43:00', 'HK22122', '2022-05-31 16:43:11'),
('HD10', 29, 0, 'DCT', 'Hot ng 1211111', 10, 'i Hc Si Gn, An Dng Vng, phng 3, Qun 5, Thnh ph H Ch Minh', '62a4134e40bf0.png', '2022-06-11 11:00:00', '2022-12-28 11:00:00', 'HK22122', '2022-12-27 11:49:50'),
('HD11', 17, 0, 'DCT', 'Hot ng thin nguyn C Chi', 5, 'Nh Vn Ha Thanh Nin Tp. HCM, Phm Ngc Thch, Bn Ngh, Qun 1, Thnh ph H Ch Minh', '62b460bf250fb.png', '2022-06-22 19:46:00', '2022-12-28 19:46:00', 'HK22122', '2022-12-27 11:48:53'),
('HD2', 29, 0, 'DCT', 'Hot ng 23', 5, 'KLF SGU', '6295e2f451707.png', '2022-05-30 16:42:00', '2022-06-02 16:42:00', 'HK22122', '2022-06-23 04:29:05'),
('HD3', 7, 0, 'DCT', 'Thch th i', 3, 'Qun 8', '62962d37668eb.png', '2022-05-31 21:58:00', '2022-06-01 21:58:00', 'HK22122', '2022-05-31 22:05:03'),
('HD4', 29, 0, 'DCT', 'Hot ng 12', 5, 'KLF SGU', '6296fd93be083.png', '2022-06-01 12:47:00', '2022-06-03 12:47:00', 'HK22122', '2022-06-01 12:48:48'),
('HD5', 29, 0, 'DCT', 'Hot ng alo', 5, 'KLF SGU', '629ac3893e068.png', '2022-06-04 09:29:00', '2022-06-06 09:29:00', 'HK22122', '2022-06-04 11:53:34'),
('HD6', 29, 0, 'DCT', 'Hot ng 12111', 3, '273 An Dng Vng, Phng 3, Qun 5, H Ch Minh', '629b05ecdcc87.png', '2022-06-04 14:12:00', '2022-06-24 14:12:00', 'HK22122', '2022-06-23 18:59:11'),
('HD7', 29, 0, 'DCT', 'Hot ng ABC', 5, 'i hc Si Gn - C s 2, ng Tn c Thng, Bn Ngh, Qun 1, Thnh ph H Ch Minh', '629b10bbc656e.png', '2022-06-04 14:58:00', '2022-06-24 14:58:00', 'HK22122', '2022-06-23 18:58:44'),
('HD8', 29, 0, 'DCT', 'Hot ng  ngha 1', 5, '273 An Dng Vng, Phng 3, Qun 5, H Ch Minh', '62a41210d0829.png', '2022-06-11 10:54:00', '2022-06-24 10:54:00', 'HK22122', '2022-06-23 17:39:20'),
('HD9', 18, 0, 'DCT', 'Hot ng thin nguyn ch nht 2', 5, '273 An Dng Vng, Phng 3, Qun 5, H Ch Minh', '62a4128a028a0.png', '2022-06-10 10:54:00', '2022-06-12 10:54:00', 'HK22122', '2022-06-11 10:57:02');

-- --------------------------------------------------------

--
-- Table structure for table `hockydanhgia`
--

CREATE TABLE `hockydanhgia` (
  `maHocKyDanhGia` varchar(11) COLLATE utf8_unicode_ci NOT NULL,
  `hocKyXet` int(11) NOT NULL,
  `namHocXet` varchar(255) COLLATE utf8_unicode_ci NOT NULL
) ENGINE=InnoDB DEFAULT CHARSET=utf8 COLLATE=utf8_unicode_ci;

--
-- Dumping data for table `hockydanhgia`
--

INSERT INTO `hockydanhgia` (`maHocKyDanhGia`, `hocKyXet`, `namHocXet`) VALUES
('HK12021', 1, '2020-2021'),
('HK12122', 1, '2021-2022'),
('HK12223', 1, '2022-2023'),
('HK22021', 2, '2020-2021'),
('HK22122', 2, '2021-2022');

-- --------------------------------------------------------

--
-- Table structure for table `khieunai`
--

CREATE TABLE `khieunai` (
  `maKhieuNai` int(11) NOT NULL,
  `maPhieuRenLuyen` varchar(255) NOT NULL,
  `lyDoKhieuNai` text NOT NULL,
  `minhChung` text DEFAULT NULL,
  `trangThai` tinyint(1) DEFAULT 0,
  `thoiGianKhieuNai` datetime NOT NULL,
  `loiNhan` text DEFAULT NULL,
  `lyDoTuChoi` text DEFAULT NULL
) ENGINE=InnoDB DEFAULT CHARSET=utf8mb4;

--
-- Dumping data for table `khieunai`
--

INSERT INTO `khieunai` (`maKhieuNai`, `maPhieuRenLuyen`, `lyDoKhieuNai`, `minhChung`, `trangThai`, `thoiGianKhieuNai`, `loiNhan`, `lyDoTuChoi`) VALUES
(7, 'PRLHK221223119410262', 'Sai im', '279855610_301387272189587_1563161153034469171_n.jpg|279875725_530242335383015_1741092598538941883_n.jpg|', -1, '2022-11-09 12:45:26', '', 'ko');

-- --------------------------------------------------------

--
-- Table structure for table `khoa`
--

CREATE TABLE `khoa` (
  `maKhoa` varchar(255) COLLATE utf8_unicode_ci NOT NULL,
  `tenKhoa` varchar(255) COLLATE utf8_unicode_ci NOT NULL,
  `taiKhoanKhoa` varchar(255) COLLATE utf8_unicode_ci NOT NULL,
  `matKhauKhoa` varchar(255) COLLATE utf8_unicode_ci NOT NULL,
  `quyen` varchar(255) COLLATE utf8_unicode_ci NOT NULL DEFAULT 'khoa'
) ENGINE=InnoDB DEFAULT CHARSET=utf8 COLLATE=utf8_unicode_ci;

--
-- Dumping data for table `khoa`
--

INSERT INTO `khoa` (`maKhoa`, `tenKhoa`, `taiKhoanKhoa`, `matKhauKhoa`, `quyen`) VALUES
('DCT', 'Cng ngh thng tin', 'cntt', '8e347e789002556f4b6043bbd2c0862f', 'khoa'),
('DLU', 'Lut', 'khoaluat', '5450805d532e1b4ae7202677bdb24de1', 'khoa');

-- --------------------------------------------------------

--
-- Table structure for table `khoahoc`
--

CREATE TABLE `khoahoc` (
  `maKhoaHoc` varchar(255) COLLATE utf8_unicode_ci NOT NULL,
  `namBatDau` year(4) NOT NULL,
  `namKetThuc` year(4) NOT NULL
) ENGINE=InnoDB DEFAULT CHARSET=utf8 COLLATE=utf8_unicode_ci;

--
-- Dumping data for table `khoahoc`
--

INSERT INTO `khoahoc` (`maKhoaHoc`, `namBatDau`, `namKetThuc`) VALUES
('K17', 2017, 2022),
('K18', 2018, 2023),
('K19', 2019, 2024),
('K20', 2020, 2025),
('K21', 2021, 2026);

-- --------------------------------------------------------

--
-- Table structure for table `lop`
--

CREATE TABLE `lop` (
  `maLop` varchar(255) COLLATE utf8_unicode_ci NOT NULL,
  `tenLop` varchar(255) COLLATE utf8_unicode_ci NOT NULL,
  `maKhoa` varchar(255) COLLATE utf8_unicode_ci NOT NULL,
  `maCoVanHocTap` varchar(255) COLLATE utf8_unicode_ci NOT NULL,
  `maKhoaHoc` varchar(255) COLLATE utf8_unicode_ci NOT NULL
) ENGINE=InnoDB DEFAULT CHARSET=utf8 COLLATE=utf8_unicode_ci;

--
-- Dumping data for table `lop`
--

INSERT INTO `lop` (`maLop`, `tenLop`, `maKhoa`, `maCoVanHocTap`, `maKhoaHoc`) VALUES
('DCT1171', 'i hc chnh quy - ngnh Cng ngh thng tin - Kha 2017 - Lp 1', 'DCT', '10943', 'K17'),
('DCT1172', 'i hc chnh quy - ngnh Cng ngh thng tin - Kha 2017 - Lp 2', 'DCT', '10631', 'K17'),
('DCT1173', 'i hc chnh quy - ngnh Cng ngh thng tin - Kha 2017 - Lp 3', 'DCT', '10228', 'K17'),
('DCT1174', 'i hc chnh quy - ngnh Cng ngh thng tin - Kha 2017 - Lp 4', 'DCT', '10219', 'K17'),
('DCT1175', 'i hc chnh quy - ngnh Cng ngh thng tin - Kha 2017 - Lp 5', 'DCT', '11216', 'K17'),
('DCT1176', 'i hc chnh quy - ngnh Cng ngh thng tin - Kha 2017 - Lp 6', 'DCT', '10797', 'K17'),
('DCT1177', 'i hc chnh quy - ngnh Cng ngh thng tin - Kha 2017 - Lp 7', 'DCT', '10991', 'K17'),
('DCT1181', 'i hc chnh quy - ngnh Cng ngh thng tin - K.18 - Lp 1', 'DCT', '10631', 'K18'),
('DCT1182', 'i hc chnh quy - ngnh Cng ngh thng tin - K.18 - Lp 2', 'DCT', '10631', 'K18'),
('DCT1183', 'i hc chnh quy - ngnh Cng ngh thng tin - K.18 - Lp 3', 'DCT', '10219', 'K18'),
('DCT1184', 'i hc chnh quy - ngnh Cng ngh thng tin - K.18 - Lp 4', 'DCT', '10219', 'K18'),
('DCT1185', 'i hc chnh quy - ngnh Cng ngh thng tin - K.18 - Lp 5', 'DCT', '10218', 'K18'),
('DCT1186', 'i hc chnh quy - ngnh Cng ngh thng tin - K.18 - Lp 6', 'DCT', '11363', 'K18'),
('DCT1187', 'i hc chnh quy - ngnh Cng ngh thng tin - K.18 - Lp 7', 'DCT', '11363', 'K18'),
('DCT1188', 'i hc chnh quy - ngnh Cng ngh thng tin - K.18 - Lp 8', 'DCT', '11364', 'K18'),
('DCT1189', 'i hc chnh quy - ngnh Cng ngh thng tin - K.18 - Lp 9', 'DCT', '11364', 'K18'),
('DCT1191', 'i hc chnh quy - ngnh Cng ngh thng tin - K.19 - Lp 1', 'DCT', '11453', 'K19'),
('DCT1192', 'i hc chnh quy - ngnh Cng ngh thng tin - K.19 - Lp 2', 'DCT', '11453', 'K19'),
('DCT1193', 'i hc chnh quy - ngnh Cng ngh thng tin - K.19 - Lp 3', 'DCT', '10228', 'K19'),
('DCT1194', 'i hc chnh quy - ngnh Cng ngh thng tin - K.19 - Lp 4', 'DCT', '10797', 'K19'),
('DCT1195', 'i hc chnh quy - ngnh Cng ngh thng tin - K.19 - Lp 5', 'DCT', '10991', 'K19'),
('DCT1196', 'i hc chnh quy - ngnh Cng ngh thng tin - K.19 - Lp 6', 'DCT', '10930', 'K19'),
('DCT1197', 'i hc chnh quy - ngnh Cng ngh thng tin - K.19 - Lp 7', 'DCT', '10930', 'K19'),
('DCT1198', 'i hc chnh quy - ngnh Cng ngh thng tin - K.19 - Lp 8', 'DCT', '11363', 'K19'),
('DCT1201', 'i hc chnh quy - ngnh Cng ngh thng tin - K.20 - Lp 1', 'DCT', '11381', 'K20'),
('DCT1202', 'i hc chnh quy - ngnh Cng ngh thng tin - K.20 - Lp 2', 'DCT', '11383', 'K20'),
('DCT1203', 'i hc chnh quy - ngnh Cng ngh thng tin - K.20 - Lp 3', 'DCT', '11041', 'K20'),
('DCT1204', 'i hc chnh quy - ngnh Cng ngh thng tin - K.20 - Lp 4', 'DCT', '11384', 'K20'),
('DCT1205', 'i hc chnh quy - ngnh Cng ngh thng tin - K.20 - Lp 5', 'DCT', '11384', 'K20'),
('DCT1206', 'i hc chnh quy - ngnh Cng ngh thng tin - K.20 - Lp 6', 'DCT', '10409', 'K20'),
('DCT1207', 'i hc chnh quy - ngnh Cng ngh thng tin - K.20 - Lp 7', 'DCT', '10409', 'K20'),
('DCT1208', 'i hc chnh quy - ngnh Cng ngh thng tin - K.20 - Lp 8', 'DCT', '11271', 'K20'),
('DCT1209', 'i hc chnh quy - ngnh Cng ngh thng tin - K.20 - Lp 9', 'DCT', '11271', 'K20'),
('DCT1211', 'H chnh quy - ngnh Cng ngh thng tin - K.21 - Lp 1', 'DCT', '11541', 'K21'),
('DCT1212', 'H chnh quy - ngnh Cng ngh thng tin - K.21 - Lp 2', 'DCT', '11541', 'K21'),
('DCT1213', 'H chnh quy - ngnh Cng ngh thng tin - K.21 - Lp 3', 'DCT', '11556', 'K21'),
('DCT1214', 'H chnh quy - ngnh Cng ngh thng tin - K.21 - Lp 4', 'DCT', '11556', 'K21'),
('DCT1215', 'H chnh quy - ngnh Cng ngh thng tin - K.21 - Lp 5', 'DCT', '11544', 'K21'),
('DCT1216', 'H chnh quy - ngnh Cng ngh thng tin - K.21 - Lp 6', 'DCT', '11544', 'K21'),
('DCT1217', 'H chnh quy - ngnh Cng ngh thng tin - K.21 - Lp 7', 'DCT', '11216', 'K21'),
('DCT1218', 'H chnh quy - ngnh Cng ngh thng tin - K.21 - Lp 8', 'DCT', '11383', 'K21'),
('DCT1219', 'H chnh quy - ngnh Cng ngh thng tin - K.21 - Lp 9', 'DCT', '10943', 'K21'),
('DKP1181', 'i hc chnh quy - ngnh K thut phn mm - K.18 - Lp 1', 'DCT', '10227', 'K18'),
('DKP1182', 'i hc chnh quy - ngnh K thut phn mm - K.18 - Lp 2', 'DCT', '10600', 'K18'),
('DKP1191', 'i hc chnh quy - ngnh K thut phn mm - K.19 - Lp 1', 'DCT', '11426', 'K19'),
('DKP1201', 'i hc chnh quy - ngnh K thut phn mm - K.20 - Lp 1', 'DCT', '10600', 'K20'),
('DKP1202', 'i hc chnh quy - ngnh K thut phn mm - K.20 - Lp 2', 'DCT', '11426', 'K20'),
('DKP1211', 'H chnh quy - ngnh K thut phn mm - K.21 - Lp 1', 'DCT', '10991', 'K21'),
('DKP1212', 'H chnh quy - ngnh K thut phn mm - K.21 - Lp 2', 'DCT', '10797', 'K21');

-- --------------------------------------------------------

--
-- Table structure for table `lopmonhapdiemhe4`
--

CREATE TABLE `lopmonhapdiemhe4` (
  `id` int(11) NOT NULL,
  `maLop` varchar(255) CHARACTER SET utf8 COLLATE utf8_unicode_ci NOT NULL,
  `maHocKyMo` varchar(11) CHARACTER SET utf8 COLLATE utf8_unicode_ci NOT NULL
) ENGINE=InnoDB DEFAULT CHARSET=utf8mb4;

-- --------------------------------------------------------

--
-- Table structure for table `phieurenluyen`
--

CREATE TABLE `phieurenluyen` (
  `maPhieuRenLuyen` varchar(255) COLLATE utf8_unicode_ci NOT NULL,
  `xepLoai` varchar(255) COLLATE utf8_unicode_ci DEFAULT NULL,
  `diemTongCong` int(11) DEFAULT NULL,
  `maSinhVien` varchar(255) COLLATE utf8_unicode_ci NOT NULL,
  `diemTrungBinhChungHKTruoc` double NOT NULL,
  `diemTrungBinhChungHKXet` double NOT NULL,
  `maHocKyDanhGia` varchar(11) COLLATE utf8_unicode_ci NOT NULL,
  `coVanDuyet` tinyint(1) DEFAULT NULL,
  `khoaDuyet` tinyint(1) DEFAULT NULL
) ENGINE=InnoDB DEFAULT CHARSET=utf8 COLLATE=utf8_unicode_ci;

--
-- Dumping data for table `phieurenluyen`
--

INSERT INTO `phieurenluyen` (`maPhieuRenLuyen`, `xepLoai`, `diemTongCong`, `maSinhVien`, `diemTrungBinhChungHKTruoc`, `diemTrungBinhChungHKXet`, `maHocKyDanhGia`, `coVanDuyet`, `khoaDuyet`) VALUES
('PRLHK120213118410071', 'Xut sc', 91, '3118410071', 0, 1, 'HK12021', 1, 1),
('PRLHK120213118410087', 'Km', 2, '3118410087', 0, 0, 'HK12021', 1, 1),
('PRLHK120213118410117', 'Km', 1, '3118410117', 0, 0, 'HK12021', 1, 1),
('PRLHK120213118410179', 'Km', 16, '3118410179', 0, 0, 'HK12021', 1, 1),
('PRLHK121223118410071', 'Yu', 35, '3118410071', 2, 2.3, 'HK12122', 1, 1),
('PRLHK121223118410087', 'Yu', 42, '3118410087', 0, 0, 'HK12122', 1, 1),
('PRLHK121223118410117', 'Kh', 77, '3118410117', 0, 0, 'HK12122', 1, 1),
('PRLHK121223118410179', 'Km', 4, '3118410179', 0, 0, 'HK12122', 1, 1),
('PRLHK122233118410071', 'Km', 6, '3118410071', 2.6, 2, 'HK12223', 1, 1),
('PRLHK122233118410087', 'Trung bnh', 64, '3118410087', 0, 0, 'HK12223', 1, 1),
('PRLHK122233118410117', 'Km', 10, '3118410117', 0, 0, 'HK12223', 1, 1),
('PRLHK122233118410179', 'Km', 19, '3118410179', 0, 0, 'HK12223', 1, 1),
('PRLHK122233119410262', 'Tt', 80, '3119410262', 3.42, 2.9, 'HK12223', 0, 0),
('PRLHK220213118410071', 'Km', 20, '3118410071', 1, 2, 'HK22021', 1, 1),
('PRLHK220213118410087', 'Tt', 81, '3118410087', 0, 0, 'HK22021', 1, 1),
('PRLHK220213118410117', 'Km', 17, '3118410117', 0, 0, 'HK22021', 1, 1),
('PRLHK220213118410179', 'Tt', 85, '3118410179', 0, 0, 'HK22021', 1, 1),
('PRLHK221223118410029', 'Kh', 69, '3118410029', 3.5, 3.42, 'HK22122', 1, 1),
('PRLHK221223118410044', 'Tt', 83, '3118410044', 2, 2.98, 'HK22122', 1, 1),
('PRLHK221223118410071', 'Yu', 43, '3118410071', 2.3, 2.6, 'HK22122', 1, 1),
('PRLHK221223118410087', 'Km', 25, '3118410087', 0, 0, 'HK22122', 1, 1),
('PRLHK221223118410117', 'Km', 24, '3118410117', 0, 0, 'HK22122', 1, 1),
('PRLHK221223118410179', 'Kh', 70, '3118410179', 0, 0, 'HK22122', 1, 1),
('PRLHK221223118410262', 'Kh', 73, '3118410262', 2.5, 3.2, 'HK22122', 0, 0),
('PRLHK221223119410262', 'Trung bnh', 54, '3119410262', 3.5, 3.42, 'HK22122', 1, 1);

-- --------------------------------------------------------

--
-- Table structure for table `phongcongtacsinhvien`
--

CREATE TABLE `phongcongtacsinhvien` (
  `taiKhoan` varchar(255) NOT NULL,
  `matKhau` varchar(255) NOT NULL,
  `hoTenNhanVien` varchar(255) NOT NULL,
  `email` varchar(255) NOT NULL,
  `sodienthoai` varchar(255) NOT NULL,
  `diaChi` varchar(255) NOT NULL,
  `quyen` varchar(255) NOT NULL DEFAULT 'ctsv',
  `kichHoat` tinyint(1) NOT NULL DEFAULT 1
) ENGINE=InnoDB DEFAULT CHARSET=utf8mb4;

--
-- Dumping data for table `phongcongtacsinhvien`
--

INSERT INTO `phongcongtacsinhvien` (`taiKhoan`, `matKhau`, `hoTenNhanVien`, `email`, `sodienthoai`, `diaChi`, `quyen`, `kichHoat`) VALUES
('ctsv1', '0bf27758133599500db277a95366941b', 'Nhn vin CTSV 1', 'ctsv1@edu.vn', '0562346233', '87 Nguyn Vn C, TP HCM', 'ctsv', 1);

-- --------------------------------------------------------

--
-- Table structure for table `quyen`
--

CREATE TABLE `quyen` (
  `maQuyen` varchar(255) NOT NULL,
  `tenQuyen` varchar(255) NOT NULL
) ENGINE=InnoDB DEFAULT CHARSET=utf8mb4;

--
-- Dumping data for table `quyen`
--

INSERT INTO `quyen` (`maQuyen`, `tenQuyen`) VALUES
('admin', 'Admin'),
('ctsv', 'Cng tc sinh vin'),
('cvht', 'C vn hc tp'),
('khoa', 'Khoa'),
('lop', 'Lop'),
('sinhvien', 'Sinh vin'),
('superadmin', 'Super Admin');

-- --------------------------------------------------------

--
-- Table structure for table `sinhvien`
--

CREATE TABLE `sinhvien` (
  `maSinhVien` varchar(11) COLLATE utf8_unicode_ci NOT NULL,
  `hoTenSinhVien` varchar(255) COLLATE utf8_unicode_ci NOT NULL,
  `ngaySinh` date NOT NULL,
  `he` varchar(255) COLLATE utf8_unicode_ci NOT NULL,
  `matKhauSinhVien` varchar(255) COLLATE utf8_unicode_ci NOT NULL,
  `email` varchar(255) COLLATE utf8_unicode_ci DEFAULT NULL,
  `sdt` varchar(255) COLLATE utf8_unicode_ci DEFAULT NULL,
  `anhDaiDien` varchar(255) COLLATE utf8_unicode_ci DEFAULT NULL,
  `totNghiep` tinyint(1) NOT NULL DEFAULT 0,
  `maLop` varchar(255) COLLATE utf8_unicode_ci NOT NULL,
  `quyen` varchar(255) COLLATE utf8_unicode_ci NOT NULL DEFAULT 'sinhvien'
) ENGINE=InnoDB DEFAULT CHARSET=utf8 COLLATE=utf8_unicode_ci;

--
-- Dumping data for table `sinhvien`
--

INSERT INTO `sinhvien` (`maSinhVien`, `hoTenSinhVien`, `ngaySinh`, `he`, `matKhauSinhVien`, `email`, `sdt`, `anhDaiDien`, `totNghiep`, `maLop`, `quyen`) VALUES
('3117410001', 'HNG MINH AN', '1999-07-19', 'i hc', 'e6915656a5c119fec50c54485890006a', 'minhan99@gmail.com', '0906521457', NULL, 0, 'DCT1172', 'sinhvien'),
('3117410002', 'L BO THI AN ', '1999-12-11', 'i hc', '19494f11d49c7e22716e3259f4559279', NULL, NULL, NULL, 0, 'DCT1177', 'sinhvien'),
('3117410003', 'TRN TH THY AN', '1999-07-11', 'i hc', '000fbaadaf0d0f06bb4c764590e76317', 'thuyan02@gmail.com', '0908521052', NULL, 0, 'DCT1172', 'sinhvien'),
('3117410009', 'TRN C ANH ', '1999-03-03', 'i hc', '0aa4a31517689a0fd9b99bda2950cf01', NULL, NULL, NULL, 0, 'DCT1176', 'sinhvien'),
('3117410011', 'NGUYN HIU BAO', '1999-07-24', 'i hc', '5bccadcb35d50d5c8999cd3709079768', NULL, NULL, NULL, 0, 'DCT1177', 'sinhvien'),
('3117410012', 'HUNH B BO ', '1999-10-12', 'i hc', '54afdc7a8501b49a2b95ca48eee5fa0f', NULL, NULL, NULL, 0, 'DCT1171', 'sinhvien'),
('3117410014', 'TRN QUC BO ', '1999-12-10', 'i hc', 'ef2662b8a6347217237fff9c54d52593', NULL, NULL, NULL, 0, 'DCT1172', 'sinhvien'),
('3117410015', 'CAO HOI BO ', '1999-04-25', 'i hc', 'a978149f88fa0e8dfaf73dfdc164d228', NULL, NULL, NULL, 0, 'DCT1177', 'sinhvien'),
('3117410016', 'V TRNG BC ', '1999-08-25', 'i hc', 'e10adc3949ba59abbe56e057f20f883e', NULL, NULL, NULL, 0, 'DCT1173', 'sinhvien'),
('3117410017', 'BI TH BCH ', '1999-01-26', 'i hc', '567044223fe1967ee4f7e806f1f92b7b', NULL, NULL, NULL, 0, 'DCT1174', 'sinhvien'),
('3117410018', 'O CNG BNH ', '1999-06-06', 'i hc', '0a55d37f08d922e68af186db57eaeb1d', NULL, NULL, NULL, 0, 'DCT1175', 'sinhvien'),
('3117410019', 'NGUYN DUY BNH ', '1999-05-03', 'i hc', 'bfe0e2b27ed830f87b6a194d1f4c1ac5', NULL, NULL, NULL, 0, 'DCT1176', 'sinhvien'),
('3117410022', 'PHAN T THI BNH ', '1999-11-13', 'i hc', 'b7ed284a21c8ccb78280d446ee92de8c', NULL, NULL, NULL, 0, 'DCT1172', 'sinhvien'),
('3117410023', 'NGUYN NGC BO CHU ', '1999-05-23', 'i hc', '97021fbaacb07b7c3457c4037fa88f32', NULL, NULL, NULL, 0, 'DCT1173', 'sinhvien'),
('3117410024', 'NGUYN TH BNG CHU ', '1999-07-19', 'i hc', '4c40fa2146d28e3c5fab0a6a53414f80', NULL, NULL, NULL, 0, 'DCT1174', 'sinhvien'),
('3117410025', 'HUNH MINH CHIN ', '1999-10-17', 'i hc', 'f55853a2fab8195a4ed4a48fae9367fe', NULL, NULL, NULL, 0, 'DCT1175', 'sinhvien'),
('3117410026', 'H MINH CHNH ', '1999-10-29', 'i hc', '0ce7b30b8b6af9f3d253eec349b76469', NULL, NULL, NULL, 0, 'DCT1176', 'sinhvien'),
('3117410027', 'L MINH CNG ', '1999-08-29', 'i hc', '8d904b04b6441113854c36fc92669776', NULL, NULL, NULL, 0, 'DCT1177', 'sinhvien'),
('3117410028', 'TRN THANH DANH ', '1999-07-08', 'i hc', '29e49b833514d05dd3b2210c6adb5347', NULL, NULL, NULL, 0, 'DCT1177', 'sinhvien'),
('3117410029', 'HN THI DIM ', '1999-09-13', 'i hc', 'e6adc33cc75500be9cb8cb9d946188cf', NULL, NULL, NULL, 0, 'DCT1171', 'sinhvien'),
('3117410030', 'CAO PHNG DUNG ', '1999-11-23', 'i hc', '4ead3ba450bd7fd9afa01960aaa1a4fb', NULL, NULL, NULL, 0, 'DCT1172', 'sinhvien'),
('3117410033', 'PHAN TH PHNG DUNG ', '1999-06-11', 'i hc', 'c03344af9a8a7d8b39bf6cf2a7b5e2c9', NULL, NULL, NULL, 0, 'DCT1174', 'sinhvien'),
('3117410035', 'L MINH DNG ', '1999-03-10', 'i hc', '7436912c31e041c26302841114e8e723', NULL, NULL, NULL, 0, 'DCT1176', 'sinhvien'),
('3117410039', 'V L DUY ', '1999-06-30', 'i hc', 'c8e86be97841efc26c1d2067455a7893', NULL, NULL, NULL, 0, 'DCT1173', 'sinhvien'),
('3117410040', 'DIN HOI DNG ', '1999-04-24', 'i hc', '37e7aa6b8590a106d99e015b832915da', NULL, NULL, NULL, 0, 'DCT1174', 'sinhvien'),
('3117410042', ' TNG I ', '1999-02-25', 'i hc', '9f03eb39e6c108c8dd5cf7838662af84', NULL, NULL, NULL, 0, 'DCT1176', 'sinhvien'),
('3117410043', 'H TRIU T ', '1999-06-03', 'i hc', 'b8a070454deb573256147adf76fca9f0', NULL, NULL, NULL, 0, 'DCT1177', 'sinhvien'),
('3117410044', 'HUNH TUN T ', '1999-05-05', 'i hc', '3ad31ea40a6ef351c6adf34192d12c24', NULL, NULL, NULL, 0, 'DCT1171', 'sinhvien'),
('3117410045', 'L THNH T ', '1999-06-21', 'i hc', '2a4065cc2b98943015f5f5574f9e14f2', NULL, NULL, NULL, 0, 'DCT1172', 'sinhvien'),
('3117410046', 'NGUYN PH T ', '1999-11-08', 'i hc', 'd4f31acdd358b81b814bd6b19ecb1e49', NULL, NULL, NULL, 0, 'DCT1173', 'sinhvien'),
('3117410048', 'PHM TIN T ', '1999-05-09', 'i hc', '1c6b2874c3c69299d89acd12fe80323c', NULL, NULL, NULL, 0, 'DCT1175', 'sinhvien'),
('3117410049', 'H HI NG ', '1999-05-15', 'i hc', '537b59a5c3041b2c464214067ea3cf0c', NULL, NULL, NULL, 0, 'DCT1176', 'sinhvien'),
('3117410050', 'NGUYN KHOA NG ', '1999-08-10', 'i hc', 'd0f30ac73469bafff1eec7a4048b9aed', NULL, NULL, NULL, 0, 'DCT1177', 'sinhvien'),
('3117410052', 'NGUYN HU C ', '1999-04-10', 'i hc', '457de0ca0405a09d6ed410fc88bb6223', NULL, NULL, NULL, 0, 'DCT1171', 'sinhvien'),
('3117410053', 'PHM MINH C ', '1999-11-09', 'i hc', 'e60d57b82dc06322a7deed5481d3df20', NULL, NULL, NULL, 0, 'DCT1172', 'sinhvien'),
('3117410055', 'L B C ', '1999-05-01', 'i hc', '74d805beacfe49da099530ba92a32294', NULL, NULL, NULL, 0, 'DCT1174', 'sinhvien'),
('3117410056', 'LNG HU GIANG ', '1998-05-16', 'i hc', '42e2683b779d16e720bbb0f5112b08ab', NULL, NULL, NULL, 0, 'DCT1175', 'sinhvien'),
('3117410057', 'TRN THANH GIANG ', '1999-10-08', 'i hc', '376fc77beb80af80bcf9f48da8137aa4', NULL, NULL, NULL, 0, 'DCT1176', 'sinhvien'),
('3117410060', 'L VN HI ', '1999-04-01', 'i hc', '997cb39bf5b53ee5cb9cb16f271f21b3', NULL, NULL, NULL, 0, 'DCT1171', 'sinhvien'),
('3117410063', 'TRN VIT THANH HI ', '1999-03-23', 'i hc', '8323092ee184c9248a1760c75f4c8dec', NULL, NULL, NULL, 0, 'DCT1174', 'sinhvien'),
('3117410065', 'M TH HO ', '1999-11-19', 'i hc', '5b2ffabe9ae023a300c39bef3d63f455', NULL, NULL, NULL, 0, 'DCT1175', 'sinhvien'),
('3117410068', 'MC V HO ', '1999-02-20', 'i hc', '8598eb5456a1277189d9cb7bb18ef359', NULL, NULL, NULL, 0, 'DCT1177', 'sinhvien'),
('3117410070', 'NINH NGC ', '1999-06-18', 'i hc', '3fcbe1debf66af48d5bb71aa042a358d', NULL, NULL, NULL, 0, 'DCT1171', 'sinhvien'),
('3117410071', 'DNG V HIN ', '1999-04-20', 'i hc', 'b5d49fe855e805c97e92aa395680a55c', NULL, NULL, NULL, 0, 'DCT1172', 'sinhvien'),
('3117410073', 'PHM MINH HIN ', '1999-03-27', 'i hc', 'f8c0369ae6e21ddf12adaa18754d1eb4', NULL, NULL, NULL, 0, 'DCT1174', 'sinhvien'),
('3117410074', 'HONG HIP ', '1999-04-06', 'i hc', 'a30196fde1c5afae88f4ba5975c707ad', NULL, NULL, NULL, 0, 'DCT1175', 'sinhvien'),
('3117410075', ' TRUNG HIU ', '1999-07-26', 'i hc', 'ec1c43a2b08b14f8f2ed45b3edfaca16', NULL, NULL, NULL, 0, 'DCT1176', 'sinhvien'),
('3117410077', 'NGUYN C HIU ', '1999-07-28', 'i hc', '63c87af5c049ebd1cc5f299f84d65c91', NULL, NULL, NULL, 0, 'DCT1171', 'sinhvien'),
('3117410078', 'T CH HIU ', '1999-03-15', 'i hc', '79c3ff2304f52473c7008c72e1b3a33e', NULL, NULL, NULL, 0, 'DCT1177', 'sinhvien'),
('3117410079', 'TRN MINH HIU ', '1999-08-22', 'i hc', '14ebdd3effa46bb973c0b3f2dd6cc51b', NULL, NULL, NULL, 0, 'DCT1172', 'sinhvien'),
('3117410080', 'TRNH C HIU ', '1999-11-12', 'i hc', '67c47002b311f9bbb9544dbf424b4fc4', NULL, NULL, NULL, 0, 'DCT1173', 'sinhvien'),
('3117410081', 'TRNG MINH HIU ', '1999-09-08', 'i hc', '45c015f68ae0cea088a28882eaa2108e', NULL, NULL, NULL, 0, 'DCT1174', 'sinhvien'),
('3117410082', 'L KIU HOA ', '1999-12-12', 'i hc', 'ee18fd55a8a977a3316fc0f572275783', NULL, NULL, NULL, 0, 'DCT1175', 'sinhvien'),
('3117410083', 'NGUYN TH HI HA ', '1999-09-30', 'i hc', 'd10cfb0673416e7bbe4fd147744cfcc8', NULL, NULL, NULL, 0, 'DCT1176', 'sinhvien'),
('3117410086', ' XUN HON ', '1999-09-18', 'i hc', 'caa6617a01abb9225d30c3b89e1bdbda', NULL, NULL, NULL, 0, 'DCT1177', 'sinhvien'),
('3117410087', 'L VIT HONG ', '1999-03-05', 'i hc', '845754a4394773201e476c9f442a8dcb', NULL, NULL, NULL, 0, 'DCT1171', 'sinhvien'),
('3117410089', 'NGUYN VN HONG ', '1999-10-09', 'i hc', 'a2f929a59f5b56b77f112f24bed45f44', NULL, NULL, NULL, 0, 'DCT1173', 'sinhvien'),
('3117410092', 'NGUYN PHI HNG ', '1999-01-23', 'i hc', '3bf055e79b46b0836af5cd7e85bca3a3', NULL, NULL, NULL, 0, 'DCT1176', 'sinhvien'),
('3117410093', 'TRN VN HNG ', '1999-10-25', 'i hc', '1790d8e2d6a3fff4f8dbdf5c19f27920', NULL, NULL, NULL, 0, 'DCT1177', 'sinhvien'),
('3117410095', ' PHT SN HUY ', '1999-03-25', 'i hc', '36b8961c96fbdee18dd5b6497cb01080', NULL, NULL, NULL, 0, 'DCT1172', 'sinhvien'),
('3117410096', 'H VN HUY ', '1998-01-01', 'i hc', '36c098207f665102b75f6f54f6df355d', NULL, NULL, NULL, 0, 'DCT1173', 'sinhvien'),
('3117410097', 'HA HONG HUY ', '1999-04-30', 'i hc', '3c5aafeff16ee47cf5ec7c8dbb45ca0f', NULL, NULL, NULL, 0, 'DCT1174', 'sinhvien'),
('3117410098', 'L  QUANG HUY ', '1999-10-16', 'i hc', '3315e61705b4d1cf71c1422d4ae21ca4', NULL, NULL, NULL, 0, 'DCT1175', 'sinhvien'),
('3117410099', 'NGUYN L KHNH HUY ', '1999-12-22', 'i hc', 'edb400ea18a4ce189c4c8c2c5963564f', NULL, NULL, NULL, 0, 'DCT1176', 'sinhvien'),
('3117410100', 'NGUYN TN HUY ', '1999-10-02', 'i hc', 'f5dd9b7367408f2d59aa30839cf57b8a', NULL, NULL, NULL, 0, 'DCT1177', 'sinhvien'),
('3117410102', 'PHM NGUYN MINH HUY ', '1999-12-25', 'i hc', 'd7f3d5a84c2198a5275a274c18c501f5', NULL, NULL, NULL, 0, 'DCT1172', 'sinhvien'),
('3117410103', 'V HONG HUY ', '1999-12-11', 'i hc', 'a39ca5987e940ad8c1834f223238093f', NULL, NULL, NULL, 0, 'DCT1173', 'sinhvien'),
('3117410107', 'NGUYN DIU HNG ', '1999-08-10', 'i hc', 'ad70ee0ee94b72c7516f86597a469a0f', NULL, NULL, NULL, 0, 'DCT1176', 'sinhvien'),
('3117410109', 'NGUYN TH YN HNG ', '1998-04-21', 'i hc', 'fad416dbd7b394cb916025e7eb8199f2', NULL, NULL, NULL, 0, 'DCT1171', 'sinhvien'),
('3117410110', 'NGUYN THIN HU ', '1999-04-18', 'i hc', 'd31cf55da0024085394d79f77fce01fc', NULL, NULL, NULL, 0, 'DCT1172', 'sinhvien'),
('3117410111', 'LU TNG IN ', '1999-06-10', 'i hc', 'b90a1de03ae9db30402382a55e8bd1ca', NULL, NULL, NULL, 0, 'DCT1173', 'sinhvien'),
('3117410112', 'PHAN HU KHA ', '1999-11-13', 'i hc', 'eb4494ec7e0bc8d3b9fb97579a5dbc96', NULL, NULL, NULL, 0, 'DCT1174', 'sinhvien'),
('3117410116', 'THCH TH KHANH ', '1999-01-01', 'i hc', '2c158084a25cf18bdc588659f065393e', NULL, NULL, NULL, 0, 'DCT1177', 'sinhvien'),
('3117410120', 'NGUYN HU KHIM ', '1999-01-08', 'i hc', '682df2f0fe4b3bf28b8be00da70d5c7f', NULL, NULL, NULL, 0, 'DCT1173', 'sinhvien'),
('3117410121', 'NGUYN ANH KHOA ', '1999-11-03', 'i hc', '936e08bf29cefd831d1ff2b1d11d909e', NULL, NULL, NULL, 0, 'DCT1174', 'sinhvien'),
('3117410122', 'PHM NH KHOA ', '1999-07-24', 'i hc', 'f0f331e40c5716110ca19949986cedf6', NULL, NULL, NULL, 0, 'DCT1175', 'sinhvien'),
('3117410123', 'PHM L NG KHOA ', '1999-08-02', 'i hc', '0820099ba7b6effc43b8d8c1d575462b', NULL, NULL, NULL, 0, 'DCT1181', 'sinhvien'),
('3117410124', 'TRN A KHOA ', '1999-10-20', 'i hc', 'cf23e5b7e441094b0d6eb170904c2135', NULL, NULL, NULL, 0, 'DCT1177', 'sinhvien'),
('3117410126', 'NGUYN NH KHNG ', '1999-11-10', 'i hc', '668160553e9fd82e343ced6ba1859183', NULL, NULL, NULL, 0, 'DCT1172', 'sinhvien'),
('3117410128', 'DNG HONG LN ', '1999-08-21', 'i hc', '38251cd3daf1f1279886759627908bdb', NULL, NULL, NULL, 0, 'DCT1173', 'sinhvien'),
('3117410129', 'NG VN LINH ', '1999-02-04', 'i hc', 'a2e5ad17a69e73dff36ae13f0514e8f3', NULL, NULL, NULL, 0, 'DCT1174', 'sinhvien'),
('3117410130', 'LNG T LINH ', '1999-07-20', 'i hc', '75a41834df0297fafa98d18b2944c18f', NULL, NULL, NULL, 0, 'DCT1175', 'sinhvien'),
('3117410134', 'PHM KHNH LINH ', '1999-06-22', 'i hc', '7c78d98657e86a566f24f384363f24be', NULL, NULL, NULL, 0, 'DCT1172', 'sinhvien'),
('3117410135', 'TRNG CH LINH ', '1999-09-20', 'i hc', 'e04a9b1faa10512757452511043e0697', NULL, NULL, NULL, 0, 'DCT1173', 'sinhvien'),
('3117410137', 'BI HI LONG ', '1999-04-22', 'i hc', 'b8fa95e411e4bd98dcbfaed3e71be234', NULL, NULL, NULL, 0, 'DCT1175', 'sinhvien'),
('3117410138', 'CHU NHT LONG ', '1999-06-01', 'i hc', 'e9e02d7530925410b2ce9fa8cc3251cc', NULL, NULL, NULL, 0, 'DCT1176', 'sinhvien'),
('3117410139', 'NGUYN HUNH LONG ', '1999-09-26', 'i hc', 'b00ec53ad6c0f1ad91299a866b5757f7', NULL, NULL, NULL, 0, 'DCT1177', 'sinhvien'),
('3117410140', 'NGUYN VN LONG ', '1999-03-17', 'i hc', 'c2c3c3297d57be267f72208ed5022cde', NULL, NULL, NULL, 0, 'DCT1171', 'sinhvien'),
('3117410142', 'NGUYN THNH LC ', '1999-09-28', 'i hc', '2ea34d09be01a346aa8c6983e396e374', NULL, NULL, NULL, 0, 'DCT1173', 'sinhvien'),
('3117410143', 'TRN HON LC ', '1999-05-13', 'i hc', 'a3782fd5a0644a6667136b52bd8331e1', NULL, NULL, NULL, 0, 'DCT1174', 'sinhvien'),
('3117410146', 'NG NH VNH LUT ', '1998-04-03', 'i hc', 'ed8775d58b05814bfe73555ca26c29f2', NULL, NULL, NULL, 0, 'DCT1176', 'sinhvien'),
('3117410147', 'L KIM LNG ', '1999-12-29', 'i hc', 'e207e9739a8fccd2b439604c783ca635', NULL, NULL, NULL, 0, 'DCT1177', 'sinhvien'),
('3117410148', 'NGUYN NGC MINH MN ', '1999-09-18', 'i hc', '8647d838f0828cd4c0e434a3e36f790b', NULL, NULL, NULL, 0, 'DCT1171', 'sinhvien'),
('3117410150', 'LU BO MINH ', '1999-10-12', 'i hc', '82632ddd0f0d08b94a34a1b1c886a66b', NULL, NULL, NULL, 0, 'DCT1173', 'sinhvien'),
('3117410151', 'TRNG TUN MINH ', '1999-08-27', 'i hc', '3d9ae00ac58b49efceb8592d523beada', NULL, NULL, NULL, 0, 'DCT1174', 'sinhvien'),
('3117410152', ' CAO THANH NAM ', '1999-03-25', 'i hc', 'f7b81316b2d5cd295c06b938c8a634e7', NULL, NULL, NULL, 0, 'DCT1175', 'sinhvien'),
('3117410153', ' THNH NAM ', '1999-08-09', 'i hc', 'a45585c8ad8c11f04a01de9ed920b34c', NULL, NULL, NULL, 0, 'DCT1177', 'sinhvien'),
('3117410154', 'NGUYN H PHNG NAM ', '1999-12-01', 'i hc', '17f697c3fb7ecfe66a014267a99b78da', NULL, NULL, NULL, 0, 'DCT1176', 'sinhvien'),
('3117410155', 'NGUYN PHAN HOI NAM ', '1999-07-25', 'i hc', '51430509b21902c473b9ac020157d492', NULL, NULL, NULL, 0, 'DCT1177', 'sinhvien'),
('3117410156', 'HA TH NH NGN ', '1999-02-27', 'i hc', '926b3beb9e2e0a379dc219509d0866dd', NULL, NULL, NULL, 0, 'DCT1171', 'sinhvien'),
('3117410159', 'PHAN HU NGHA ', '1999-09-29', 'i hc', '2042a467780b2bafbe81e3880bcc08d6', NULL, NULL, NULL, 0, 'DCT1173', 'sinhvien'),
('3117410161', 'V S NGHA ', '1999-05-08', 'i hc', '31fa2beb3d4282d632f7ce160b199a10', NULL, NULL, NULL, 0, 'DCT1175', 'sinhvien'),
('3117410162', 'L TH NGHIP ', '1999-04-26', 'i hc', 'fe557c47d2abbe7c789e8f2eeb3d51f3', NULL, NULL, NULL, 0, 'DCT1176', 'sinhvien'),
('3117410164', 'NGUYN C NGUYN NGC ', '1999-03-02', 'i hc', '7071d5d7ad00304f448c17d25c64de0d', NULL, NULL, NULL, 0, 'DCT1171', 'sinhvien'),
('3117410165', 'PHM H DANH NGC ', '1999-01-21', 'i hc', 'ffff0011a0f233b71335b16df6fb3e13', NULL, NULL, NULL, 0, 'DCT1172', 'sinhvien'),
('3117410166', 'L VIT NGUYN ', '1999-02-16', 'i hc', '78d670d03a555fe08c21d8bcf32ef17f', NULL, NULL, NULL, 0, 'DCT1173', 'sinhvien'),
('3117410169', 'L THANH NHN ', '1999-05-19', 'i hc', 'd637b040ef3617aac0ec1460e9a0372b', NULL, NULL, NULL, 0, 'DCT1176', 'sinhvien'),
('3117410170', 'NGUYN THNH NHN ', '1999-02-09', 'i hc', '61be42ca4c6a7fcd6ca8ee2b02b76fc8', NULL, NULL, NULL, 0, 'DCT1177', 'sinhvien'),
('3117410171', 'TRN MINH NHT ', '1999-01-24', 'i hc', '7567b1f1d6339887693f46368ad75b0a', NULL, NULL, NULL, 0, 'DCT1171', 'sinhvien'),
('3117410172', 'V MINH NHT ', '1999-09-14', 'i hc', '63499a7c963e1c5a79bf135e5de4e001', NULL, NULL, NULL, 0, 'DCT1172', 'sinhvien'),
('3117410173', 'L TH YN NHI ', '1999-11-09', 'i hc', '14a77de9528617b72b742d02845c650f', NULL, NULL, NULL, 0, 'DCT1173', 'sinhvien'),
('3117410174', 'NGUYN TH PHNG NHI ', '1999-01-01', 'i hc', 'a403c550c9e827a1eb2f7386215e0066', NULL, NULL, NULL, 0, 'DCT1174', 'sinhvien'),
('3117410176', 'NG TH KIM NH ', '1999-09-14', 'i hc', 'f5b6df226812e6a8a1514dd102c96771', NULL, NULL, NULL, 0, 'DCT1176', 'sinhvien'),
('3117410177', 'L XUN QUNH NH ', '1999-08-24', 'i hc', '926d48101e18c88293c2c12ff3974d43', NULL, NULL, NULL, 0, 'DCT1177', 'sinhvien'),
('3117410178', 'L HUNH NH ', '1999-06-20', 'i hc', '6ab8601074f7894f2ac6ebd8f9c3b550', NULL, NULL, NULL, 0, 'DCT1171', 'sinhvien'),
('3117410179', 'HUNH KHNG NINH ', '1999-12-06', 'i hc', '01f77def4c1e5762058eb45ad7a52817', NULL, NULL, NULL, 0, 'DCT1172', 'sinhvien'),
('3117410180', 'NGUYN AN NINH ', '1999-07-05', 'i hc', 'd923c76d0e449448365f27a768a66e9f', NULL, NULL, NULL, 0, 'DCT1173', 'sinhvien'),
('3117410181', 'INH DUY PHT ', '1999-01-04', 'i hc', '90d79badc28446d2dd3abb7d0c5d6024', NULL, NULL, NULL, 0, 'DCT1174', 'sinhvien'),
('3117410185', 'TRN VN PHT ', '1999-01-17', 'i hc', '323aeed8e1ded1893eeff03044f9f4d0', NULL, NULL, NULL, 0, 'DCT1177', 'sinhvien'),
('3117410187', 'HUNH CH PHONG ', '1999-06-22', 'i hc', '0f96128ff9d035f972244b51c53162f7', NULL, NULL, NULL, 0, 'DCT1172', 'sinhvien'),
('3117410188', 'HUNH NGC THANH PHONG ', '1999-05-01', 'i hc', 'c249d7eebdbf0bd9d7391684b0c7bdde', NULL, NULL, NULL, 0, 'DCT1177', 'sinhvien'),
('3117410189', 'NGUYN THANH PHONG ', '1999-05-11', 'i hc', '0c68c09f8f7f3d0b0cb1233426734495', NULL, NULL, NULL, 0, 'DCT1173', 'sinhvien'),
('3117410191', 'TRN THANH PHONG ', '1999-10-05', 'i hc', 'aeafde33173bd56ca8dd85b43c05d55f', NULL, NULL, NULL, 0, 'DCT1175', 'sinhvien'),
('3117410192', 'TRN PHM THIN PH ', '1999-06-21', 'i hc', '667e96b542deb78bfe22e6845473872a', NULL, NULL, NULL, 0, 'DCT1176', 'sinhvien'),
('3117410196', 'L THANH PHNG ', '1999-02-02', 'i hc', 'bc1c924af3f6ff41cab587ec1d0aa740', NULL, NULL, NULL, 0, 'DCT1171', 'sinhvien'),
('3117410197', 'L TR THU PHNG ', '1999-09-17', 'i hc', '64a0bc09168eaf7bb9109d4a62bccb64', NULL, NULL, NULL, 0, 'DCT1172', 'sinhvien'),
('3117410198', 'L NGC M PHNG ', '1999-09-13', 'i hc', 'a9f61d27e75c079ae71a90387e3f2ddc', NULL, NULL, NULL, 0, 'DCT1173', 'sinhvien'),
('3117410199', 'MAI TH PHNG ', '1999-05-22', 'i hc', '6e246112ce33fa435caa496cb90bfbdb', NULL, NULL, NULL, 0, 'DCT1174', 'sinhvien'),
('3117410202', 'NGUYN THIN QUANG ', '1999-10-29', 'i hc', '35d7339006a89e027884d986cd448290', NULL, NULL, NULL, 0, 'DCT1176', 'sinhvien'),
('3117410203', 'NG TRNG QUN ', '1999-12-26', 'i hc', 'c73224815d713d4b6028f2cebeb87969', NULL, NULL, NULL, 0, 'DCT1177', 'sinhvien'),
('3117410205', 'ON NH NHT QUYN ', '1999-05-12', 'i hc', '87405f1f84f38dd3f1c68809145df10d', NULL, NULL, NULL, 0, 'DCT1172', 'sinhvien'),
('3117410206', 'NGUYN TH THY QUYN ', '1999-11-13', 'i hc', '91eaef8e08071c1e0d4ceb763b634ab1', NULL, NULL, NULL, 0, 'DCT1173', 'sinhvien'),
('3117410207', 'TRN L HUY QUYN ', '1999-11-23', 'i hc', '6957db279400ca89a56740822b1ada2a', NULL, NULL, NULL, 0, 'DCT1174', 'sinhvien'),
('3117410208', 'TRN THANH TUN QUYN ', '1999-10-12', 'i hc', '397b2b85cd1b62a113e3c6501e6d2274', NULL, NULL, NULL, 0, 'DCT1175', 'sinhvien'),
('3117410210', 'NGUYN NH SANG ', '1999-01-09', 'i hc', '25b7d373c7de6d705083b09fa0c243e6', NULL, NULL, NULL, 0, 'DCT1177', 'sinhvien'),
('3117410212', 'NGUYN XUN HONG SANG ', '1999-09-04', 'i hc', 'b8df5999951f84f5e919807310a13373', NULL, NULL, NULL, 0, 'DCT1172', 'sinhvien'),
('3117410217', ' NGUYN HONG SN ', '1999-02-22', 'i hc', 'aea6fa5444ae34dd87ba10eafca30d72', NULL, NULL, NULL, 0, 'DCT1175', 'sinhvien'),
('3117410218', 'L TRNG SN ', '1999-01-28', 'i hc', 'a25b6961a48a0bf70be960d709e5ed53', NULL, NULL, NULL, 0, 'DCT1176', 'sinhvien'),
('3117410219', 'TRNG L H SN ', '1999-06-06', 'i hc', '3fb9e2427d0f06e0e8158359a42b9f26', NULL, NULL, NULL, 0, 'DCT1177', 'sinhvien'),
('3117410220', 'PHNG TN SNG ', '1999-04-22', 'i hc', 'baba6d968f7c84b129dfca8bbd8a3962', NULL, NULL, NULL, 0, 'DCT1171', 'sinhvien'),
('3117410221', 'NGUYN VN S ', '1999-07-14', 'i hc', 'd979e9251acb4fca7ea1ae07487bcc14', NULL, NULL, NULL, 0, 'DCT1172', 'sinhvien'),
('3117410226', 'NGUYN DUY TN ', '1999-04-29', 'i hc', '6b422e202216cf722137e418cdb1fc8c', NULL, NULL, NULL, 0, 'DCT1176', 'sinhvien'),
('3117410228', 'PHM PHNG THANH ', '1998-12-20', 'i hc', 'e2ae5d219832885c9a09d8ed6d5732ac', NULL, NULL, NULL, 0, 'DCT1171', 'sinhvien'),
('3117410231', 'NGUYN CNG THNH ', '1999-01-20', 'i hc', '0b850e5a10ffc3b5bb9ad42ff17fa03f', NULL, NULL, NULL, 0, 'DCT1173', 'sinhvien'),
('3117410233', 'TRN CH THNH ', '1999-11-08', 'i hc', '30ae3f65c2e94f672609c09fe7507d8e', NULL, NULL, NULL, 0, 'DCT1175', 'sinhvien'),
('3117410239', 'PHNG H THO ', '1999-04-30', 'i hc', 'aca7b92474b81bb55691ae7f9d50f37a', NULL, NULL, NULL, 0, 'DCT1172', 'sinhvien'),
('3117410241', 'NGUYN C THNG ', '1999-02-28', 'i hc', '0e373fc1e3d6ebeb0cd52b356d4229b5', NULL, NULL, NULL, 0, 'DCT1174', 'sinhvien'),
('3117410242', 'NGUYN HUY THNG ', '1999-03-09', 'i hc', '12f79b6363a3e4f70a9aab66d85f401c', NULL, NULL, NULL, 0, 'DCT1175', 'sinhvien'),
('3117410245', 'V MINH TH ', '1999-11-23', 'i hc', '8d7f541b2e0f2102870783cbc211e14e', NULL, NULL, NULL, 0, 'DCT1171', 'sinhvien'),
('3117410246', 'TRN TRUNG THIN ', '1999-11-03', 'i hc', 'f12762b9aae392aaeb834b58892021a9', NULL, NULL, NULL, 0, 'DCT1172', 'sinhvien'),
('3117410247', 'TRNG NH THIN ', '1999-05-26', 'i hc', '15f517995943c05e0e00dc537111e79d', NULL, NULL, NULL, 0, 'DCT1173', 'sinhvien'),
('3117410248', 'NGUYN TIN THNH ', '1999-12-18', 'i hc', 'aff138bb57bce2afa67d874bea127173', NULL, NULL, NULL, 0, 'DCT1174', 'sinhvien'),
('3117410249', 'LM VNH THUN ', '1999-05-02', 'i hc', '9be230efd7cca8bfff5aacedbe2c7864', NULL, NULL, NULL, 0, 'DCT1175', 'sinhvien'),
('3117410250', 'NG C THUN ', '1999-11-21', 'i hc', '87f7ed5d17a9a6a1b23b1dc5041194da', NULL, NULL, NULL, 0, 'DCT1176', 'sinhvien'),
('3117410251', 'TRN MINH TH ', '1999-10-14', 'i hc', 'aca478a3f7f810b4c42da35f38a9dc6c', NULL, NULL, NULL, 0, 'DCT1177', 'sinhvien'),
('3117410252', 'TRN NGC XUN TH ', '1999-08-31', 'i hc', '6edd35ffce75f5d8c7424f3414ebc614', NULL, NULL, NULL, 0, 'DCT1171', 'sinhvien'),
('3117410253', 'NGUYN NGC TIN ', '1999-05-15', 'i hc', 'ecf547c8b5d59665f3db2e4a98cdc665', NULL, NULL, NULL, 0, 'DCT1172', 'sinhvien'),
('3117410254', 'NGUYN TRUNG TIN ', '1999-08-28', 'i hc', 'aade0dd424c67997bca310b6eb1af47e', NULL, NULL, NULL, 0, 'DCT1173', 'sinhvien'),
('3117410255', 'TRN TIN ', '1999-08-30', 'i hc', 'f78811a30e8d668f0a1afe9ba1ab832a', NULL, NULL, NULL, 0, 'DCT1174', 'sinhvien'),
('3117410256', 'TRNG PHM NHT TIN ', '1999-10-02', 'i hc', '8d17eb063b7688a904c46dacc9523863', NULL, NULL, NULL, 0, 'DCT1175', 'sinhvien'),
('3117410257', 'V VN TIN ', '1999-12-20', 'i hc', '95540ffea11e7dac3bcad4e7b3b54812', NULL, NULL, NULL, 0, 'DCT1176', 'sinhvien'),
('3117410258', 'PHM NGUYN TIP ', '1999-02-27', 'i hc', 'e17df74f617fb396394a51160aa61bde', NULL, NULL, NULL, 0, 'DCT1177', 'sinhvien'),
('3117410260', 'NGUYN H TN ', '1999-10-05', 'i hc', 'd688e5cc898f049890bc8d31c9a29609', NULL, NULL, NULL, 0, 'DCT1172', 'sinhvien'),
('3117410261', 'NGUYN TRNG TN ', '1999-08-19', 'i hc', '5bf2ba17dfb2017a0363b71b81337b69', NULL, NULL, NULL, 0, 'DCT1173', 'sinhvien'),
('3117410262', 'PHAN TRNG TNH ', '1999-11-03', 'i hc', '7a3a3551b01cf8813e4595c53ea288f8', NULL, NULL, NULL, 0, 'DCT1174', 'sinhvien'),
('3117410263', 'HONG TT TON ', '1999-09-16', 'i hc', '76f4c04391c1ba6de72ee0679b4128bf', NULL, NULL, NULL, 0, 'DCT1175', 'sinhvien'),
('3117410265', 'TRN THANH TON ', '1999-04-26', 'i hc', 'da3a45878487b612819e762f9d25b3e1', NULL, NULL, NULL, 0, 'DCT1177', 'sinhvien'),
('3117410266', 'L LINH TRANG ', '1999-09-17', 'i hc', '730ea5feae659cd4bc4781bf1b9cfbae', NULL, NULL, NULL, 0, 'DCT1171', 'sinhvien'),
('3117410267', 'NGUYN CAO THY TRANG ', '1999-07-04', 'i hc', 'dc64505ce8a91b742dc4e458c100eccc', NULL, NULL, NULL, 0, 'DCT1172', 'sinhvien'),
('3117410268', 'NGUYN TH TRANG ', '1999-05-12', 'i hc', 'a4bb3db3ca20c0c8832c12b566665ec4', NULL, NULL, NULL, 0, 'DCT1173', 'sinhvien'),
('3117410270', 'HUNH NHT TR ', '1999-12-04', 'i hc', '4c83f636cdebf78121a7578e8ba601e8', NULL, NULL, NULL, 0, 'DCT1175', 'sinhvien'),
('3117410271', 'NGUYN MINH TR ', '1999-03-09', 'i hc', 'b763c1b4f4d423522c8d4621c93bdd7c', NULL, NULL, NULL, 0, 'DCT1176', 'sinhvien'),
('3117410272', 'PHAN DNG TR ', '1999-12-27', 'i hc', 'ffb7837f5a04ed3a333c76d39923a0e2', NULL, NULL, NULL, 0, 'DCT1177', 'sinhvien'),
('3117410273', 'HONG MINH TRIT ', '1999-10-18', 'i hc', '09d6bf5b1b13bd8fc6e67582da24315f', NULL, NULL, NULL, 0, 'DCT1171', 'sinhvien'),
('3117410274', 'NGUYN KHI TRIU ', '1999-11-19', 'i hc', '03bc80d28787c3346cb9cba704735245', NULL, NULL, NULL, 0, 'DCT1172', 'sinhvien'),
('3117410275', 'PHM L KIU TRINH ', '1999-05-22', 'i hc', '98bbd27837e74eaf7d9ab328f100840d', NULL, NULL, NULL, 0, 'DCT1173', 'sinhvien'),
('3117410277', 'NG CH TRUNG ', '1999-11-28', 'i hc', 'ae2bcf9d4620c3af6d28ed0b8f217c6a', NULL, NULL, NULL, 0, 'DCT1175', 'sinhvien'),
('3117410280', 'TRN QUC TRUNG ', '1999-07-20', 'i hc', '0c676392bd8197776262f30ce96b243f', NULL, NULL, NULL, 0, 'DCT1177', 'sinhvien'),
('3117410282', 'NGUYN NGC CM T ', '1999-07-30', 'i hc', '7877065649bc6695967413dff76c9bca', NULL, NULL, NULL, 0, 'DCT1172', 'sinhvien'),
('3117410285', 'H THIN TUN ', '1999-01-19', 'i hc', 'aca2762c2aad3db8d28b79db4a17a749', NULL, NULL, NULL, 0, 'DCT1175', 'sinhvien'),
('3117410286', 'L HONG MINH TUN ', '1999-02-01', 'i hc', 'e42285ca5d5d00f4b1fad9be297b2361', NULL, NULL, NULL, 0, 'DCT1176', 'sinhvien'),
('3117410287', 'NGUYN C ANH TUN ', '1999-10-25', 'i hc', '682c363f95800bd770105390b17bf162', NULL, NULL, NULL, 0, 'DCT1177', 'sinhvien'),
('3117410289', 'TRN KHC TUN ', '1999-03-29', 'i hc', 'ff7076b9bd0cd223384c6212f0a748ce', NULL, NULL, NULL, 0, 'DCT1191', 'sinhvien'),
('3117410292', 'TRN QUC TNG ', '1999-06-13', 'i hc', 'a4a7a1f8ead5d370729321d7749a611b', NULL, NULL, NULL, 0, 'DCT1174', 'sinhvien'),
('3117410294', 'V TH TNG VN ', '1999-06-20', 'i hc', 'cc8863cc3194575e6f238bee77cab735', NULL, NULL, NULL, 0, 'DCT1176', 'sinhvien'),
('3117410295', 'TSAN XNG VY ', '1999-09-05', 'i hc', '6ac94ab2c33c16875542bf273c077e2c', NULL, NULL, NULL, 0, 'DCT1177', 'sinhvien'),
('3117410296', 'PHM HNG V ', '1999-09-23', 'i hc', '14b9b6dcf795e6440572c60b3876d302', NULL, NULL, NULL, 0, 'DCT1171', 'sinhvien'),
('3117410298', 'TRIU NGUYN QUC VIT ', '1999-10-16', 'i hc', '4bc98b1d65b6c585cd407b01a334eafa', NULL, NULL, NULL, 0, 'DCT1173', 'sinhvien'),
('3117410299', 'NG NH NHT VINH ', '1999-06-28', 'i hc', '16a841a13d4bfd6dc5b38c9a34b29c00', NULL, NULL, NULL, 0, 'DCT1174', 'sinhvien'),
('3117410300', 'HUNH QUANG VINH ', '1999-12-01', 'i hc', '36be7ec11d8c564863178836579c646f', NULL, NULL, NULL, 0, 'DCT1175', 'sinhvien'),
('3117410301', 'NGUYN THIN VINH ', '1999-10-29', 'i hc', '788889516b0b0c51b72c9a4bdb89d54c', NULL, NULL, NULL, 0, 'DCT1176', 'sinhvien'),
('3117410302', 'TRN PHM DUY VINH ', '1999-01-23', 'i hc', 'f289c497cca9e8c460c950693998b23f', NULL, NULL, NULL, 0, 'DCT1177', 'sinhvien'),
('3117410305', 'LNG MAI SN V ', '1999-04-01', 'i hc', '62b1a09d85726bec7097ae6ee5da4feb', NULL, NULL, NULL, 0, 'DCT1172', 'sinhvien'),
('3117410308', 'NGUYN QUC V ', '1999-06-28', 'i hc', 'cfb93afce3fee827360aeb864bc5e57e', NULL, NULL, NULL, 0, 'DCT1175', 'sinhvien'),
('3117410309', 'NGUYN HNG VNG ', '1999-05-17', 'i hc', '81b4ede7eb8bbc2cc85e86d8b2e090a3', NULL, NULL, NULL, 0, 'DCT1176', 'sinhvien'),
('3117410310', 'BI NGUYN THANH VY ', '1999-04-19', 'i hc', 'f9f07fd00107637bbdb85dbf6e7b8f07', NULL, NULL, NULL, 0, 'DCT1177', 'sinhvien'),
('3117410312', 'N TUN HUY ', '1995-01-20', 'i hc', 'c74dd1cae003897854ac7240feb00c33', NULL, NULL, NULL, 0, 'DCT1171', 'sinhvien'),
('3117411005', 'NGUYN BI NGC HN ', '1999-04-04', 'i hc', '0d285cbf9d4adbd9a2613b7d46915ec2', NULL, NULL, NULL, 0, 'DCT1177', 'sinhvien'),
('3117411007', 'HUNH KIM KHA ', '1999-11-11', 'i hc', '77b6cf1ca57ac4c2360ea67d5e8e4334', NULL, NULL, NULL, 0, 'DCT1177', 'sinhvien'),
('3117411009', 'NG QUANG MINH ', '1999-01-09', 'i hc', 'd9dbcc0c5632cb852b2213fc46cec8af', NULL, NULL, NULL, 0, 'DCT1177', 'sinhvien'),
('3117411010', 'M HONG QUN ', '1996-09-15', 'i hc', '238757787d372141322803b83de06575', NULL, NULL, NULL, 0, 'DCT1177', 'sinhvien'),
('3117411012', 'PHM MINH TR ', '1998-10-13', 'i hc', 'def1507b7ee7b985ef9dc26b27b59d13', NULL, NULL, NULL, 0, 'DCT1177', 'sinhvien'),
('3117411013', 'TRNH THI TUN ', '1999-12-10', 'i hc', '2abd292543358bbecfdaa0be8a967e1b', NULL, NULL, NULL, 0, 'DCT1177', 'sinhvien'),
('3118410000', 'Nguyn Vn A', '2000-02-11', 'i hc', 'e10adc3949ba59abbe56e057f20f883e', NULL, NULL, NULL, 0, 'DCT1189', 'sinhvien'),
('31184100000', 'Nguyn Vn B', '2002-06-06', 'i hc', 'd6e0ae49f2b916dcca519693173baf1d', NULL, NULL, NULL, 0, 'DCT1194', 'sinhvien'),
('3118410001', '           Phm         Khi', '2022-09-30', 'i hc', 'e10adc3949ba59abbe56e057f20f883e', NULL, NULL, NULL, 0, 'DCT1171', 'sinhvien'),
('3118410004', 'TRN PHC AN ', '2000-05-05', 'i hc', '8daa292aa9ec1b994a6edf13d5ac8934', NULL, NULL, NULL, 0, 'DCT1182', 'sinhvien'),
('3118410006', 'BNH BU ANH ', '2000-10-08', 'i hc', '0672f0ebf8f0a8d3c48c29c2ef90687a', NULL, NULL, NULL, 0, 'DCT1183', 'sinhvien'),
('3118410011', 'NGUYN HONG ANH ', '2000-03-18', 'i hc', '9b155c23d8a25b006221a052227dd7f9', NULL, NULL, NULL, 0, 'DCT1186', 'sinhvien'),
('3118410013', 'NGUYN TUN ANH ', '2000-12-09', 'i hc', '01f0338f155c32dbabfc734894af030a', NULL, NULL, NULL, 0, 'DCT1187', 'sinhvien'),
('3118410018', 'L NG THIN N ', '2000-12-16', 'i hc', '041f7b834b36b8d4f10e5a62b978550e', NULL, NULL, NULL, 0, 'DCT1189', 'sinhvien'),
('3118410019', 'INH L MINH BCH ', '2000-04-30', 'i hc', '46b5d162e10597ec084d79c278923a38', NULL, NULL, NULL, 0, 'DCT1181', 'sinhvien'),
('3118410020', 'BI TRUNG BO ', '2000-02-22', 'i hc', '6f8d00185a778ea973b98eb0a3299edf', NULL, NULL, NULL, 0, 'DCT1181', 'sinhvien'),
('3118410021', 'O NGUYN HOI BO ', '2000-01-02', 'i hc', 'd1bbe321cc72baff3586cac158b30774', NULL, NULL, NULL, 0, 'DCT1181', 'sinhvien'),
('3118410022', 'NG HOI NAM QUC BO ', '1997-04-20', 'i hc', '11751a3c58ef1ff650455376ee1bb3b8', NULL, NULL, NULL, 0, 'DCT1181', 'sinhvien'),
('3118410024', 'KIU NG KIM BO ', '2000-09-17', 'i hc', '54a1c0c606539f9b7e81e15ba6b2df52', NULL, NULL, NULL, 0, 'DCT1183', 'sinhvien'),
('3118410027', 'TRN QUC BO ', '2000-09-12', 'i hc', '2c1f7276b2208cf104e096821a1ab642', NULL, NULL, NULL, 0, 'DCT1186', 'sinhvien'),
('3118410028', 'V VN GIA BO ', '2000-03-31', 'i hc', '6a6d1db08ec17b88b00d120ad5645597', NULL, NULL, NULL, 0, 'DCT1187', 'sinhvien'),
('3118410029', 'V TRUNG BO ', '2000-01-21', 'i hc', 'a14865f33c5238682388ec710fc764c5', NULL, NULL, NULL, 0, 'DCT1188', 'sinhvien'),
('3118410030', 'BI HU BNG ', '2000-04-07', 'i hc', '1e0b1e37e1e1705428d0f3d22c81685d', NULL, NULL, NULL, 0, 'DCT1189', 'sinhvien'),
('3118410032', 'HUNH VIT BNH ', '2000-04-26', 'i hc', '9fbb4bac315ee238753f25fa49c984a5', NULL, NULL, NULL, 0, 'DCT1181', 'sinhvien'),
('3118410033', 'TRN VN B ', '2000-02-16', 'i hc', '15953b598a7876df954dac8977fef798', NULL, NULL, NULL, 0, 'DCT1181', 'sinhvien'),
('3118410034', 'PHM NGC BI ', '2000-03-20', 'i hc', 'bcc51574543f3cfe2f21ae6f6d6eebef', NULL, NULL, NULL, 0, 'DCT1181', 'sinhvien'),
('3118410035', 'NGUYN THI BN ', '2000-04-22', 'i hc', 'bbe8e62369b6a71e65809904998c7588', NULL, NULL, NULL, 0, 'DCT1181', 'sinhvien'),
('3118410037', 'V NH CAO ', '2000-10-16', 'i hc', '1040c286a413ebcea6e2f416cb2673d5', NULL, NULL, NULL, 0, 'DCT1182', 'sinhvien'),
('3118410038', 'NGUYN THANH CHU ', '2000-07-13', 'i hc', 'c6bf48dc067a65fbbe4587b6503da1ea', NULL, NULL, NULL, 0, 'DCT1183', 'sinhvien'),
('3118410039', 'TRN TH KIM CHI ', '2000-11-23', 'i hc', '28dec684e9b1602c7338d9999f87c7b7', NULL, NULL, NULL, 0, 'DCT1184', 'sinhvien'),
('3118410040', 'NGUYN THANH CHIN ', '2000-09-06', 'i hc', '81c4f98cec988bfff64b54f2729abadb', NULL, NULL, NULL, 0, 'DCT1185', 'sinhvien'),
('3118410041', 'TRN MINH CHIN ', '2000-07-06', 'i hc', '9229d020fdaed8663a27afbb20461079', NULL, NULL, NULL, 0, 'DCT1186', 'sinhvien'),
('3118410043', 'TNG CH CHUNG ', '2000-01-18', 'i hc', '8569b9532563fe6cbfc661ef852a994b', NULL, NULL, NULL, 0, 'DCT1187', 'sinhvien'),
('3118410044', 'VN HONG CHNG ', '2000-02-06', 'i hc', '06614d914374995500a5efed60ba64a2', NULL, NULL, NULL, 0, 'DCT1188', 'sinhvien'),
('3118410046', 'TRN THANH CA ', '2000-10-13', 'i hc', '73ea22f44907a127b85844322e41447c', NULL, NULL, NULL, 0, 'DCT1189', 'sinhvien'),
('3118410047', 'BI MINH CNG ', '2000-04-17', 'i hc', 'ef7b9b5c1da2b6b962ae9c55620b9929', NULL, NULL, NULL, 0, 'DCT1181', 'sinhvien'),
('3118410051', 'HOA THANH DANH ', '2000-10-15', 'i hc', '15ee811256ca4788a1082bcfd2ec30cf', NULL, NULL, NULL, 0, 'DCT1181', 'sinhvien'),
('3118410054', 'TRNG THY DOANH ', '2000-10-11', 'i hc', '4208fc391c1d4060cb0271446b3d2671', NULL, NULL, NULL, 0, 'DCT1184', 'sinhvien'),
('3118410055', 'L NG KHNH DUNG ', '2000-12-29', 'i hc', '862125af6f7c222e3f7a7e5d551303ff', NULL, NULL, NULL, 0, 'DCT1185', 'sinhvien'),
('3118410056', 'LU TUN DNG ', '2000-11-12', 'i hc', '92d0af5f828e9b8be25067db6be9882e', NULL, NULL, NULL, 0, 'DCT1186', 'sinhvien'),
('3118410057', 'NGUYN TIN DNG ', '2000-09-11', 'i hc', '4a9cdc76ed4a0fa07d27d32aa343d9e0', NULL, NULL, NULL, 0, 'DCT1187', 'sinhvien'),
('3118410059', 'NGUYN PHC DUY ', '2000-11-13', 'i hc', 'd78c4e1abc3480c8899313aa648f9e03', NULL, NULL, NULL, 0, 'DCT1189', 'sinhvien'),
('3118410061', 'TRN NHT DUY ', '2000-09-23', 'i hc', '83e2fa462a09e52b17b429a28649bc1d', NULL, NULL, NULL, 0, 'DCT1181', 'sinhvien'),
('3118410062', 'NGUYN MAI DNG ', '2000-12-06', 'i hc', '43474701cffb83f3d3ded5d6c8857fce', NULL, NULL, NULL, 0, 'DCT1181', 'sinhvien'),
('3118410064', ' VN DNG ', '2000-12-07', 'i hc', 'fe9008e7a3598531a8f70b2fd99dab9f', NULL, NULL, NULL, 0, 'DCT1181', 'sinhvien'),
('3118410067', 'INH NGUYN TN T ', '2000-06-27', 'i hc', '57adef847899ecfefad37aba3f739554', NULL, NULL, NULL, 0, 'DCT1184', 'sinhvien'),
('3118410068', 'H S T ', '2000-11-28', 'i hc', '9a8ac91e03094e14f71710166ee2a806', NULL, NULL, NULL, 0, 'DCT1185', 'sinhvien'),
('3118410069', 'HUNH PHM QUC T ', '2000-01-06', 'i hc', '2eb178edf563cd8d7c2ddba44292b2cc', NULL, NULL, NULL, 0, 'DCT1186', 'sinhvien'),
('3118410071', 'L THC T ', '2000-11-04', 'i hc', '76bf6e0b6308fbe77b667446ff35a806', NULL, NULL, NULL, 0, 'DCT1188', 'sinhvien'),
('3118410073', 'LU THNH T ', '2000-02-17', 'i hc', '83073c7993b2bbe4b121cdc6278903e6', NULL, NULL, NULL, 0, 'DCT1189', 'sinhvien'),
('3118410075', 'NGUYN MN T ', '2000-12-02', 'i hc', 'ab513de4deab5da84c7e4a47408dbae1', NULL, NULL, NULL, 0, 'DCT1189', 'sinhvien'),
('3118410076', 'NGUYN TN T ', '2000-05-16', 'i hc', 'bc2ec0e07afb31e6de3cc64890ba280f', NULL, NULL, NULL, 0, 'DCT1181', 'sinhvien'),
('3118410078', 'PHM TIN T ', '2000-11-01', 'i hc', '3fced513dadf14a8adad457aff835b94', NULL, NULL, NULL, 0, 'DCT1181', 'sinhvien'),
('3118410079', 'V TRN PHT T ', '2000-06-26', 'i hc', '5fef6baecaa11bdc8e68a1332f975721', NULL, NULL, NULL, 0, 'DCT1182', 'sinhvien'),
('3118410080', 'L HI NG ', '2000-09-06', 'i hc', '795a03ac8c1e94d426f0bf0d10df1944', NULL, NULL, NULL, 0, 'DCT1183', 'sinhvien'),
('3118410081', 'L HONG AN NH ', '2000-05-12', 'i hc', 'e6b50e3b66b594ba92b9dc6088a316d2', NULL, NULL, NULL, 0, 'DCT1184', 'sinhvien'),
('3118410083', 'NGUYN CH NH ', '2000-06-04', 'i hc', '36a53820dad3289fd024323b576fac1d', NULL, NULL, NULL, 0, 'DCT1186', 'sinhvien'),
('3118410085', 'DNG BC NG ', '2000-10-04', 'i hc', '4b995af24de328c697e7ccc2aaa5b99e', NULL, NULL, NULL, 0, 'DCT1187', 'sinhvien'),
('3118410087', 'L NGUYN ANH C ', '2000-04-26', 'i hc', '62b4f5522a4c08c394ed9c3ababc3ba3', NULL, NULL, NULL, 0, 'DCT1188', 'sinhvien'),
('3118410088', 'LU ANH C ', '1999-04-05', 'i hc', '79cd4c42e79bcd2953858426aa2b3e75', NULL, NULL, NULL, 0, 'DCT1189', 'sinhvien'),
('3118410089', 'NGUYN HONG C ', '2000-06-14', 'i hc', 'e01aaef6ff148d11f0c0e54cf0efd4f3', NULL, NULL, NULL, 0, 'DCT1181', 'sinhvien'),
('3118410090', 'PHM HU C ', '2000-09-04', 'i hc', 'e7c7e4454327c789987586285994507f', NULL, NULL, NULL, 0, 'DCT1181', 'sinhvien'),
('3118410093', 'L CNG C ', '1997-11-19', 'i hc', '0b1ab4d9b3ad904770ba9625402bcfb5', NULL, NULL, NULL, 0, 'DCT1181', 'sinhvien'),
('3118410094', 'NGUYN NGC TIN EM ', '2000-04-21', 'i hc', '218cedc08f6ae1ba2f610abae915df46', NULL, NULL, NULL, 0, 'DCT1182', 'sinhvien'),
('3118410095', 'TT KHNH GIA ', '2000-09-07', 'i hc', 'b33c7288b21c2ba8e51705a2c545eb66', NULL, NULL, NULL, 0, 'DCT1183', 'sinhvien'),
('3118410096', ' TRNG GIANG ', '2000-07-05', 'i hc', '5436334b18f9d53aedb7397fdfb97e76', NULL, NULL, NULL, 0, 'DCT1184', 'sinhvien'),
('3118410098', 'NGUYN TH HNG GIANG ', '2000-03-12', 'i hc', 'f77e9f6900f986500175721e6b126032', NULL, NULL, NULL, 0, 'DCT1185', 'sinhvien'),
('3118410100', 'PHAN CNG H ', '2000-05-01', 'i hc', 'cec6dd014a111fc15af95c43b4e18d5d', NULL, NULL, NULL, 0, 'DCT1186', 'sinhvien'),
('3118410102', 'PHM TNG HI ', '2000-10-16', 'i hc', '00109adfe796da8f260a5d10d1c6c0d5', NULL, NULL, NULL, 0, 'DCT1187', 'sinhvien'),
('3118410103', 'PHNG TRN HI ', '2000-05-29', 'i hc', '8e65fa9e52dfcd87f972267f769708d0', NULL, NULL, NULL, 0, 'DCT1188', 'sinhvien'),
('3118410104', 'TRN NGC HI ', '2000-11-05', 'i hc', '1421d26e6bca56a6c4d216e08cfc0c58', NULL, NULL, NULL, 0, 'DCT1189', 'sinhvien'),
('3118410106', 'NGUYN MINH HNH ', '2000-02-21', 'i hc', 'df3932205becab25d120df55ed22540a', NULL, NULL, NULL, 0, 'DCT1181', 'sinhvien'),
('3118410109', 'L NHT HO ', '2000-09-28', 'i hc', 'c3b7aaa703ce0b0d42d22cb822a162d9', NULL, NULL, NULL, 0, 'DCT1181', 'sinhvien'),
('3118410110', 'L V HO ', '2000-11-25', 'i hc', '6a40dc387a6ed1064b87b48896261b62', NULL, NULL, NULL, 0, 'DCT1182', 'sinhvien'),
('3118410111', 'THI KIN HO ', '2000-04-11', 'i hc', '90b4e1e9db93158ac55b4539c5bc1063', NULL, NULL, NULL, 0, 'DCT1183', 'sinhvien'),
('3118410113', 'NGUYN TH M HNG ', '1999-09-19', 'i hc', '07323a03bcfce40013f7a46e4f0d4b51', NULL, NULL, NULL, 0, 'DCT1184', 'sinhvien'),
('3118410115', 'BI TRUNG HU ', '2000-12-13', 'i hc', 'dbb6f9be869e5f27bc855a7c7b604661', NULL, NULL, NULL, 0, 'DCT1186', 'sinhvien'),
('3118410117', 'NGUYN TRNG HIN ', '2000-11-25', 'i hc', '7faa4b100f465c9f3986952a01bcf62c', NULL, NULL, NULL, 0, 'DCT1188', 'sinhvien'),
('3118410120', 'LNG TRUNG HIU ', '2000-01-21', 'i hc', '2dc94db5dd00668102900fef46b15c85', NULL, NULL, NULL, 0, 'DCT1181', 'sinhvien'),
('3118410121', 'NGUYN MINH HIU ', '2000-01-07', 'i hc', 'a8f15cd96683c02eb64eb363ddd3105f', NULL, NULL, NULL, 0, 'DCT1181', 'sinhvien'),
('3118410123', 'NGUYN TRNG HIU ', '2000-04-19', 'i hc', '8ed1bcd980bd1adf45e61848464b7396', NULL, NULL, NULL, 0, 'DCT1181', 'sinhvien'),
('3118410124', 'T HUNH THIN HIU ', '2000-07-04', 'i hc', 'a3e265b3f1be1a4bd4a359176edc9f00', NULL, NULL, NULL, 0, 'DCT1181', 'sinhvien'),
('3118410125', 'TRN KIM HIU ', '2000-12-18', 'i hc', '8e9820c8d1a65027b405de36029c7f78', NULL, NULL, NULL, 0, 'DCT1182', 'sinhvien'),
('3118410126', 'HUNH TH MINH HOA ', '2000-01-10', 'i hc', '151e4c32aeacf3c4b1f7a643cb4208d3', NULL, NULL, NULL, 0, 'DCT1183', 'sinhvien'),
('3118410127', 'L THANH HA ', '2000-09-09', 'i hc', 'e0e8e29d1c2baec5c243922616b68efd', NULL, NULL, NULL, 0, 'DCT1184', 'sinhvien'),
('3118410128', 'LU C HA ', '1998-04-25', 'i hc', '7476a57e6623b8f63e0897ca125d9cf0', NULL, NULL, NULL, 0, 'DCT1185', 'sinhvien'),
('3118410129', 'T TRN KHNH HA ', '2000-10-22', 'i hc', 'c30f6602c8c13a3ad1e9092f49e169ee', NULL, NULL, NULL, 0, 'DCT1186', 'sinhvien'),
('3118410130', 'NGUYN B HONG ', '2000-03-07', 'i hc', 'abd7045dba87653936d55dc85faef3f4', NULL, NULL, NULL, 0, 'DCT1187', 'sinhvien'),
('3118410131', 'NGUYN MINH HONG ', '2000-04-22', 'i hc', '98c520052f390581419136dde2cee2ea', NULL, NULL, NULL, 0, 'DCT1188', 'sinhvien'),
('3118410132', 'NGUYN VIT HONG ', '2000-05-26', 'i hc', '34b625d029fc3f425fc07cfa4b057011', NULL, NULL, NULL, 0, 'DCT1189', 'sinhvien'),
('3118410133', 'PHM NG HONG ', '2000-11-12', 'i hc', 'a197cf9aaa26947c3bd97986a287ed4d', NULL, NULL, NULL, 0, 'DCT1181', 'sinhvien'),
('3118410134', 'V TH HC ', '2000-03-01', 'i hc', '84d54e43eb6a93c85127cad046179fc3', NULL, NULL, NULL, 0, 'DCT1181', 'sinhvien'),
('3118410135', 'ON VN H ', '2000-07-03', 'i hc', 'f55b08941b8ec2223d601c5d969ec5c7', NULL, NULL, NULL, 0, 'DCT1181', 'sinhvien'),
('3118410136', 'NGUYN LONG H ', '2000-12-14', 'i hc', '08bc93eb0e7098afb6a95725a40e45f8', NULL, NULL, NULL, 0, 'DCT1181', 'sinhvien'),
('3118410138', 'V TH TUYT HNG ', '2000-02-14', 'i hc', '00a7a4aa206644a5c21afee3f4cc9401', NULL, NULL, NULL, 0, 'DCT1182', 'sinhvien'),
('3118410139', 'TRNH QUANG HP ', '2000-10-10', 'i hc', '3db306be40ab98c93433e92437316a2e', NULL, NULL, NULL, 0, 'DCT1183', 'sinhvien'),
('3118410141', 'ON QUC HNG ', '2000-07-26', 'i hc', 'ff05612cbb693e939aef7bee57966926', NULL, NULL, NULL, 0, 'DCT1185', 'sinhvien'),
('3118410142', 'NGUYN CAO HUY HNG ', '2000-08-01', 'i hc', '32b0742d1aa80c5ab5783f5a24810f05', NULL, NULL, NULL, 0, 'DCT1186', 'sinhvien'),
('3118410143', 'NGUYN HONG ANH HNG ', '2000-03-19', 'i hc', '692ceffc99c8db2b2271be2f8ee116f6', NULL, NULL, NULL, 0, 'DCT1187', 'sinhvien'),
('3118410144', 'THCH CH HNG ', '2000-03-01', 'i hc', 'e25edfdff91b821c54e4404b6d43bcfa', NULL, NULL, NULL, 0, 'DCT1188', 'sinhvien'),
('3118410145', 'U HI HUY ', '2000-06-24', 'i hc', 'f5b2878ec0cc12b4ee6acc236422681b', NULL, NULL, NULL, 0, 'DCT1189', 'sinhvien'),
('3118410146', 'BI QUANG HUY ', '2000-12-10', 'i hc', '779bb6903da6293ac1e88fc7f6774648', 'hello12@gmail.com', '0954412587', 'buiquanghuy.jpg', 0, 'DCT1181', 'sinhvien'),
('3118410148', 'HUNH HONG HUY ', '2000-08-31', 'i hc', 'b96b82d08d0aa78ac8879bdfb2abf27d', NULL, NULL, NULL, 0, 'DCT1181', 'sinhvien'),
('3118410149', 'L THANH HUY ', '2000-02-05', 'i hc', '9afb79bb6aa9acb9852b2567ef012692', NULL, NULL, NULL, 0, 'DCT1181', 'sinhvien'),
('3118410151', 'NGUYN C GIA HUY ', '2000-05-21', 'i hc', '7182563dafda38657d67e3db633eadae', NULL, NULL, NULL, 0, 'DCT1181', 'sinhvien'),
('3118410152', 'NGUYN HONG HUY ', '2000-07-29', 'i hc', '89199f30c9e018802aa31d16234e70c9', NULL, NULL, NULL, 0, 'DCT1182', 'sinhvien'),
('3118410154', 'NGUYN MU V HUY ', '2000-08-20', 'i hc', '46a8f009f06cc1fde721ed86e94faf4d', NULL, NULL, NULL, 0, 'DCT1183', 'sinhvien'),
('3118410155', 'NGUYN QUANG HUY ', '2000-11-01', 'i hc', '52a8616b782cad6d2e798016430d54c4', NULL, NULL, NULL, 0, 'DCT1184', 'sinhvien'),
('3118410159', 'QUCH BO HUY ', '2000-04-23', 'i hc', '6d527c8cf722774df01caf148f59e77d', NULL, NULL, NULL, 0, 'DCT1188', 'sinhvien'),
('3118410161', 'TRN QUC HUY ', '2000-02-12', 'i hc', '4cbb048037fcb0ae6c83b9899dbff507', NULL, NULL, NULL, 0, 'DCT1181', 'sinhvien'),
('3118410162', 'T CH HUY ', '2000-03-13', 'i hc', '6ac8f79c9c12891b88e6bf4239ceabc3', NULL, NULL, NULL, 0, 'DCT1189', 'sinhvien'),
('3118410163', 'BI TH CM HUYN ', '2000-09-22', 'i hc', '20cd87a2c4ad8a5aa0c73f9e011c7bf4', NULL, NULL, NULL, 0, 'DCT1181', 'sinhvien'),
('3118410164', 'TRN L NGC HUYN ', '2000-09-11', 'i hc', '599245a19fdb5b5eb477a9320bd09cf8', NULL, NULL, NULL, 0, 'DCT1181', 'sinhvien'),
('3118410167', 'CAO QUC HNG ', '2000-01-02', 'i hc', '101070600786716d84bbdea7a2be7a1a', NULL, NULL, NULL, 0, 'DCT1182', 'sinhvien'),
('3118410168', 'LM VNH HNG ', '2000-11-02', 'i hc', 'fda7af8fd7aa9db4875d811ecff09dd0', NULL, NULL, NULL, 0, 'DCT1183', 'sinhvien'),
('3118410169', 'L VIT HNG ', '2000-11-20', 'i hc', '2dd02686418236fe1272c5a3915a9b54', NULL, NULL, NULL, 0, 'DCT1184', 'sinhvien'),
('3118410171', 'THI VNH HNG ', '2000-03-08', 'i hc', '8018386c9f1433a29d1ef94bc01fce2c', NULL, NULL, NULL, 0, 'DCT1186', 'sinhvien'),
('3118410173', 'V MINH HNG ', '2000-07-02', 'i hc', '51e1e786022e03bdbfe6464d82292448', NULL, NULL, NULL, 0, 'DCT1188', 'sinhvien'),
('3118410174', 'L TH QUNH HNG ', '2000-03-13', 'i hc', 'b593ed4d4a22997faf606560e47f16a3', NULL, NULL, NULL, 0, 'DCT1189', 'sinhvien'),
('3118410175', 'V TH HI HNG ', '2000-11-24', 'i hc', '25f0547706743f03e63beec998bd8f4d', NULL, NULL, NULL, 0, 'DCT1181', 'sinhvien'),
('3118410176', 'NG HONG KHA ', '2000-06-20', 'i hc', '23cafccbccd25efe84430b787db04c59', NULL, NULL, NULL, 0, 'DCT1181', 'sinhvien'),
('3118410177', 'TRIU BCH KHAI ', '2000-10-09', 'i hc', '5225e535456de73c9bfec1bb61453e18', NULL, NULL, NULL, 0, 'DCT1181', 'sinhvien'),
('3118410179', 'PHM C KHI', '2000-06-23', 'i hc', 'ce11182aa82fc256b940ebd1d0447b24', 'duckhai0623@gmail.com', '0918171965', 'icons8-edit-account-100.png', 0, 'DCT1182', 'sinhvien'),
('3118410180', 'PHM VN KHI ', '2000-11-30', 'i hc', '5d13986e2855038bfc384733523d8ec8', NULL, NULL, NULL, 0, 'DCT1183', 'sinhvien'),
('3118410182', 'BI TH KHANG ', '2000-08-16', 'i hc', '4c1a9a489ecfee18bec10ec3a403f63b', NULL, NULL, NULL, 0, 'DCT1184', 'sinhvien'),
('3118410185', 'NGUYN TRIU MINH KHANG ', '2000-10-15', 'i hc', '27fb2153b9fae224ed5000e11368cae1', NULL, NULL, NULL, 0, 'DCT1187', 'sinhvien'),
('3118410186', 'TRNH GIA KHANG ', '2000-04-08', 'i hc', '056de99fe5c6f962ff6623b8539a3e46', NULL, NULL, NULL, 0, 'DCT1188', 'sinhvien'),
('3118410188', 'NGUYN QUC KHNH ', '2000-03-21', 'i hc', '111bec34b441a58882aa5813c60deade', NULL, NULL, NULL, 0, 'DCT1181', 'sinhvien'),
('3118410189', 'NGUYN QUC KHNH ', '2000-11-13', 'i hc', '5321a38f94fc6f83c3a715301c7cce61', NULL, NULL, NULL, 0, 'DCT1181', 'sinhvien'),
('3118410190', 'PHM NHT KHNH ', '2000-08-27', 'i hc', '7437fa0c4ed0be5d5472d08c6374257c', NULL, NULL, NULL, 0, 'DCT1181', 'sinhvien'),
('3118410191', 'TRN HUY KHNH ', '2000-09-06', 'i hc', '27815174e656a4df93c7d3e26d53d007', NULL, NULL, NULL, 0, 'DCT1181', 'sinhvien'),
('3118410192', 'VNG LNG KHNH ', '2000-01-17', 'i hc', 'd406305592890835fc273a05753c02bb', NULL, NULL, NULL, 0, 'DCT1182', 'sinhvien'),
('3118410193', 'ONG TON KHIM ', '2000-12-26', 'i hc', '1753082b927c02e11896d4f0d85fd87f', NULL, NULL, NULL, 0, 'DCT1183', 'sinhvien'),
('3118410195', 'L NG KHOA ', '2000-04-28', 'i hc', '14580ca25216bf597ce6e9e62153f3ce', NULL, NULL, NULL, 0, 'DCT1185', 'sinhvien'),
('3118410197', 'NGUYN NG KHOA ', '2000-07-14', 'i hc', 'b3ed582dc68d1ab82d745358f78a2672', NULL, NULL, NULL, 0, 'DCT1187', 'sinhvien'),
('3118410198', 'NGUYN NG KHOA ', '2000-08-11', 'i hc', 'd86d607c327a3967a8cb212a374eb27e', NULL, NULL, NULL, 0, 'DCT1188', 'sinhvien'),
('3118410200', 'V MINH KHOA ', '2000-10-03', 'i hc', '3d670bef27158eb56dd821156e3b9189', NULL, NULL, NULL, 0, 'DCT1189', 'sinhvien'),
('3118410201', 'NGUYN NGC KHE ', '2000-02-26', 'i hc', 'eb4f6d0f944df78c146234bbcb6f724d', NULL, NULL, NULL, 0, 'DCT1181', 'sinhvien'),
('3118410202', 'H MINH KHI ', '2000-09-29', 'i hc', '1cdbe2268fd5df7bdfc0a7b863cc6356', NULL, NULL, NULL, 0, 'DCT1181', 'sinhvien'),
('3118410203', 'TRN L ANH KHI ', '2000-02-16', 'i hc', 'adfd4a788859120151005d6d72d69692', NULL, NULL, NULL, 0, 'DCT1181', 'sinhvien'),
('3118410206', 'DNG NH KIT ', '2000-08-09', 'i hc', 'a217f83cc50e5ff57b3c56341f66f2a6', NULL, NULL, NULL, 0, 'DCT1182', 'sinhvien'),
('3118410207', 'HUNH TUN KIT ', '2000-05-28', 'i hc', 'cfc15ae65ee357104549f9c32e73f888', NULL, NULL, NULL, 0, 'DCT1183', 'sinhvien'),
('3118410208', 'TRN MINH KIT ', '2000-09-27', 'i hc', '4fd2be078e6c0babfd82cca744143ad0', NULL, NULL, NULL, 0, 'DCT1184', 'sinhvien'),
('3118410211', 'V DUY KIT ', '2000-11-09', 'i hc', '43721dd17d5b06f82353b078cde2c94f', NULL, NULL, NULL, 0, 'DCT1187', 'sinhvien'),
('3118410212', 'NG NH TH K ', '2000-07-31', 'i hc', '25aa83023ae013486becf2cfbb011afc', NULL, NULL, NULL, 0, 'DCT1188', 'sinhvien'),
('3118410213', 'NOOR A KIM LAM ', '2000-11-02', 'i hc', '5dfe49865ec8554e47ae3fa1ba8812af', NULL, NULL, NULL, 0, 'DCT1189', 'sinhvien'),
('3118410216', 'L TNG LM ', '2000-11-21', 'i hc', 'bc5a21b2e35f1c9b105d4a779028ae50', NULL, NULL, NULL, 0, 'DCT1181', 'sinhvien'),
('3118410217', 'LNG V LM ', '2000-08-17', 'i hc', '4198ba456bcd75034a3d6c38dffcfd72', NULL, NULL, NULL, 0, 'DCT1181', 'sinhvien'),
('3118410219', 'NGUYN TRNG HNG LM ', '2000-12-03', 'i hc', 'b4b21afdbfc59e4364aac71bca2895d0', NULL, NULL, NULL, 0, 'DCT1182', 'sinhvien'),
('3118410220', 'PHM MINH LM ', '2000-09-09', 'i hc', '53d57a50d88025f9a3e29544bac1a2fc', NULL, NULL, NULL, 0, 'DCT1183', 'sinhvien'),
('3118410221', 'M THOI LN ', '2000-03-05', 'i hc', '99087ae53bdddb14dfbdac33f126b87f', NULL, NULL, NULL, 0, 'DCT1184', 'sinhvien'),
('3118410222', 'PHM CNG LP ', '2000-06-26', 'i hc', 'df142c4436dba0109598238d5dbc6e4c', NULL, NULL, NULL, 0, 'DCT1185', 'sinhvien'),
('31184102232', 'Nguadss', '2022-06-17', 'i hc', '9e0aa676a9fbbbea3ddaa76f28f717f0', NULL, NULL, NULL, 0, 'DCT1195', 'sinhvien'),
('31184102233', 'Nguad', '2022-06-16', 'i hc', '70a698161588ed07b97d00e433ee7a01', NULL, NULL, NULL, 0, 'DCT1172', 'sinhvien'),
('31184102235', 'Nguad', '2022-06-16', 'i hc', '754c7c973d70a4d5a98ac31a5f729358', NULL, NULL, NULL, 0, 'DCT1182', 'sinhvien'),
('3118410225', ' TH LINH ', '2000-01-16', 'i hc', '81c2ffad862915eb22eecdb373ea7385', NULL, NULL, NULL, 0, 'DCT1186', 'sinhvien'),
('3118410226', 'L VN LINH ', '1999-01-06', 'i hc', '75a269a9a501d58ae8402cffdef6c866', NULL, NULL, NULL, 0, 'DCT1187', 'sinhvien'),
('3118410227', 'NGUYN HONG LINH ', '1997-01-06', 'i hc', '223b7244529a2e658cb45d03fee527c4', NULL, NULL, NULL, 0, 'DCT1188', 'sinhvien'),
('3118410229', 'TRN NGC TUYT LINH ', '2000-12-26', 'i hc', '7e3d4f947871b2ee3a25c6ad59dc86ea', NULL, NULL, NULL, 0, 'DCT1189', 'sinhvien'),
('3118410232', 'DNG HNG LONG ', '2000-01-13', 'i hc', '82d83d11fca173bfbb8262d1a9e6b11e', NULL, NULL, NULL, 0, 'DCT1181', 'sinhvien'),
('3118410233', 'NG HI LONG ', '2000-02-16', 'i hc', '7674fc2907737182161096997b0c72d1', NULL, NULL, NULL, 0, 'DCT1181', 'sinhvien');
INSERT INTO `sinhvien` (`maSinhVien`, `hoTenSinhVien`, `ngaySinh`, `he`, `matKhauSinhVien`, `email`, `sdt`, `anhDaiDien`, `totNghiep`, `maLop`, `quyen`) VALUES
('3118410234', ' NH BO LONG ', '2000-06-30', 'i hc', '38bea787f3322823d244043f8e764b3f', NULL, NULL, NULL, 0, 'DCT1181', 'sinhvien'),
('3118410235', 'HONG NGC LONG ', '2000-10-17', 'i hc', '718a371e952ec2ad3c5549d822a9f9dc', NULL, NULL, NULL, 0, 'DCT1181', 'sinhvien'),
('3118410237', 'LM PHI LONG ', '2000-10-14', 'i hc', '99002ca9b70cadd8e04e8dee2b2a047f', NULL, NULL, NULL, 0, 'DCT1189', 'sinhvien'),
('3118410238', 'L VN LONG ', '2000-01-11', 'i hc', '413e4081c85e8db085fa1ae95ee380ab', NULL, NULL, NULL, 0, 'DCT1182', 'sinhvien'),
('3118410240', 'NGUYN THIN LONG ', '2000-09-30', 'i hc', 'a260e78fe8f49af6517aba63d13ce4c9', NULL, NULL, NULL, 0, 'DCT1183', 'sinhvien'),
('3118410242', 'PHAN NG THIN LONG ', '2000-04-24', 'i hc', '1c79711679dc5c4d76b6b28d0a8bcd3f', NULL, NULL, NULL, 0, 'DCT1185', 'sinhvien'),
('3118410245', 'TNG HONG LONG ', '2000-03-06', 'i hc', 'd6d5aa9bdd98db1afcdb7dd86a9678ff', NULL, NULL, NULL, 0, 'DCT1188', 'sinhvien'),
('3118410246', 'THI BO LONG ', '2000-07-21', 'i hc', '526eed77bd51fafcec88da0dae4481a5', NULL, NULL, NULL, 0, 'DCT1189', 'sinhvien'),
('3118410247', 'TRN BO LONG ', '2000-12-13', 'i hc', '52cc5e341a3368e220bacd63fa62aeae', NULL, NULL, NULL, 0, 'DCT1181', 'sinhvien'),
('3118410248', 'TRN PHAN THANH LONG ', '2000-06-05', 'i hc', 'eb5dd72384f6097394fd82083fb25af0', NULL, NULL, NULL, 0, 'DCT1181', 'sinhvien'),
('3118410256', 'PHM VN LI ', '1999-10-20', 'i hc', 'e68ecf74737c0730c5cf7e588dee1b54', NULL, NULL, NULL, 0, 'DCT1183', 'sinhvien'),
('3118410260', 'PHM MINH MN ', '2000-02-15', 'i hc', '8e7089b8861f8b26fc1bec6e41d68d2f', NULL, NULL, NULL, 0, 'DCT1187', 'sinhvien'),
('3118410261', 'PHM NGC MN ', '2000-07-11', 'i hc', '7de2dd5919182e9d50ea5dfa5870288d', NULL, NULL, NULL, 0, 'DCT1188', 'sinhvien'),
('3118410262', 'NGUYN THNG MN ', '2000-08-07', 'i hc', 'b75617aed87d1a170dd25d22547f888d', NULL, NULL, NULL, 0, 'DCT1189', 'sinhvien'),
('3118410263', 'LC KHI MINH ', '2000-12-09', 'i hc', 'bbe4d93c086b3df15ffb48395408baac', NULL, NULL, NULL, 0, 'DCT1181', 'sinhvien'),
('3118410264', 'L CNG ANH MINH ', '2000-10-22', 'i hc', 'e99a05087f467ee230ba350db76bf7d8', NULL, NULL, NULL, 0, 'DCT1181', 'sinhvien'),
('3118410265', 'L H KIM MINH ', '2000-11-02', 'i hc', '4095dc57d6fbd898192224063d3e2e65', NULL, NULL, NULL, 0, 'DCT1181', 'sinhvien'),
('3118410269', 'NGUYN NGC MINH ', '2000-05-24', 'i hc', '0201a7cca561c1c2e441241602df0c8b', NULL, NULL, NULL, 0, 'DCT1183', 'sinhvien'),
('3118410270', 'NGUYN NGC MINH ', '2000-10-22', 'i hc', '47fcb05230839dbd5280f1ff1dff2d40', NULL, NULL, NULL, 0, 'DCT1184', 'sinhvien'),
('3118410271', 'PHM NHT MINH ', '2000-10-02', 'i hc', '3a6ec84b8855eb9f643ff1d712c79a6f', NULL, NULL, NULL, 0, 'DCT1185', 'sinhvien'),
('3118410275', ' TH THANH MI ', '2000-01-07', 'i hc', 'e9de12a15516aa37bd4d6bd4f83e04d8', NULL, NULL, NULL, 0, 'DCT1189', 'sinhvien'),
('3118410276', 'NG TH TIU MY ', '2000-09-16', 'i hc', '8754fa3b6f5c7aa74029b637e5bc628d', NULL, NULL, NULL, 0, 'DCT1181', 'sinhvien'),
('3118410278', 'L PHM PHNG NAM ', '2000-01-21', 'i hc', 'c5b3224f3aa94ae42efaa3d4881ce7ef', NULL, NULL, NULL, 0, 'DCT1181', 'sinhvien'),
('3118410279', 'NGUYN DUY NAM ', '2000-12-22', 'i hc', 'b301e3481c9be993b9d20db783911e4f', NULL, NULL, NULL, 0, 'DCT1181', 'sinhvien'),
('3118410280', 'NGUYN MINH PHNG NAM ', '2000-11-28', 'i hc', 'aa25720af72d6075b01d591756ea89ce', NULL, NULL, NULL, 0, 'DCT1182', 'sinhvien'),
('3118410281', 'NGUYN PHNG NAM ', '2000-09-03', 'i hc', '4e778cf045b0b4c142e651b54818fbd6', NULL, NULL, NULL, 0, 'DCT1183', 'sinhvien'),
('3118410284', 'V HOI NAM ', '2000-09-20', 'i hc', '38462205fcd72ed4b0c3670936e33e9e', NULL, NULL, NULL, 0, 'DCT1185', 'sinhvien'),
('3118410285', 'NGUYN KIM NGN ', '2000-10-01', 'i hc', '37a8bd9f3c7be2ae40c3ba10aa9beb81', NULL, NULL, NULL, 0, 'DCT1186', 'sinhvien'),
('3118410286', 'TRN L TRNG NGHA ', '2000-08-25', 'i hc', '8c1dd98cddb24882cd0d130d54766f04', NULL, NULL, NULL, 0, 'DCT1187', 'sinhvien'),
('3118410288', 'NGUYN DI NGUY ', '2000-08-20', 'i hc', '34d67098969207fdf38e8823b62b8415', NULL, NULL, NULL, 0, 'DCT1188', 'sinhvien'),
('3118410289', 'NGUYN MINH NGUYN ', '2000-10-24', 'i hc', '33aceb1bcf1e3e110da7fbec49595309', NULL, NULL, NULL, 0, 'DCT1189', 'sinhvien'),
('3118410291', 'TRIU PHNG TN NGUYN ', '2000-06-01', 'i hc', 'c767b2f8fbadf6e50e68d02d19d56fe9', NULL, NULL, NULL, 0, 'DCT1181', 'sinhvien'),
('3118410292', 'VN TH HNG NGUYN ', '2000-11-28', 'i hc', '33680dfa1027406a0ee563ae34af5870', NULL, NULL, NULL, 0, 'DCT1181', 'sinhvien'),
('3118410293', 'O KIM NH ', '2000-11-18', 'i hc', 'f82948413f6c8246e1a6d031f8aafdda', NULL, NULL, NULL, 0, 'DCT1181', 'sinhvien'),
('3118410295', 'TRN TH THANH NHN ', '2000-11-25', 'i hc', '3a6ef229c85635b33f48b37b717178ce', NULL, NULL, NULL, 0, 'DCT1181', 'sinhvien'),
('3118410296', ' NGUYN NAM NHN ', '2000-11-04', 'i hc', 'a19281b84ab64919b4ef0dbc0c756ca4', NULL, NULL, NULL, 0, 'DCT1182', 'sinhvien'),
('3118410297', 'LA THANH NHN ', '2000-08-21', 'i hc', 'edf1953a32d87dcbcc4c2cf9c461faa2', NULL, NULL, NULL, 0, 'DCT1183', 'sinhvien'),
('3118410299', 'L TR NHN ', '2000-06-29', 'i hc', 'dfcac9e1a34e01cd74f9ae49f564f6de', NULL, NULL, NULL, 0, 'DCT1185', 'sinhvien'),
('3118410300', 'NGUYN HU NHN ', '2000-11-25', 'i hc', '38a7143328e421debf19f826681ed0e3', NULL, NULL, NULL, 0, 'DCT1186', 'sinhvien'),
('3118410302', 'PHAN THANH NHN ', '2000-05-05', 'i hc', '06952a542984d8f4ec4beaa492b8e1ac', NULL, NULL, NULL, 0, 'DCT1187', 'sinhvien'),
('3118410304', 'TRN DUY NHN ', '2000-04-30', 'i hc', '837fa037703d4a347d2294047b40b367', NULL, NULL, NULL, 0, 'DCT1188', 'sinhvien'),
('3118410305', 'TRNG T NHN ', '2000-11-03', 'i hc', '91d26a8b5577382eeec1bad6b316c56d', NULL, NULL, NULL, 0, 'DCT1189', 'sinhvien'),
('3118410308', 'NGUYN B PHI NHT ', '2000-11-22', 'i hc', '31701986de42e320d51304f07092d258', NULL, NULL, NULL, 0, 'DCT1181', 'sinhvien'),
('3118410310', 'TRNG MINH NHT ', '2000-05-25', 'i hc', '6146b61c8d4c6a2c7223e92edb423aa9', NULL, NULL, NULL, 0, 'DCT1181', 'sinhvien'),
('3118410312', 'PHM TRNH LAN NHI ', '2000-04-09', 'i hc', 'eb90f4e79c747b28abf90e248b97bd24', NULL, NULL, NULL, 0, 'DCT1182', 'sinhvien'),
('3118410313', 'TRN YN NHI ', '2000-12-27', 'i hc', '42858e6005f99d7168a82bb215445f30', NULL, NULL, NULL, 0, 'DCT1183', 'sinhvien'),
('3118410316', 'PHAN NGUYN HNG NHUNG ', '2000-10-04', 'i hc', '4d04456986303aab0952eea14530ae3b', NULL, NULL, NULL, 0, 'DCT1184', 'sinhvien'),
('3118410317', 'LU M NH ', '2000-08-10', 'i hc', '3e5cd23ad01a23a42dc715dbc24326e7', NULL, NULL, NULL, 0, 'DCT1185', 'sinhvien'),
('3118410318', 'NGUYN NGC QUNH NH ', '2000-01-24', 'i hc', '572962220b717efebc85ecd4e7e7cd03', NULL, NULL, NULL, 0, 'DCT1186', 'sinhvien'),
('3118410319', 'TRN TRNG NINH ', '2000-04-26', 'i hc', 'b1561259d8b3be0e0b9df26b7209bfe5', NULL, NULL, NULL, 0, 'DCT1187', 'sinhvien'),
('3118410320', 'NG TH KIU OANH ', '2000-10-17', 'i hc', '2d8b98268776bd63688ba8d443708558', NULL, NULL, NULL, 0, 'DCT1188', 'sinhvien'),
('3118410322', 'LM TN PHT ', '2000-10-30', 'i hc', '0d0f7619e2eed6e0dde981905faf745a', NULL, NULL, NULL, 0, 'DCT1181', 'sinhvien'),
('3118410323', 'NGUYN TN PHT ', '2000-05-13', 'i hc', 'e986356bb6639ea8a8ee4753161623bb', NULL, NULL, NULL, 0, 'DCT1181', 'sinhvien'),
('3118410325', 'PHAN GIA PHT ', '2000-04-12', 'i hc', 'fbdc3476143dc931bd58df4ee602d70b', NULL, NULL, NULL, 0, 'DCT1181', 'sinhvien'),
('3118410328', 'GIANG TH PHONG ', '2000-10-22', 'i hc', '5919539b08aaa17a95b2c82c7a0411c6', NULL, NULL, NULL, 0, 'DCT1184', 'sinhvien'),
('3118410330', 'NGUYN TH PHONG ', '2000-07-24', 'i hc', 'e2cb927d64d8b8e57132489d11bb3161', NULL, NULL, NULL, 0, 'DCT1186', 'sinhvien'),
('3118410332', 'TRN THANH PHONG ', '2000-02-06', 'i hc', '36eeaea4d733a33d7fc06f7a16fd72be', NULL, NULL, NULL, 0, 'DCT1188', 'sinhvien'),
('3118410335', 'NGUYN PHONG PH ', '2000-02-18', 'i hc', '8424943e79907b62ed8e37c7b0a7aecd', NULL, NULL, NULL, 0, 'DCT1181', 'sinhvien'),
('3118410336', 'TRN THANH PH ', '2000-09-07', 'i hc', '1f6502d7ab0ae4db92af3015a6c4eccf', NULL, NULL, NULL, 0, 'DCT1181', 'sinhvien'),
('3118410337', 'INH HU PHC ', '2000-12-22', 'i hc', '546590b643b45986c1d5c7b5659edaaa', NULL, NULL, NULL, 0, 'DCT1181', 'sinhvien'),
('3118410338', 'NGUYN THANH PHC ', '2000-03-07', 'i hc', '03b251f9302fe4a30692dc2badd175e3', NULL, NULL, NULL, 0, 'DCT1181', 'sinhvien'),
('3118410339', 'T HNG PHC ', '2000-02-26', 'i hc', 'aa1230218a445e77c9223bff1d8ad54d', NULL, NULL, NULL, 0, 'DCT1182', 'sinhvien'),
('3118410341', 'V ANH PHC ', '2000-02-11', 'i hc', '859102a43743f0b84d824cef613dad95', NULL, NULL, NULL, 0, 'DCT1183', 'sinhvien'),
('3118410342', 'T THIN PHC ', '2000-04-20', 'i hc', 'ddeaa864869f9e1e9583e25e2687d571', NULL, NULL, NULL, 0, 'DCT1184', 'sinhvien'),
('3118410344', 'HUNH MINH QUANG ', '2000-03-04', 'i hc', '24778b89f4c8ac09788b0f61e8c60fde', NULL, NULL, NULL, 0, 'DCT1185', 'sinhvien'),
('3118410346', 'NGUYN L QUANG ', '2000-01-24', 'i hc', 'e271a67aa98d415a31673cc37ef7b4d6', NULL, NULL, NULL, 0, 'DCT1186', 'sinhvien'),
('3118410347', 'PHM MINH QUANG ', '2000-05-24', 'i hc', 'f4ad85c47aeec1d138365dc3a56a789f', NULL, NULL, NULL, 0, 'DCT1187', 'sinhvien'),
('3118410348', 'TRN QUANG ', '2000-08-08', 'i hc', 'fb3dc1d07b704cac3619e483e7d80b6e', NULL, NULL, NULL, 0, 'DCT1188', 'sinhvien'),
('3118410351', 'HUNH KING QUN ', '2000-10-21', 'i hc', 'ce42ae03467dd7601fe50826f4f50a0b', NULL, NULL, NULL, 0, 'DCT1181', 'sinhvien'),
('3118410352', 'HUNH MINH QUN ', '2000-11-29', 'i hc', '1dd5647f13cc70730f7fd0820be91a5e', NULL, NULL, NULL, 0, 'DCT1181', 'sinhvien'),
('3118410353', 'NGUYN ANH QUN ', '2000-02-13', 'i hc', 'd1dcd3274f4981c0614b93ee819be42c', NULL, NULL, NULL, 0, 'DCT1181', 'sinhvien'),
('3118410355', 'NGUYN PHM MINH QUN ', '2000-06-15', 'i hc', '12f88b86a433b734c5b1586771e1b39f', NULL, NULL, NULL, 0, 'DCT1182', 'sinhvien'),
('3118410358', 'TIU ANH QUC ', '2000-03-25', 'i hc', 'a3803cebf573837013836cecac555844', NULL, NULL, NULL, 0, 'DCT1185', 'sinhvien'),
('3118410360', 'L NG QUYN ', '2000-11-04', 'i hc', 'c04bb072381bb082f11b33446287087e', NULL, NULL, NULL, 0, 'DCT1186', 'sinhvien'),
('3118410361', 'TRNG TRNG QUYN ', '2000-04-06', 'i hc', '2c54228d0115ea638c128c46eef154c1', NULL, NULL, NULL, 0, 'DCT1187', 'sinhvien'),
('3118410362', 'V C QUYN ', '2000-09-04', 'i hc', '16ad708818379d0357bc2b8a83ee2de1', NULL, NULL, NULL, 0, 'DCT1188', 'sinhvien'),
('3118410363', 'L XUN SANG ', '2000-05-03', 'i hc', '63fa215326cf40e1ae56ea1b39fbd61a', NULL, NULL, NULL, 0, 'DCT1189', 'sinhvien'),
('3118410365', 'TRN NGC SANG ', '2000-11-17', 'i hc', 'a7236ccd226946c00089c535f66078d4', NULL, NULL, NULL, 0, 'DCT1181', 'sinhvien'),
('3118410367', 'OCHIAI SHIGERU ', '2000-12-10', 'i hc', '6c64276df381d911ce541166630c6679', NULL, NULL, NULL, 0, 'DCT1189', 'sinhvien'),
('3118410369', 'HUNH PH SN ', '2000-04-14', 'i hc', '81ce7245138bf5d4993880086e0f6cbb', NULL, NULL, NULL, 0, 'DCT1181', 'sinhvien'),
('3118410373', 'PHAN CNG SN ', '2000-05-01', 'i hc', '876413acefae98abd60033c62dfac917', NULL, NULL, NULL, 0, 'DCT1184', 'sinhvien'),
('3118410374', 'THI PHI SN ', '2000-09-09', 'i hc', '2fc86cbc48e3a0048a0f7916b6a9c006', NULL, NULL, NULL, 0, 'DCT1185', 'sinhvien'),
('3118410377', 'LM TN TI ', '2000-02-27', 'i hc', 'f214fa85f9125d4848afa2c985911ab8', NULL, NULL, NULL, 0, 'DCT1186', 'sinhvien'),
('3118410379', 'NGUYN CNG TI ', '2000-11-20', 'i hc', '9e30a49f66f0cea0b97811efa51e876e', NULL, NULL, NULL, 0, 'DCT1187', 'sinhvien'),
('3118410380', 'NGUYN TN TI ', '2000-03-02', 'i hc', '63ec3ced2f5832cc7d94b3a086731e4e', NULL, NULL, NULL, 0, 'DCT1188', 'sinhvien'),
('3118410381', 'NGUYN THNH TI ', '2000-11-21', 'i hc', '7424206f195ca5aae334c115a2364f19', NULL, NULL, NULL, 0, 'DCT1189', 'sinhvien'),
('3118410382', 'NGUYN TRN C TI ', '2000-03-06', 'i hc', '5bcef971e99b36177a3291b3d24ac9f6', NULL, NULL, NULL, 0, 'DCT1181', 'sinhvien'),
('3118410384', 'NGUYN THIN TM ', '2000-02-17', 'i hc', '03996cf1571a5f8b9a02a94ea42fb6eb', NULL, NULL, NULL, 0, 'DCT1181', 'sinhvien'),
('3118410385', 'MAI B TN ', '2000-01-06', 'i hc', '5f6d9ed183b8c4498a0b7d41cede3e84', NULL, NULL, NULL, 0, 'DCT1181', 'sinhvien'),
('3118410386', 'L PHNG TY ', '2000-04-23', 'i hc', '3a11d32862946ee317449f529af4ff3e', NULL, NULL, NULL, 0, 'DCT1181', 'sinhvien'),
('3118410387', 'VN ', '2000-03-01', 'i hc', '0c984e729ab93e0a26c4154419e67fa1', NULL, NULL, NULL, 0, 'DCT1182', 'sinhvien'),
('3118410390', 'NGUYN NGC THI ', '2000-08-28', 'i hc', '6ba53e10b268d6b06947643e2a2b31cd', NULL, NULL, NULL, 0, 'DCT1185', 'sinhvien'),
('3118410393', 'H NGUYN THNH ', '2000-11-14', 'i hc', 'f9b2df6d1a564cb11767773bdfff2c28', NULL, NULL, NULL, 0, 'DCT1187', 'sinhvien'),
('3118410395', 'TRNG PHC THNH ', '2000-02-03', 'i hc', '07b71ddc57faabd41e3c48891e6b78aa', NULL, NULL, NULL, 0, 'DCT1189', 'sinhvien'),
('3118410396', 'YOU CH THNH ', '2000-02-05', 'i hc', '88145743ebc4613d94ec7ee4550b2177', NULL, NULL, NULL, 0, 'DCT1181', 'sinhvien'),
('3118410397', 'NGUYN TH PHNG THO ', '2000-01-24', 'i hc', '3331854695b6e5b3dabd07c3de0dba32', NULL, NULL, NULL, 0, 'DCT1181', 'sinhvien'),
('3118410399', 'HONG NGC THNG ', '2000-02-02', 'i hc', 'ba2edd6cdd26c81c2750574ee35ec486', NULL, NULL, NULL, 0, 'DCT1181', 'sinhvien'),
('3118410400', 'H C THNG ', '2000-11-16', 'i hc', '4ebc206344dbbc2202f88b197004af8e', NULL, NULL, NULL, 0, 'DCT1181', 'sinhvien'),
('3118410402', 'NGUYN HU THNG ', '2000-03-23', 'i hc', '74f5b0434be04234ccd216313e31cc82', NULL, NULL, NULL, 0, 'DCT1182', 'sinhvien'),
('3118410403', 'NGUYN PHM QUC THNG ', '2000-08-13', 'i hc', '3948a06b4508696db314a3b8e332cc29', NULL, NULL, NULL, 0, 'DCT1183', 'sinhvien'),
('3118410404', 'NGUYN HONG TH ', '2000-07-02', 'i hc', '4b418472b20bf2dd30afdf601db689b8', NULL, NULL, NULL, 0, 'DCT1184', 'sinhvien'),
('3118410405', 'CUNG XNG HNG THIN ', '2000-11-17', 'i hc', 'b786e1512d56224a976e61eb0600699f', NULL, NULL, NULL, 0, 'DCT1185', 'sinhvien'),
('3118410406', 'V VN THIN ', '2000-12-08', 'i hc', '8f187c26af3baa0ca4e8703b751c93c9', NULL, NULL, NULL, 0, 'DCT1186', 'sinhvien'),
('3118410407', 'NGUYN MINH THIN ', '2000-01-04', 'i hc', '8ef6242c7d32d7378ef9ccb624bc1710', NULL, NULL, NULL, 0, 'DCT1187', 'sinhvien'),
('3118410408', 'NGUYN NGC THIN ', '2000-05-08', 'i hc', '1ee6f82b2061441d75b3e3e2c7e67c9e', NULL, NULL, NULL, 0, 'DCT1188', 'sinhvien'),
('3118410409', 'NGUYN NGC THIN ', '2000-07-11', 'i hc', 'e856c7ecff55305dd4346fbcbd4868e3', NULL, NULL, NULL, 0, 'DCT1189', 'sinhvien'),
('3118410410', 'V CH THIN ', '2000-10-24', 'i hc', '23043240609dbbe19b179f5b149f55bc', NULL, NULL, NULL, 0, 'DCT1181', 'sinhvien'),
('3118410411', 'MAI PHC THNH ', '2000-11-08', 'i hc', 'f7a1ff08f5dce6027249455c1fa5b68f', NULL, NULL, NULL, 0, 'DCT1181', 'sinhvien'),
('3118410412', 'NGUYN NGC THNH ', '2000-05-06', 'i hc', 'd3274efa177c6339c8e68dd32b34ea31', NULL, NULL, NULL, 0, 'DCT1181', 'sinhvien'),
('3118410413', 'NGUYN NGC THNH ', '2000-07-13', 'i hc', '02630dd0cbece220867b9bfa65b018d1', NULL, NULL, NULL, 0, 'DCT1181', 'sinhvien'),
('3118410414', 'NGUYN PHC THNH ', '2000-01-22', 'i hc', 'e2e3ac1a4fb29e73a510c52d0b0d335a', NULL, NULL, NULL, 0, 'DCT1182', 'sinhvien'),
('3118410416', 'NGUYN MINH THNG ', '2000-10-08', 'i hc', '3d6e2e5c0ced7d0d05396d7d09d1fb6f', NULL, NULL, NULL, 0, 'DCT1184', 'sinhvien'),
('3118410417', 'NGUYN TN THNG ', '2000-06-03', 'i hc', '501a685399bbee763514f7486a302810', NULL, NULL, NULL, 0, 'DCT1185', 'sinhvien'),
('3118410419', 'H TH THM ', '2000-02-16', 'i hc', '98e68c3603587f78e0b94a852729f735', NULL, NULL, NULL, 0, 'DCT1187', 'sinhvien'),
('3118410420', 'NGUYN TH THU ', '2000-10-31', 'i hc', '1e9ff8b1c6c95f8e4e866136a927b76c', NULL, NULL, NULL, 0, 'DCT1188', 'sinhvien'),
('3118410422', 'TRN GIA THUN ', '2000-08-20', 'i hc', 'd0541160b826c67595bfe6416a1d02d5', NULL, NULL, NULL, 0, 'DCT1181', 'sinhvien'),
('3118410432', 'TNG MINH TIN ', '2000-04-24', 'i hc', '616f2a1e53af420d401bb61798722d69', NULL, NULL, NULL, 0, 'DCT1186', 'sinhvien'),
('3118410433', 'TRN THUN TIN ', '2000-06-20', 'i hc', '8f794df40107af517a94809ba479a3c7', NULL, NULL, NULL, 0, 'DCT1187', 'sinhvien'),
('3118410434', 'NGUYN MINH TIN ', '2000-04-03', 'i hc', '4226675d96c5d6e41a64a662ad582ec8', NULL, NULL, NULL, 0, 'DCT1188', 'sinhvien'),
('3118410435', 'NGUYN NH TN ', '2000-09-06', 'i hc', 'd4dfaf2608a550220f73907c83f8a5bc', NULL, NULL, NULL, 0, 'DCT1189', 'sinhvien'),
('3118410436', 'U KHNH TON ', '2000-04-26', 'i hc', '50311f6bf760b41ed4b43e6f9ac363f6', NULL, NULL, NULL, 0, 'DCT1181', 'sinhvien'),
('3118410437', 'L QUC TON ', '2000-07-03', 'i hc', '021a6bbcab37b9408e0277e74ca46053', NULL, NULL, NULL, 0, 'DCT1181', 'sinhvien'),
('3118410438', 'L THANH TON ', '2000-06-13', 'i hc', '42ee4a1d3823c6efa27815978865f1ad', NULL, NULL, NULL, 0, 'DCT1181', 'sinhvien'),
('3118410439', 'TRN QUC TON ', '2000-05-19', 'i hc', 'aaffad16a3782440b40feb998d0de5be', NULL, NULL, NULL, 0, 'DCT1181', 'sinhvien'),
('3118410441', 'PHM L HONG TRANG ', '2000-08-07', 'i hc', 'b412a9f427bba41e94c4f5461233e401', NULL, NULL, NULL, 0, 'DCT1183', 'sinhvien'),
('3118410442', 'HUNH NHT QU TRN ', '2000-12-02', 'i hc', 'bb16da9022300457e6b90860cc45efe3', NULL, NULL, NULL, 0, 'DCT1184', 'sinhvien'),
('3118410443', 'NGUYN NGC HONG BO TRN ', '2000-12-02', 'i hc', '4d8712e0063b99712e9d52da5c008625', NULL, NULL, NULL, 0, 'DCT1185', 'sinhvien'),
('3118410444', 'HNG TRN V TR ', '2000-02-26', 'i hc', '104921944c6ab2f21203620171f9f0c6', NULL, NULL, NULL, 0, 'DCT1186', 'sinhvien'),
('3118410445', 'HONG MINH TR ', '2000-06-06', 'i hc', 'ed6cc73606a823cae67c8dde6adf6b5b', NULL, NULL, NULL, 0, 'DCT1187', 'sinhvien'),
('3118410447', 'HA MINH TRIU ', '2000-02-27', 'i hc', '02fe53e56dc4b8af6bdef49bff7c47d1', NULL, NULL, NULL, 0, 'DCT1189', 'sinhvien'),
('3118410448', 'QUANG NGC TRIU ', '2000-06-12', 'i hc', '734079051e661e24683df541c7bb4222', NULL, NULL, NULL, 0, 'DCT1181', 'sinhvien'),
('3118410449', 'TNG V M TRINH ', '2000-06-05', 'i hc', 'd16bc7e0493303a63e4eb5b72999637c', NULL, NULL, NULL, 0, 'DCT1181', 'sinhvien'),
('3118410451', 'LI C TRNG ', '2000-03-26', 'i hc', '9e3116ac4cc897818e2f2ad4261ce0ce', NULL, NULL, NULL, 0, 'DCT1181', 'sinhvien'),
('3118410453', 'L THNH TRUNG ', '2000-09-08', 'i hc', 'bcdce31803f879093f79267669cdb011', NULL, NULL, NULL, 0, 'DCT1181', 'sinhvien'),
('3118410454', 'NGUYN HU TRUNG ', '2000-04-10', 'i hc', '25c64039fe58964b01b238c81730b9bf', NULL, NULL, NULL, 0, 'DCT1182', 'sinhvien'),
('3118410455', 'TRN CHNH TRC ', '2000-06-23', 'i hc', '43d37a0c0f574c9d328bf6b656449930', NULL, NULL, NULL, 0, 'DCT1183', 'sinhvien'),
('3118410456', 'NGUYN HUY TRNG ', '2000-08-24', 'i hc', '43c94b1af880296efb26c9d6e47a60c6', NULL, NULL, NULL, 0, 'DCT1184', 'sinhvien'),
('3118410457', 'NGUYN NHT TRNG ', '2000-02-06', 'i hc', '25a6b4b6f08ec143174aec0fcbc45b9a', NULL, NULL, NULL, 0, 'DCT1185', 'sinhvien'),
('3118410458', 'NGUYN V PHI TRNG ', '2000-11-30', 'i hc', '4a3a4e169c2074fa0d2b48de6fe543af', NULL, NULL, NULL, 0, 'DCT1186', 'sinhvien'),
('3118410461', 'NGUYN NGC TUN ', '2000-10-06', 'i hc', '8de4f8389c3cbb27dbc9a8b3fc81c240', NULL, NULL, NULL, 0, 'DCT1188', 'sinhvien'),
('3118410462', 'NGUYN QUC TUN ', '2000-06-27', 'i hc', '870c5087e9789356740752650d38b392', NULL, NULL, NULL, 0, 'DCT1189', 'sinhvien'),
('3118410463', 'PHM ANH TUN ', '2000-01-03', 'i hc', '25e7e05f758eee4f78e4cf8efc2af528', NULL, NULL, NULL, 0, 'DCT1181', 'sinhvien'),
('3118410464', 'PHM THANH TUN ', '2000-02-21', 'i hc', '5c3b73bf826924b397ebb11d3bd0a7ec', NULL, NULL, NULL, 0, 'DCT1181', 'sinhvien'),
('3118410466', 'TRNG MINH TUN ', '2000-09-23', 'i hc', '0e8eafbb825149ad6cf93dbdd111b000', NULL, NULL, NULL, 0, 'DCT1181', 'sinhvien'),
('3118410469', 'PHM THANH TNG ', '2000-11-27', 'i hc', '996ea3ac04088fbeb5b6cfb953442eaf', NULL, NULL, NULL, 0, 'DCT1182', 'sinhvien'),
('3118410470', 'TRN THANH TNG ', '1999-03-22', 'i hc', '61f4defb8a44dbc1ce0dc73cf0102a97', NULL, NULL, NULL, 0, 'DCT1183', 'sinhvien'),
('3118410471', 'ON TH BCH TUYN ', '2000-06-11', 'i hc', '19b2d695b6934f28c9ee6a256f2f8b0f', NULL, NULL, NULL, 0, 'DCT1184', 'sinhvien'),
('3118410473', 'U NH UY ', '2000-11-11', 'i hc', 'dabdf041c5e05d837c596d3b754edada', NULL, NULL, NULL, 0, 'DCT1186', 'sinhvien'),
('3118410475', 'L HU UYN ', '2000-07-26', 'i hc', '214bb3a50d4a5af473acacbc0fb8fc59', NULL, NULL, NULL, 0, 'DCT1187', 'sinhvien'),
('3118410476', 'NGUYN THI VN ', '2000-11-30', 'i hc', 'e57f603b2942355c52f9f8af585e7f25', NULL, NULL, NULL, 0, 'DCT1188', 'sinhvien'),
('3118410477', 'TRN V VN ', '2000-03-02', 'i hc', '7ec17329fc6b3a5f8d063cbdbd84374a', NULL, NULL, NULL, 0, 'DCT1189', 'sinhvien'),
('3118410478', 'NGUYN TH TNG VI ', '2000-02-14', 'i hc', 'cbfee39184804de36530b4eff531f6ae', NULL, NULL, NULL, 0, 'DCT1181', 'sinhvien'),
('3118410480', 'V NH VIN ', '2000-01-06', 'i hc', 'b800b2ea0da8a8726340e78e8e64b7de', NULL, NULL, NULL, 0, 'DCT1181', 'sinhvien'),
('3118410482', 'L TRIN VINH ', '2000-08-09', 'i hc', 'cebc471745916b2426f1503844591b24', NULL, NULL, NULL, 0, 'DCT1182', 'sinhvien'),
('3118410483', 'NGUYN HU VINH ', '2000-08-09', 'i hc', '17ab22a60be62c289e861c8b9ced15a6', NULL, NULL, NULL, 0, 'DCT1183', 'sinhvien'),
('3118410484', 'TRNH TH VINH ', '2000-08-26', 'i hc', '0aff9cc9b2387eaafb13fedaa0e37151', NULL, NULL, NULL, 0, 'DCT1184', 'sinhvien'),
('3118410485', 'VNG CHN VINH ', '2000-08-27', 'i hc', '62b6016a1ff56c5a8e4b57995205c407', NULL, NULL, NULL, 0, 'DCT1185', 'sinhvien'),
('3118410487', 'L NGC V ', '2000-02-22', 'i hc', '1a65841719cd8216231845117e3766a7', NULL, NULL, NULL, 0, 'DCT1187', 'sinhvien'),
('3118410488', 'L TH HNG V ', '2000-07-11', 'i hc', '773a9bf01c402d29ad20a007998a83c8', NULL, NULL, NULL, 0, 'DCT1188', 'sinhvien'),
('3118410492', 'V TH HNG XNG ', '2000-04-02', 'i hc', 'b3e2abe89b4e84202e377530c36d061b', NULL, NULL, NULL, 0, 'DCT1181', 'sinhvien'),
('3118411001', 'NGUYN TRN HONG N ', '2000-03-11', 'i hc', '464fb58ade831d6554d5542f8efce704', NULL, NULL, NULL, 0, 'DCT1189', 'sinhvien'),
('3118411002', 'INH L C DUY ', '2000-07-31', 'i hc', '73d04e810a584fde0a637994f83f07c2', NULL, NULL, NULL, 0, 'DCT1189', 'sinhvien'),
('3118411007', 'NGUYN TH HI ', '1998-11-18', 'i hc', 'cfd9a07f2a7b2dc537ab8b271867346c', NULL, NULL, NULL, 0, 'DCT1189', 'sinhvien'),
('3118411010', 'PHM HUY ', '2000-12-11', 'i hc', 'b2da36401449a571c83ce0d51df5b00c', NULL, NULL, NULL, 0, 'DCT1189', 'sinhvien'),
('3118411013', 'NGUYN NG KHOA ', '2000-03-03', 'i hc', 'f3fd38242187354301bf04ce38e70a1d', NULL, NULL, NULL, 0, 'DCT1189', 'sinhvien'),
('3118411014', 'TRN MINH KHOA ', '2000-08-21', 'i hc', '7191179c83bdd5b9a229d420e84e1242', NULL, NULL, NULL, 0, 'DCT1189', 'sinhvien'),
('3118411015', 'NGUYN THNH LINH ', '2000-09-29', 'i hc', 'db58f22de7f2bdf2f76c70fec0633b39', NULL, NULL, NULL, 0, 'DCT1189', 'sinhvien'),
('3118411016', 'H NGC LONG ', '2000-06-13', 'i hc', '91f76769d6cce4db0bef077f45f9dd4e', NULL, NULL, NULL, 0, 'DCT1189', 'sinhvien'),
('3118411017', 'TRN HI KIM LONG ', '2000-05-14', 'i hc', '725d80ea5d286bd0479afed62defde77', NULL, NULL, NULL, 0, 'DCT1189', 'sinhvien'),
('3118411018', 'TNG ANH MINH ', '2000-10-12', 'i hc', '1eeab439b596e61285fc81123cf5e990', NULL, NULL, NULL, 0, 'DCT1189', 'sinhvien'),
('3118411019', 'TRNG NGUYN YN NHI ', '2000-02-28', 'i hc', '70aaf6f3eb752c00748c85e7c318c97c', NULL, NULL, NULL, 0, 'DCT1189', 'sinhvien'),
('3118411021', 'LM HNG PH ', '2000-11-01', 'i hc', 'b0046a63e1efdf136642b92784461cfd', NULL, NULL, NULL, 0, 'DCT1189', 'sinhvien'),
('3118411023', 'L QUANG SANG ', '2000-05-19', 'i hc', '3fab8186cc7494bc445cba8db002dcc5', NULL, NULL, NULL, 0, 'DCT1189', 'sinhvien'),
('3118411024', 'L HONG TN ', '2000-11-27', 'i hc', '1622b7308f32d77d2f88815d5d258c71', NULL, NULL, NULL, 0, 'DCT1189', 'sinhvien'),
('3118411027', 'TRN TRUNG TN ', '2000-01-07', 'i hc', '37e52fe474f4e122d1115cc234bdfa59', NULL, NULL, NULL, 0, 'DCT1189', 'sinhvien'),
('3118411028', 'HNG THI ', '2000-02-17', 'i hc', 'a7d94351f645b04fe671899dbea63892', NULL, NULL, NULL, 0, 'DCT1189', 'sinhvien'),
('3118411029', 'BI L HNG THNG ', '2000-12-01', 'i hc', '6b8b97ed87432077245dc9c7f9b1dffa', NULL, NULL, NULL, 0, 'DCT1189', 'sinhvien'),
('3118411035', 'NGUYN TN TI ', '2000-10-06', 'i hc', '36b8c73eb15e1e7266e2a76cf78e79bc', NULL, NULL, NULL, 0, 'DCT1189', 'sinhvien'),
('3118411036', 'NGUYN NHT TRNG ', '2000-09-14', 'i hc', '115ef76219d810bbca04165a1bfe7df1', NULL, NULL, NULL, 0, 'DCT1189', 'sinhvien'),
('3118411039', 'BI HUNH QUC VNH ', '2000-02-19', 'i hc', '0125e8ccc791509d6278fe896b27cad7', NULL, NULL, NULL, 0, 'DCT1189', 'sinhvien'),
('3118412002', 'NGUYN MINH THIN N ', '2000-07-09', 'i hc', '0b8a43f436be1bca531d4337a187c936', NULL, NULL, NULL, 0, 'DKP1181', 'sinhvien'),
('3118412005', 'NGUYN NGC GIA BO ', '2000-04-19', 'i hc', '7e601d692fa572665eff4e3c8314cf5b', NULL, NULL, NULL, 0, 'DKP1181', 'sinhvien'),
('3118412007', 'NGUYN VN CHINH ', '2000-03-01', 'i hc', '2541334bf7a134b86fde2e6801b5ba9b', NULL, NULL, NULL, 0, 'DKP1181', 'sinhvien'),
('3118412010', 'NGUYN TH THY DUY ', '2000-11-17', 'i hc', '98ef80a611ea325a8c067456ae32f58f', NULL, NULL, NULL, 0, 'DKP1181', 'sinhvien'),
('3118412011', 'TRN QUANG DUY ', '2000-12-08', 'i hc', '4306526b22f117e6ec31c454891a39d0', NULL, NULL, NULL, 0, 'DKP1182', 'sinhvien'),
('3118412012', 'L VN DNG ', '2000-08-01', 'i hc', 'ddb27500050b887ad27804f101bf886a', NULL, NULL, NULL, 0, 'DKP1181', 'sinhvien'),
('3118412013', 'NGUYN TUN T ', '2000-10-22', 'i hc', '6d3f6d2b901223ed663622166e5822b8', NULL, NULL, NULL, 0, 'DKP1182', 'sinhvien'),
('3118412014', 'NGUYN TUYN T ', '2000-10-12', 'i hc', '42be85a0af4776759d1c112c8c7aed3f', NULL, NULL, NULL, 0, 'DKP1181', 'sinhvien'),
('3118412015', 'QUCH I C ', '2000-09-14', 'i hc', '54a960c6485b0dd46ebadc81c07f9a43', NULL, NULL, NULL, 0, 'DKP1182', 'sinhvien'),
('3118412016', 'NGUYN HONG GIANG ', '2000-01-20', 'i hc', 'e9d8e65da65946640ceba815420151cb', NULL, NULL, NULL, 0, 'DKP1181', 'sinhvien'),
('3118412018', 'TRN NGC HI ', '2000-08-26', 'i hc', '5d1f38efd793e6a8fccb7c99bf26d9ac', NULL, NULL, NULL, 0, 'DKP1181', 'sinhvien'),
('3118412022', 'L NGUYN VIT HONG ', '2000-08-25', 'i hc', '22d5ba67e2ed41cf2d6eeff18b63d855', NULL, NULL, NULL, 0, 'DKP1182', 'sinhvien'),
('3118412024', 'HONG MINH HUY ', '2000-08-09', 'i hc', 'ba9c5aa45d936ff0c514a546edb1aaab', NULL, NULL, NULL, 0, 'DKP1182', 'sinhvien'),
('3118412025', 'TRN GIA HUY ', '2000-08-26', 'i hc', 'd03a702d25461fc2fce44cd1c25297f8', NULL, NULL, NULL, 0, 'DKP1181', 'sinhvien'),
('3118412027', 'NG GIA KHNH ', '2000-09-01', 'i hc', 'b5e32ef8a952aeb7429f150f5121d424', NULL, NULL, NULL, 0, 'DKP1182', 'sinhvien'),
('3118412028', 'HUNH TUN KHOA ', '2000-08-01', 'i hc', '38a6f6a7c30fe2f6a59499630510fa48', NULL, NULL, NULL, 0, 'DKP1181', 'sinhvien'),
('3118412030', 'TRN TRNG KHI ', '2000-10-15', 'i hc', '730ab067b75ed69a941c2da8adfe50e4', NULL, NULL, NULL, 0, 'DKP1181', 'sinhvien'),
('3118412032', 'DNG TH YN LINH ', '2000-08-15', 'i hc', 'aa2b5622b524a5f1724e9175e486c73f', NULL, NULL, NULL, 0, 'DKP1181', 'sinhvien'),
('3118412033', 'PHAN NG NHT LINH ', '2000-11-10', 'i hc', '396b993c3f8326c3af08446f26a8468c', NULL, NULL, NULL, 0, 'DKP1182', 'sinhvien'),
('3118412034', 'DNG KHNH LY ', '2000-12-28', 'i hc', 'a4fe81655928a4e8628fd8859ee98c9c', NULL, NULL, NULL, 0, 'DKP1181', 'sinhvien'),
('3118412035', 'NGUYN CNG MINH ', '2000-11-16', 'i hc', '049314e3bea9ae8811979f6d8e19f87d', NULL, NULL, NULL, 0, 'DKP1182', 'sinhvien'),
('3118412036', 'V NGC MINH ', '2000-11-05', 'i hc', '6c03777e5a9b375fd85cbb5a8594e557', NULL, NULL, NULL, 0, 'DKP1181', 'sinhvien'),
('3118412038', 'ON TH KIM NGN ', '2000-05-11', 'i hc', 'fbe229063237213e1546eb8f393a80c7', NULL, NULL, NULL, 0, 'DKP1181', 'sinhvien'),
('3118412043', 'HONG  THIN PHC ', '2000-04-13', 'i hc', 'f02c78486f48393551cddef1d844311a', NULL, NULL, NULL, 0, 'DKP1182', 'sinhvien'),
('3118412047', 'NG ANH QUC ', '2000-06-04', 'i hc', '5fecd33b1a127be56233b3382944422b', NULL, NULL, NULL, 0, 'DKP1182', 'sinhvien'),
('3118412048', 'TNG I QUC ', '2000-08-01', 'i hc', 'f32c65ac30f01c48cdf7f469869e29fe', NULL, NULL, NULL, 0, 'DKP1181', 'sinhvien'),
('3118412051', 'NGUYN MINH SN ', '2000-01-15', 'i hc', 'ecaaaa5757a7d51f78aff5c53af18fdd', NULL, NULL, NULL, 0, 'DKP1181', 'sinhvien'),
('3118412055', 'V MINH THNG ', '2000-08-31', 'i hc', 'ec1e396f27ec33df76bec6048ebe16c1', NULL, NULL, NULL, 0, 'DKP1182', 'sinhvien'),
('3118412058', 'THIU TH THY ', '1999-01-29', 'i hc', '687ca6676212f29f069f81aeaf38173e', NULL, NULL, NULL, 0, 'DKP1182', 'sinhvien'),
('3118412060', 'TRN BI TH ', '2000-07-13', 'i hc', 'e67cf43a6da77b9d82980d1f6f971f4e', NULL, NULL, NULL, 0, 'DKP1191', 'sinhvien'),
('3118412063', 'PHAN QUNH BCH TRM ', '2000-08-08', 'i hc', 'ff7e1e88ac53927b20411b3df566660a', NULL, NULL, NULL, 0, 'DKP1182', 'sinhvien'),
('3118412064', 'NGUYN NGC TRNG ', '2000-10-22', 'i hc', '1f5357b51ca30daaf69075468940c1ee', NULL, NULL, NULL, 0, 'DKP1181', 'sinhvien'),
('3118412069', 'NGUYN TI THANH TUN ', '2000-07-06', 'i hc', 'ae3e160c6f09e6d7b5a9f0037b8e8ae6', NULL, NULL, NULL, 0, 'DKP1182', 'sinhvien'),
('3118412071', 'TT GIA V ', '2000-10-03', 'i hc', '525bb2082c4691538e5e7abcc1a5c707', NULL, NULL, NULL, 0, 'DKP1181', 'sinhvien'),
('3118412072', 'TRN LONG TUN V ', '2000-09-15', 'i hc', '34fa15df27350eb2bed181b3405de6eb', NULL, NULL, NULL, 0, 'DKP1182', 'sinhvien'),
('3118412073', 'NGUYN TH XUN ', '2000-07-14', 'i hc', '1633c450d422f6695e7fee39fa238f54', NULL, NULL, NULL, 0, 'DKP1182', 'sinhvien'),
('3119410001', 'AN ', '2001-10-22', 'i hc', 'b857cc906c4de9fe3dad8b64a0991bc5', NULL, NULL, NULL, 0, 'DCT1191', 'sinhvien'),
('3119410002', 'L QUC AN ', '2001-01-17', 'i hc', '84334a6c00c481c8e51e378c133d3c35', NULL, NULL, NULL, 0, 'DCT1192', 'sinhvien'),
('3119410003', 'NGUYN HU AN ', '2001-12-27', 'i hc', '8ad148e3c5dd975d22fa0fba6ccea676', NULL, NULL, NULL, 0, 'DCT1193', 'sinhvien'),
('3119410006', 'V DUY AN ', '2001-03-10', 'i hc', '48af2c14be422a4618882782d18d2892', NULL, NULL, NULL, 0, 'DCT1195', 'sinhvien'),
('3119410008', 'L HONG ANH ', '2001-05-18', 'i hc', '5c13a79dce7eff8b58c5dcc3e07c99f2', NULL, NULL, NULL, 0, 'DCT1197', 'sinhvien'),
('3119410009', 'L TUN ANH ', '2001-11-17', 'i hc', 'e77e1f910096559223eee7b2c7796137', NULL, NULL, NULL, 0, 'DCT1198', 'sinhvien'),
('3119410010', 'NGUYN INH HONG ANH ', '2001-11-15', 'i hc', 'df7c6f1e9d51dd6405bf0e9de56a300d', NULL, NULL, NULL, 0, 'DCT1191', 'sinhvien'),
('3119410012', 'NGUYN TUN ANH ', '2001-12-03', 'i hc', '6d5cf4f66ef765c01b13099a15601ed0', NULL, NULL, NULL, 0, 'DCT1193', 'sinhvien'),
('3119410013', 'PHM TH KIM ANH ', '2001-10-23', 'i hc', 'a082a8c046ec70241270f020522a7ff3', NULL, NULL, NULL, 0, 'DCT1194', 'sinhvien'),
('3119410015', 'ANH ', '2001-03-28', 'i hc', 'ab202fc39f2d530b1b2cfa07925bee5b', NULL, NULL, NULL, 0, 'DCT1195', 'sinhvien'),
('3119410016', 'TRN NHT ANH ', '2001-05-04', 'i hc', 'f851577ac9dffbc16514f73713a86aab', NULL, NULL, NULL, 0, 'DCT1196', 'sinhvien'),
('3119410019', 'NGUYN TRNG N ', '2001-05-02', 'i hc', '982516eecc7eca1099ef54da5a277fed', NULL, NULL, NULL, 0, 'DCT1198', 'sinhvien'),
('3119410021', 'BI TN U ', '2001-02-19', 'i hc', '9147fde98d32877e376be9c92d6620b1', NULL, NULL, NULL, 0, 'DCT1192', 'sinhvien'),
('3119410022', 'LA CH BNG ', '2001-04-02', 'i hc', 'bdfcede2bb2f478dd97aa130ec67de54', NULL, NULL, NULL, 0, 'DCT1193', 'sinhvien'),
('3119410024', 'NG VN BO ', '2001-12-22', 'i hc', 'ea23c9c6f5a728b4fd195e69ad35cb47', NULL, NULL, NULL, 0, 'DCT1195', 'sinhvien'),
('3119410025', 'GIANG QU BO ', '2001-01-30', 'i hc', 'dfc7b228b8b0ef15890b4ad4dfa2ad24', NULL, NULL, NULL, 0, 'DCT1196', 'sinhvien'),
('3119410026', 'HUNH L QUC BO ', '2001-02-20', 'i hc', 'b79d5e882742060716cdbe254d2efb12', NULL, NULL, NULL, 0, 'DCT1197', 'sinhvien'),
('3119410027', 'HUNH QUC BO ', '2001-11-10', 'i hc', 'ceef9c304490fb23fe013f89db1d4479', NULL, NULL, NULL, 0, 'DCT1201', 'sinhvien'),
('3119410028', 'LA THIN BO ', '2000-04-25', 'i hc', 'de1b5abe8576ca4ade47a7c24256b415', NULL, NULL, NULL, 0, 'DCT1191', 'sinhvien'),
('3119410029', 'LM THIN BO ', '2001-06-01', 'i hc', 'c8caf9e9d8c2402398ce006477c21185', NULL, NULL, NULL, 0, 'DCT1192', 'sinhvien'),
('3119410030', 'L TIU BO ', '2001-01-01', 'i hc', '882f20c7207d13ead97e4fc810a38eec', NULL, NULL, NULL, 0, 'DCT1193', 'sinhvien'),
('3119410032', 'NGUYN H QUC BO ', '2001-03-19', 'i hc', '67439103bfc316b913a123805ca953d7', NULL, NULL, NULL, 0, 'DCT1194', 'sinhvien'),
('3119410033', 'PHAN GIA BO ', '2001-02-04', 'i hc', '9eb09ada95abf9cf4dbf16ba3c72eecb', NULL, NULL, NULL, 0, 'DCT1195', 'sinhvien'),
('3119410035', 'NGUYN NGC BU ', '2001-01-30', 'i hc', 'f563b5316f570d4675d27212865b3501', NULL, NULL, NULL, 0, 'DCT1196', 'sinhvien'),
('3119410037', 'H HI BNH ', '2001-05-02', 'i hc', '1f4877a325abbd030222f8daadf4155c', NULL, NULL, NULL, 0, 'DCT1198', 'sinhvien'),
('3119410039', 'H MINH CNH ', '2001-07-09', 'i hc', '0688063e2b305161bb681a5dacadc839', NULL, NULL, NULL, 0, 'DCT1191', 'sinhvien'),
('3119410040', 'NGUYN NGC CNH ', '2001-07-17', 'i hc', 'f4c52b1a09933a51ee9b71e20c31fdaa', NULL, NULL, NULL, 0, 'DCT1192', 'sinhvien'),
('3119410041', 'NGUYN XUN CNH ', '2001-07-04', 'i hc', 'ad9c1351d9510a04e63f575132e694cf', NULL, NULL, NULL, 0, 'DCT1193', 'sinhvien'),
('3119410042', 'L CT ', '2000-12-15', 'i hc', 'a8c173372eb779a3de7ea1ebcca07628', NULL, NULL, NULL, 0, 'DCT1194', 'sinhvien'),
('3119410044', 'HUNH TH HNG CHI ', '2001-11-22', 'i hc', '828e4db2878f7281c78d6f7f6d9dc529', NULL, NULL, NULL, 0, 'DCT1195', 'sinhvien'),
('3119410046', 'NGUYN NGC TRNG CHINH ', '2001-11-12', 'i hc', 'a7ded60f96f95c7058a28bb5a35f13a6', NULL, NULL, NULL, 0, 'DCT1196', 'sinhvien'),
('3119410048', 'NGUYN NGC BO CHNG ', '2001-04-05', 'i hc', '9241cc3789105e1d4884c42db8e524ec', NULL, NULL, NULL, 0, 'DCT1198', 'sinhvien'),
('3119410049', 'HUNH CM C ', '2001-04-05', 'i hc', '9a35a444c44f4ef19a4a85e4e97868a3', NULL, NULL, NULL, 0, 'DCT1191', 'sinhvien'),
('3119410050', 'TT VNH C ', '2001-03-28', 'i hc', 'da7d5e3a28ed9e861f1cd935d8f4a09f', NULL, NULL, NULL, 0, 'DCT1192', 'sinhvien'),
('3119410051', 'H HU CNG ', '2001-12-03', 'i hc', 'a99c21e27a4c1cbc198b65ee2cb24d4b', NULL, NULL, NULL, 0, 'DCT1193', 'sinhvien'),
('3119410052', 'H THANH CNG ', '2001-04-13', 'i hc', '465dfd2adb6cf59f66956be1f874d99f', NULL, NULL, NULL, 0, 'DCT1194', 'sinhvien'),
('3119410053', 'NG CHN CNG ', '2001-03-27', 'i hc', 'd6da5d09c3c4808c132bca969604bb29', NULL, NULL, NULL, 0, 'DCT1195', 'sinhvien'),
('3119410054', 'HUNH CH CNG ', '2001-01-28', 'i hc', '0b5319f7f7d789a6254247c66750069a', NULL, NULL, NULL, 0, 'DCT1196', 'sinhvien'),
('3119410055', 'PHAN HU CNG ', '2001-01-05', 'i hc', '5be631c2d256ca9cf9fa37cdec31cd14', NULL, NULL, NULL, 0, 'DCT1197', 'sinhvien'),
('3119410057', 'TRN CNG DANH ', '2001-02-13', 'i hc', '8119abf04a55d89c7d8e52162e5582ea', NULL, NULL, NULL, 0, 'DCT1198', 'sinhvien'),
('3119410058', 'PHAN VN DU ', '2001-01-11', 'i hc', '8ffdecbdd2cc4ae2554bd4af4dfdc8c6', NULL, NULL, NULL, 0, 'DCT1191', 'sinhvien'),
('3119410060', 'NGUYN B HONG DU ', '2001-06-20', 'i hc', 'f42908371ba864f64f4809c3d1c30f29', NULL, NULL, NULL, 0, 'DCT1193', 'sinhvien'),
('3119410061', 'PHAN THANH DU ', '2001-01-23', 'i hc', 'd8fa5cfd205780feb6ad2ded4ee95ea1', NULL, NULL, NULL, 0, 'DCT1194', 'sinhvien'),
('3119410062', 'BI VIT DNG ', '2000-12-17', 'i hc', '3f6d0f600e9c06cd3f3294b64b81bb3c', NULL, NULL, NULL, 0, 'DCT1195', 'sinhvien'),
('3119410063', 'NG KHI DNG ', '2001-01-02', 'i hc', 'a5ae5ffb5eae5a3f62dbb715f466c1d6', NULL, NULL, NULL, 0, 'DCT1196', 'sinhvien'),
('3119410065', 'NGUYN TN DNG ', '2001-04-06', 'i hc', 'de61c93ebb137e2fc7a2a99ae26cd089', NULL, NULL, NULL, 0, 'DCT1198', 'sinhvien'),
('3119410066', 'TRN QUC DNG ', '2001-11-09', 'i hc', '3869e1d90863dbe72f44df644bf5cbed', NULL, NULL, NULL, 0, 'DCT1191', 'sinhvien'),
('3119410067', 'V NH DNG ', '2001-05-13', 'i hc', 'e889b441baf6fc59803f56798270fb26', NULL, NULL, NULL, 0, 'DCT1192', 'sinhvien'),
('3119410068', 'BI NGUYN KHNH DUY ', '2001-07-22', 'i hc', 'd7500da672404814f6f0ddd50441b521', NULL, NULL, NULL, 0, 'DCT1193', 'sinhvien'),
('3119410069', 'ON L DUY ', '2001-04-19', 'i hc', 'f5f20e159fb31edd15c5cfe6cc4d6f9f', NULL, NULL, NULL, 0, 'DCT1194', 'sinhvien'),
('3119410071', 'MAI NG PHAN DUY ', '2001-07-16', 'i hc', 'a94ad1a23b4beb65091526247c9a3dd4', NULL, NULL, NULL, 0, 'DCT1195', 'sinhvien'),
('3119410072', 'NGUYN TRN BO DUY ', '2001-11-17', 'i hc', 'b03427a88b4271cbd8e6364aab98ba0a', NULL, NULL, NULL, 0, 'DCT1196', 'sinhvien'),
('3119410073', 'PHM C DUY ', '2001-06-13', 'i hc', 'f38fda726401467a4422558fb82b4e51', NULL, NULL, NULL, 0, 'DCT1197', 'sinhvien'),
('3119410074', 'PHM VIT NGUYN DUY ', '2001-02-08', 'i hc', '7423f5ab7118af727ab64bf3eeb8fdc2', NULL, NULL, NULL, 0, 'DCT1198', 'sinhvien'),
('3119410075', 'PHAN THANH DUY ', '2001-09-12', 'i hc', 'bac5a3058192a0819dd7afd21bc691e1', NULL, NULL, NULL, 0, 'DCT1191', 'sinhvien'),
('3119410076', 'TRN C DUY ', '2001-10-03', 'i hc', 'ade6c4972c013546d72b18ab73ce0344', NULL, NULL, NULL, 0, 'DCT1192', 'sinhvien'),
('3119410078', 'TRN I DNG ', '2001-01-26', 'i hc', '4ff4f3596431068d23e0a12edc15d572', NULL, NULL, NULL, 0, 'DCT1194', 'sinhvien'),
('3119410079', 'V NH I ', '2001-03-01', 'i hc', 'a28e5ee472ff737abd14fa113fd54054', NULL, NULL, NULL, 0, 'DCT1195', 'sinhvien'),
('3119410080', 'PHM MINH O ', '2001-08-18', 'i hc', '0acd5a774ec0507a0cf00b5263775e9c', NULL, NULL, NULL, 0, 'DCT1196', 'sinhvien'),
('3119410081', 'PHAN HONG O ', '2001-10-16', 'i hc', '6c37d2329c7103f9a3dd0d8e6a38194a', NULL, NULL, NULL, 0, 'DCT1197', 'sinhvien'),
('3119410082', 'TRN QUANG O ', '2001-01-26', 'i hc', 'cfb6ee74340151fcc43105d9ff91497f', NULL, NULL, NULL, 0, 'DCT1198', 'sinhvien'),
('3119410083', 'BI TR T ', '2001-06-24', 'i hc', 'c0aafa85b045696ba72dc19ce2467ab7', NULL, NULL, NULL, 0, 'DCT1191', 'sinhvien'),
('3119410084', 'NGUYN TIN T ', '2001-10-22', 'i hc', 'feb5295a365035e0a00cd301580ae642', NULL, NULL, NULL, 0, 'DCT1192', 'sinhvien'),
('3119410088', 'T TN T ', '2001-11-06', 'i hc', 'd8a441e18d476eb9bf1cab82545edfc5', NULL, NULL, NULL, 0, 'DCT1195', 'sinhvien'),
('3119410089', 'THI TRNG T ', '2001-11-25', 'i hc', '6686a666d4f167dd8dec67afbeee3422', NULL, NULL, NULL, 0, 'DCT1196', 'sinhvien'),
('3119410090', 'NGUYN VN IU ', '2001-11-17', 'i hc', '0c00e819d7715dae0e396aa67ed2b465', NULL, NULL, NULL, 0, 'DCT1197', 'sinhvien'),
('3119410092', 'NG QUANG NG ', '2001-05-04', 'i hc', '4cb06dda51e9fbba8957d06be05eda38', NULL, NULL, NULL, 0, 'DCT1198', 'sinhvien'),
('3119410093', 'NGUYN DUY NG ', '2001-11-13', 'i hc', 'f8531b87f8a673a13ac6faa849560a07', NULL, NULL, NULL, 0, 'DCT1191', 'sinhvien'),
('3119410094', 'PHM NGC NG ', '2001-12-29', 'i hc', '0f47730281616ba1e5f9c5195554d314', NULL, NULL, NULL, 0, 'DCT1192', 'sinhvien'),
('3119410095', 'HUNH NGC C ', '2001-11-14', 'i hc', '6bba280743994153d476cd003fef0e47', NULL, NULL, NULL, 0, 'DCT1193', 'sinhvien'),
('3119410096', 'L HONG C ', '2001-09-08', 'i hc', 'cce66da47f5240884529163f27228aed', NULL, NULL, NULL, 0, 'DCT1194', 'sinhvien'),
('3119410097', 'NGUYN HU C ', '2001-01-05', 'i hc', '7cefc0a0aeef3694b455a9bbda65e5e7', NULL, NULL, NULL, 0, 'DCT1195', 'sinhvien'),
('3119410098', 'THI GIA C ', '2001-04-23', 'i hc', 'b64a2ff412e5c8496ef18019e4a1e14a', NULL, NULL, NULL, 0, 'DCT1196', 'sinhvien'),
('3119410099', 'THANG HNG C ', '2001-12-01', 'i hc', '0df257ab6797bd1492b7a9d7769139a4', NULL, NULL, NULL, 0, 'DCT1197', 'sinhvien'),
('3119410102', 'HUNH K HI ', '2001-05-31', 'i hc', '5a8246b361af5ecbc649e03b5df56c80', NULL, NULL, NULL, 0, 'DCT1198', 'sinhvien'),
('3119410103', 'LA MNH HI ', '2001-06-20', 'i hc', '48bb1a82cdf84b44e941bb4b7b412444', NULL, NULL, NULL, 0, 'DCT1191', 'sinhvien'),
('3119410104', 'LI CH HI ', '2001-05-27', 'i hc', '3074332c1f72ddcc4c20536e6cdc4361', NULL, NULL, NULL, 0, 'DCT1192', 'sinhvien'),
('3119410105', 'NGUYN THANH HI ', '2001-01-03', 'i hc', 'dbb0e246f163a9951fb2da0e12d9f4d1', NULL, NULL, NULL, 0, 'DCT1193', 'sinhvien'),
('3119410106', 'NGUYN TUN HI ', '2001-07-06', 'i hc', 'e8ca834c62ae5bf3b8af18aef9312211', NULL, NULL, NULL, 0, 'DCT1194', 'sinhvien'),
('3119410108', 'TRNG MINH HI ', '2001-11-29', 'i hc', 'f2c5c08a784bad3d148d6015edf71861', NULL, NULL, NULL, 0, 'DCT1196', 'sinhvien'),
('3119410109', 'BI LNG BCH HNH ', '2001-10-07', 'i hc', 'ffeb01a170aed8884fc8234e6e507697', NULL, NULL, NULL, 0, 'DCT1197', 'sinhvien'),
('3119410110', 'O INH HO ', '2001-06-24', 'i hc', 'ccc33405751d459c94a225a930cb0764', NULL, NULL, NULL, 0, 'DCT1198', 'sinhvien'),
('3119410112', 'LAO GIA HO ', '2001-09-13', 'i hc', 'c5cf2d771d370115697ef89057f2c309', NULL, NULL, NULL, 0, 'DCT1191', 'sinhvien'),
('3119410113', 'L NHN HO ', '2001-03-22', 'i hc', '5de900cbd095a8d0e4a9e4385a54b956', NULL, NULL, NULL, 0, 'DCT1192', 'sinhvien'),
('3119410115', 'TRNG TUN HO ', '2001-03-31', 'i hc', 'cb82466ea145d464abaf00df9e6ce4de', NULL, NULL, NULL, 0, 'DCT1194', 'sinhvien'),
('3119410117', 'NGUYN HONG HO ', '2001-12-26', 'i hc', 'e87690876d8bee81d7013729386b9119', NULL, NULL, NULL, 0, 'DCT1195', 'sinhvien'),
('3119410118', 'ON TRUNG HU ', '2001-08-20', 'i hc', 'e910c68f0959ffa47b720f54aa5ae53c', NULL, NULL, NULL, 0, 'DCT1196', 'sinhvien'),
('3119410119', 'H HI HU ', '2001-01-14', 'i hc', '04c6f2cea2956a96394dfcfb5d733682', NULL, NULL, NULL, 0, 'DCT1197', 'sinhvien'),
('3119410120', 'NGUYN VN HU ', '2001-01-17', 'i hc', '57e4aec13781aceac59ad766099dff7d', NULL, NULL, NULL, 0, 'DCT1198', 'sinhvien'),
('3119410121', 'LM CH HIN ', '2001-04-26', 'i hc', '0f58adce137bf87b6e6ea36cdcbc2a48', NULL, NULL, NULL, 0, 'DCT1191', 'sinhvien'),
('3119410122', 'NGUYN KIM HIN ', '2001-03-30', 'i hc', '5a210c64c5a95769e0b1c66362b753dc', NULL, NULL, NULL, 0, 'DCT1192', 'sinhvien'),
('3119410124', 'TRN SANG HIT ', '2001-10-26', 'i hc', 'e7b486ff8b1b91b2ee84b030de2027ef', NULL, NULL, NULL, 0, 'DCT1194', 'sinhvien'),
('3119410125', 'ON MINH HIU ', '2001-08-06', 'i hc', '94a1bae10b02c671cb28d676abb6a801', NULL, NULL, NULL, 0, 'DCT1195', 'sinhvien'),
('3119410126', 'KHNG HUY HIU ', '2001-05-07', 'i hc', 'dbb19fbf19a0eb356c5aef86ac21e3c5', NULL, NULL, NULL, 0, 'DCT1196', 'sinhvien'),
('3119410127', 'L CH HIU ', '2001-09-23', 'i hc', 'c2a071cb51dc482a93dd5540df748266', NULL, NULL, NULL, 0, 'DCT1197', 'sinhvien'),
('3119410128', 'NGUYN MINH HIU ', '2001-05-01', 'i hc', '9a9c833244d510d44ce0340838868573', NULL, NULL, NULL, 0, 'DCT1198', 'sinhvien'),
('3119410129', 'NGUYN TRUNG HIU ', '2001-09-22', 'i hc', '9f2def46fe9411f35c86230621f0229d', NULL, NULL, NULL, 0, 'DCT1191', 'sinhvien'),
('3119410131', 'PHAN TH HIU ', '2001-01-11', 'i hc', '2705597d4af508cd8644ada5a0cb07aa', NULL, NULL, NULL, 0, 'DCT1193', 'sinhvien'),
('3119410133', 'NGUYN TH HOA ', '2001-03-14', 'i hc', '6a462b606ba623b0f0a35580bb6375a1', NULL, NULL, NULL, 0, 'DCT1195', 'sinhvien'),
('3119410134', 'HUNH NHT HA ', '2001-02-05', 'i hc', '29ab432dc80bbed7abd1492073e4350d', NULL, NULL, NULL, 0, 'DCT1196', 'sinhvien'),
('3119410135', 'NGUYN TN HA ', '2001-02-02', 'i hc', 'ac426a67b7336369171da36a23302dcd', NULL, NULL, NULL, 0, 'DCT1197', 'sinhvien'),
('3119410136', 'NGUYN TH XUN HOI ', '2001-01-06', 'i hc', '7f3a838533f8fee803786412674bcae6', NULL, NULL, NULL, 0, 'DCT1198', 'sinhvien'),
('3119410137', 'NGUYN XUN HOI ', '2001-09-01', 'i hc', '1b1ec5d4487ff990ea6b58ad60645103', NULL, NULL, NULL, 0, 'DCT1191', 'sinhvien'),
('3119410143', 'NGUYN KHNH HONG ', '2001-04-15', 'i hc', '1b1137718ec1069df3b908c51aa25063', NULL, NULL, NULL, 0, 'DCT1193', 'sinhvien'),
('3119410145', 'THCH MINH HONG ', '2001-05-16', 'i hc', '765f0eacfe1cf8a3ca12bd134489a3e8', NULL, NULL, NULL, 0, 'DCT1195', 'sinhvien'),
('3119410148', 'MAI QUC HNG ', '2001-03-23', 'i hc', 'fcc44dad155650b869099f7dce11b253', NULL, NULL, NULL, 0, 'DCT1198', 'sinhvien'),
('3119410149', 'NGUYN MINH HNG ', '2001-04-01', 'i hc', 'a4bd5df4352dba9167d960eb01393097', NULL, NULL, NULL, 0, 'DCT1191', 'sinhvien'),
('3119410151', 'THANG V HNG ', '2001-02-23', 'i hc', '93e872ac0a50940020f5897de150a73f', NULL, NULL, NULL, 0, 'DCT1193', 'sinhvien'),
('3119410153', 'NG NGC HUY ', '2001-10-19', 'i hc', 'd32399a368d5405a7f2ac9ac18351b3e', NULL, NULL, NULL, 0, 'DCT1195', 'sinhvien'),
('3119410154', 'LU TRN QUANG HUY ', '1999-05-03', 'i hc', '98205f7e576037010e47791e678258f7', NULL, NULL, NULL, 0, 'DCT1196', 'sinhvien'),
('3119410157', 'NGUYN GIA HUY ', '2000-07-02', 'i hc', 'a8849043e3e4472468bd694a10cb2a43', NULL, NULL, NULL, 0, 'DCT1198', 'sinhvien'),
('3119410158', 'NGUYN QUANG HUY ', '2001-01-31', 'i hc', '2c26bd8ab37dbc92f258169cabfa1dec', NULL, NULL, NULL, 0, 'DCT1191', 'sinhvien'),
('3119410160', 'NGUYN THNH HUY ', '2001-08-27', 'i hc', '2e2e6dc6b799fdf710e66c89bd854d32', NULL, NULL, NULL, 0, 'DCT1192', 'sinhvien'),
('3119410162', 'TRN THANH HUY ', '2001-08-17', 'i hc', 'ad5b26ae26dcc0273a5b044658b9a9ac', NULL, NULL, NULL, 0, 'DCT1193', 'sinhvien'),
('3119410163', 'TRNG CNG HUY ', '2001-09-29', 'i hc', '1b95c155fe3824d887eb0465ba9471d6', NULL, NULL, NULL, 0, 'DCT1194', 'sinhvien'),
('3119410164', 'V C HUY ', '2001-09-28', 'i hc', 'a55bcfade68b2ce3a26482f6aacd87c7', NULL, NULL, NULL, 0, 'DCT1195', 'sinhvien'),
('3119410166', 'NGUYN TH NGC HUYN ', '2001-08-22', 'i hc', '1d36026aa9a123021a4bf0e544344a51', NULL, NULL, NULL, 0, 'DCT1196', 'sinhvien'),
('3119410167', 'PHM TH NGC HUYN ', '2001-05-12', 'i hc', 'cadc5a1b515894b124a39467a7e95085', NULL, NULL, NULL, 0, 'DCT1197', 'sinhvien'),
('3119410168', 'TRNH TH THANH HUYN ', '2000-03-03', 'i hc', 'e5ee5c606affd9e42816f2dbcfc275b1', NULL, NULL, NULL, 0, 'DCT1198', 'sinhvien'),
('3119410169', 'O V HNG ', '2001-04-09', 'i hc', '217b07db2d04782c109fcfeb0342f4ca', NULL, NULL, NULL, 0, 'DCT1191', 'sinhvien'),
('3119410170', 'L TUN HNG ', '2001-04-23', 'i hc', '0397c8cbede440ccc6374d452eee0fd4', NULL, NULL, NULL, 0, 'DCT1192', 'sinhvien'),
('3119410171', 'NGUYN HUNH HNG ', '2001-10-10', 'i hc', '7a4b15bf923c6e06a671dfbf48330494', NULL, NULL, NULL, 0, 'DCT1193', 'sinhvien'),
('3119410173', 'NGUYN THI HNG ', '2001-09-30', 'i hc', 'b17dd6158f1366e7cf34feefba9554ed', NULL, NULL, NULL, 0, 'DCT1195', 'sinhvien'),
('3119410174', 'NGUYN THANH HNG ', '2001-04-28', 'i hc', 'e9bd38cfacc74f2517c08d8041791f09', NULL, NULL, NULL, 0, 'DCT1196', 'sinhvien'),
('3119410175', 'TRIU MINH KHA ', '2001-10-02', 'i hc', 'e08154e82ebb6bdf1fed712f53a18327', NULL, NULL, NULL, 0, 'DCT1197', 'sinhvien'),
('3119410176', 'BI XUN KHI ', '2001-04-12', 'i hc', '45b196e953a6b5c1df0be26a0b66e9a6', NULL, NULL, NULL, 0, 'DCT1198', 'sinhvien'),
('3119410178', 'L HONG KHANG ', '2001-07-02', 'i hc', 'c6f27c2dd875dd79ac296c11c3a70fe4', NULL, NULL, NULL, 0, 'DCT1191', 'sinhvien'),
('3119410180', 'NG PH KHANG ', '2001-06-20', 'i hc', '6c9223f6e4a5c52ad7d1bf3b810ad8f5', NULL, NULL, NULL, 0, 'DCT1192', 'sinhvien'),
('3119410181', 'TRN VN KHANG ', '2001-03-18', 'i hc', '119897a509144378826adb9742ca68c5', NULL, NULL, NULL, 0, 'DCT1193', 'sinhvien'),
('3119410182', 'CHU NGC KHANH ', '2001-06-26', 'i hc', '9f3abc8c933f2a09b0a80d1d96185029', NULL, NULL, NULL, 0, 'DCT1194', 'sinhvien'),
('3119410183', 'PHM TUN KHANH ', '2001-08-02', 'i hc', '7c85fb90326ca2b5708301a0a08ecc5a', NULL, NULL, NULL, 0, 'DCT1195', 'sinhvien'),
('3119410184', 'L NHT KHNH ', '2001-06-28', 'i hc', 'aded0e9e7bd3c58a7a84551b154c4a5a', NULL, NULL, NULL, 0, 'DCT1196', 'sinhvien'),
('3119410185', 'L NHT KHNH ', '2001-02-24', 'i hc', '8e3f934a44b315b851a19690b8c65940', NULL, NULL, NULL, 0, 'DCT1197', 'sinhvien'),
('3119410186', 'NG TRNH HONG KHNH ', '2001-01-03', 'i hc', '5d0b48029bb90101d90f3fc30bfa3a27', NULL, NULL, NULL, 0, 'DCT1198', 'sinhvien'),
('3119410188', 'INH L THIN KHOA ', '2001-06-16', 'i hc', 'f0eb0192ef6d7d5b37f6a3baff38b6d7', NULL, NULL, NULL, 0, 'DCT1192', 'sinhvien'),
('3119410189', 'HONG NG KHOA ', '2001-02-05', 'i hc', '37fff014cb5577b563db11032bd0f61b', NULL, NULL, NULL, 0, 'DCT1193', 'sinhvien'),
('3119410190', 'HUNH CNG KHOA ', '2001-05-23', 'i hc', '5776643c0f2ae9bb2becc6e28e1f85d7', NULL, NULL, NULL, 0, 'DCT1194', 'sinhvien'),
('3119410192', 'NGUYN NG KHOA ', '2001-02-28', 'i hc', 'd4fd6bf954715504998e00dc1822fade', NULL, NULL, NULL, 0, 'DCT1196', 'sinhvien'),
('3119410194', 'NGUYN TRNG NG KHOA ', '2001-04-30', 'i hc', 'a67b9823b453b80834e55e47bfc5f8a3', NULL, NULL, NULL, 0, 'DCT1197', 'sinhvien'),
('3119410195', 'TRN NG KHOA ', '2001-02-27', 'i hc', '4185f9934d3a3de111def6d450c33b1d', NULL, NULL, NULL, 0, 'DCT1198', 'sinhvien'),
('3119410196', 'TRN NG KHOA ', '2001-10-06', 'i hc', 'bff06968e31009915dc65e2e2055c83b', NULL, NULL, NULL, 0, 'DCT1191', 'sinhvien'),
('3119410197', 'V VN KHOA ', '2001-04-12', 'i hc', '750f9bed09341435ed3e653cb3074033', NULL, NULL, NULL, 0, 'DCT1192', 'sinhvien'),
('3119410198', 'PHM TRN KHI ', '2001-07-16', 'i hc', '4454306cab709d5c61bf3f92890d83bc', NULL, NULL, NULL, 0, 'DCT1193', 'sinhvien');
INSERT INTO `sinhvien` (`maSinhVien`, `hoTenSinhVien`, `ngaySinh`, `he`, `matKhauSinhVien`, `email`, `sdt`, `anhDaiDien`, `totNghiep`, `maLop`, `quyen`) VALUES
('3119410202', 'PHM DUY KHNG ', '1999-09-10', 'i hc', '7fd023bf968326970e15cd19fb9a9b26', NULL, NULL, NULL, 0, 'DCT1195', 'sinhvien'),
('3119410203', 'PHM C KHNG ', '2001-05-22', 'i hc', 'a9fb7776b7c6b659a75dbebf7b9aa22a', NULL, NULL, NULL, 0, 'DCT1196', 'sinhvien'),
('3119410204', 'TRN HU KHNG ', '2001-10-25', 'i hc', '8c95fbf4e69cad0b78408ab5d0873ce6', NULL, NULL, NULL, 0, 'DCT1197', 'sinhvien'),
('3119410205', 'NGUYN TRUNG KIN ', '2001-09-16', 'i hc', '08c8103c2f61cb88e9e02a621b201132', NULL, NULL, NULL, 0, 'DCT1198', 'sinhvien'),
('3119410206', 'TRN  TRUNG KIN ', '2001-04-08', 'i hc', '340695548ddbf281d1dd970c6e2705ed', NULL, NULL, NULL, 0, 'DCT1191', 'sinhvien'),
('3119410209', 'LNG NHN KIT ', '2001-08-08', 'i hc', '2b27527c8eda7be0aa03a496add93a8e', NULL, NULL, NULL, 0, 'DCT1194', 'sinhvien'),
('3119410211', 'PHNG NGH KIT ', '2001-09-17', 'i hc', 'c554426c0c7b2d8701f54d6f1d263234', NULL, NULL, NULL, 0, 'DCT1196', 'sinhvien'),
('3119410212', 'TIU TUN KIT ', '2001-10-10', 'i hc', '2507d4b86f1ce988d89cd692b8d7ceeb', NULL, NULL, NULL, 0, 'DCT1197', 'sinhvien'),
('3119410213', 'TRN GIA KIT ', '2001-12-25', 'i hc', 'f9e70e983a90f388525749c05834b1e1', NULL, NULL, NULL, 0, 'DCT1198', 'sinhvien'),
('3119410214', 'TRNG TN KIT ', '2001-04-08', 'i hc', 'dc3d22e75faa2888e827dbb691e4309b', NULL, NULL, NULL, 0, 'DCT1191', 'sinhvien'),
('3119410215', 'V HONG KIT ', '2001-10-25', 'i hc', 'ed3777acaff589d24946bdc25b3f8dc3', NULL, NULL, NULL, 0, 'DCT1192', 'sinhvien'),
('3119410216', 'V B KIT ', '2001-11-24', 'i hc', '6a2884bef274f4a7ff27c9614603cf63', NULL, NULL, NULL, 0, 'DCT1193', 'sinhvien'),
('3119410217', 'H KHANG K ', '2001-09-23', 'i hc', '82eb0d2d673ff6ec0f47124da6361ea9', NULL, NULL, NULL, 0, 'DCT1194', 'sinhvien'),
('3119410220', 'DIC TRC LM ', '2001-10-08', 'i hc', '005b09ec2723deacdc93df83787d782c', NULL, NULL, NULL, 0, 'DCT1196', 'sinhvien'),
('3119410221', 'NGUYN DUY LM ', '2001-06-12', 'i hc', 'b73333e60a516f4fbcff38211d6f0401', NULL, NULL, NULL, 0, 'DCT1197', 'sinhvien'),
('3119410222', 'TRN NH LM ', '2000-03-10', 'i hc', 'fa9b9e10ff52a6cbce8315d3f1db64ba', NULL, NULL, NULL, 0, 'DCT1198', 'sinhvien'),
('3119410223', 'L HOI LN ', '2001-06-14', 'i hc', '0dac055d69779be0af97bb7d2192730d', NULL, NULL, NULL, 0, 'DCT1191', 'sinhvien'),
('3119410224', 'ON TN LP ', '2001-08-20', 'i hc', 'a66dd41925420dd459a7b1bec46f2f0c', NULL, NULL, NULL, 0, 'DCT1192', 'sinhvien'),
('3119410225', 'ON NGC KHNH LINH ', '2001-10-02', 'i hc', 'c68812388788cfc67d64bf0d43cac5cc', NULL, NULL, NULL, 0, 'DCT1193', 'sinhvien'),
('3119410226', 'TRNG M LINH ', '2001-01-01', 'i hc', 'f9b070c1095381353a366d56b1fa4d9a', NULL, NULL, NULL, 0, 'DCT1194', 'sinhvien'),
('3119410227', 'V TH M LINH ', '2001-04-17', 'i hc', '4cbf6bd53e6de388c1ff830b81d1eb62', NULL, NULL, NULL, 0, 'DCT1195', 'sinhvien'),
('3119410228', 'CHU HONG LONG ', '2001-07-14', 'i hc', '2d8162e179ca5fda23e532e39e3d28e1', NULL, NULL, NULL, 0, 'DCT1196', 'sinhvien'),
('3119410229', 'LONG ', '2001-10-29', 'i hc', '9b1a08545b176988bb1c93f1ae953f8f', NULL, NULL, NULL, 0, 'DCT1197', 'sinhvien'),
('3119410230', 'NGUYN KIM LONG ', '2001-10-21', 'i hc', 'c37aa8ddfe861eb02bd7e91876b372cd', NULL, NULL, NULL, 0, 'DCT1191', 'sinhvien'),
('3119410231', 'NGUYN TRN HUNH LONG ', '1997-09-11', 'i hc', '3e7fc0bef23f4354dc223ae444b4d5ad', NULL, NULL, NULL, 0, 'DCT1198', 'sinhvien'),
('3119410232', 'TRN HONG LONG ', '2001-10-15', 'i hc', 'd28018ee629c56300a37a8c1dd2c0109', NULL, NULL, NULL, 0, 'DCT1191', 'sinhvien'),
('3119410235', 'TRN PHT LC ', '2001-06-22', 'i hc', 'c0d87cf384d7ea064f58ff017e9760df', NULL, NULL, NULL, 0, 'DCT1194', 'sinhvien'),
('3119410236', 'TRNH TUN LC ', '2001-12-16', 'i hc', 'ac26129e3d927b3a37f7cb0ccc3af7e2', NULL, NULL, NULL, 0, 'DCT1195', 'sinhvien'),
('3119410237', 'TRNG HUNH LC ', '2001-06-13', 'i hc', '3bbc3319bb3c4b207944dc88077339b5', NULL, NULL, NULL, 0, 'DCT1196', 'sinhvien'),
('3119410238', 'GIANG BO LUN ', '2001-12-05', 'i hc', 'ef2adf06fc1a941c6fc1a0be309f0a8a', NULL, NULL, NULL, 0, 'DCT1197', 'sinhvien'),
('3119410239', 'H S LUN ', '2001-01-06', 'i hc', '2049d23fcc56c141fc7334e64d96134e', NULL, NULL, NULL, 0, 'DCT1198', 'sinhvien'),
('3119410240', 'PHM DUY LUN ', '2001-10-02', 'i hc', '9c42be36dc16df4fa2a495cdf4b1c491', NULL, NULL, NULL, 0, 'DCT1191', 'sinhvien'),
('3119410241', 'TRN V LUN ', '2001-08-23', 'i hc', 'e65b113f89a9ce00e811d0218d352717', NULL, NULL, NULL, 0, 'DCT1192', 'sinhvien'),
('3119410242', 'VY V LUN ', '2001-05-06', 'i hc', '6d8e01d420ea270c48ef476ce56c31c0', NULL, NULL, NULL, 0, 'DCT1193', 'sinhvien'),
('3119410244', 'INH C LNG ', '2001-10-01', 'i hc', 'c37865de6c48ac752c4e89a736e0fabd', NULL, NULL, NULL, 0, 'DCT1195', 'sinhvien'),
('3119410245', 'THI KIM LNG ', '2001-07-07', 'i hc', '0eece434cb69039988930ab3de130a6d', NULL, NULL, NULL, 0, 'DCT1196', 'sinhvien'),
('3119410246', 'H TH MAI ', '2001-11-28', 'i hc', '568babc20855e9065e097c2bf026a4bb', NULL, NULL, NULL, 0, 'DCT1197', 'sinhvien'),
('3119410247', ' NH MNH ', '2001-07-18', 'i hc', '5251fcbf72e5f0e8b05c95988d2a6382', NULL, NULL, NULL, 0, 'DCT1198', 'sinhvien'),
('3119410248', 'NGUYN C MNH ', '2001-01-01', 'i hc', '89b45dec7353f45c84e58438059a7af4', NULL, NULL, NULL, 0, 'DCT1191', 'sinhvien'),
('3119410250', 'T TU MN ', '2001-12-25', 'i hc', '4f4d977a3d5b8f3fe8a104539e207d48', NULL, NULL, NULL, 0, 'DCT1193', 'sinhvien'),
('3119410251', 'L TH MINH ', '2001-06-25', 'i hc', 'c8f30f11c552cce3616520283c20a5b3', NULL, NULL, NULL, 0, 'DCT1194', 'sinhvien'),
('3119410253', 'TRN TN MINH ', '2001-07-22', 'i hc', '659a0c9fd1d36102d3bb3b367737263e', NULL, NULL, NULL, 0, 'DCT1196', 'sinhvien'),
('3119410255', 'TRNH HONG MINH ', '2001-04-20', 'i hc', '79ef3eb903a7a8461387a04a58d7680c', NULL, NULL, NULL, 0, 'DCT1198', 'sinhvien'),
('3119410260', 'NGUYN HU HOI NAM ', '2001-11-12', 'i hc', '0f4503ddfa9eac05aaf15524ed406cf9', NULL, NULL, NULL, 0, 'DCT1193', 'sinhvien'),
('3119410261', 'THI PHNG NAM ', '2001-07-10', 'i hc', 'c409d4dee9ea23fb1179ee0bd5ffb702', NULL, NULL, NULL, 0, 'DCT1194', 'sinhvien'),
('3119410262', 'TRNG NHT NAM ', '2001-07-28', 'i hc', '1dc716d4609a02dd6b50c844c4878846', 'nhatnam01@gmail.com', NULL, NULL, 0, 'DCT1195', 'sinhvien'),
('3119410263', 'NG TH NGC NGN ', '2001-01-18', 'i hc', 'fb3335c7bbb42742b45587491fa09cc6', NULL, NULL, NULL, 0, 'DCT1196', 'sinhvien'),
('3119410264', 'HUNH TH THO NGN ', '1999-08-19', 'i hc', '10ba2dd863d4fba99ca0a30671733e1a', NULL, NULL, NULL, 0, 'DCT1197', 'sinhvien'),
('3119410265', 'TRN THY NGN ', '2001-10-14', 'i hc', '0abb0041185ba242f70cff4db9e06729', NULL, NULL, NULL, 0, 'DCT1198', 'sinhvien'),
('3119410266', 'VNG KIM NGN ', '2001-01-03', 'i hc', '6bff58dbda683bdec5185549bba68aa9', NULL, NULL, NULL, 0, 'DCT1191', 'sinhvien'),
('3119410268', 'TRNG V NGHI ', '2001-09-02', 'i hc', '2137d7ab55df9eef472dc1ef4bcc13c0', NULL, NULL, NULL, 0, 'DCT1193', 'sinhvien'),
('3119410270', 'L QUAN NGHA ', '2001-05-15', 'i hc', '53b442839c944fb0a0f2ee0c43da7e45', NULL, NULL, NULL, 0, 'DCT1195', 'sinhvien'),
('3119410271', 'L QUC TRUNG NGHA ', '2001-02-04', 'i hc', 'b0d28821101a46e5d6cea0a083979921', NULL, NULL, NULL, 0, 'DCT1196', 'sinhvien'),
('3119410272', 'L TRNG NGHA ', '2001-11-07', 'i hc', 'c9352867e3c262336019d0e437a7d9e2', NULL, NULL, NULL, 0, 'DCT1197', 'sinhvien'),
('3119410273', 'TRN VN NGHA ', '2001-09-26', 'i hc', '83358bbaa39cbd288eba83d3ca154960', NULL, NULL, NULL, 0, 'DCT1198', 'sinhvien'),
('3119410274', 'NGUYN DUY NGHIM ', '2001-09-03', 'i hc', '18e40b0216b1848d3fd43289f65df02b', NULL, NULL, NULL, 0, 'DCT1191', 'sinhvien'),
('3119410275', 'NGUYN MINH NGC ', '2001-08-26', 'i hc', '20200590696614b14bbae057ec691884', NULL, NULL, NULL, 0, 'DCT1192', 'sinhvien'),
('3119410276', 'BI L NGUYN ', '2001-02-14', 'i hc', '35d25fa9ffeac06d0cb61c0865df476e', NULL, NULL, NULL, 0, 'DCT1193', 'sinhvien'),
('3119410277', 'NGUYN ', '2001-08-28', 'i hc', 'e3dbc102925d2b99d6e265b9345db0b8', NULL, NULL, NULL, 0, 'DCT1194', 'sinhvien'),
('3119410278', 'QUCH TRUNG NGUYN ', '2001-02-03', 'i hc', '367217287057cfcd10b6460ae73aa52f', NULL, NULL, NULL, 0, 'DCT1195', 'sinhvien'),
('3119410279', 'VNG I NGUYN ', '2001-11-20', 'i hc', '3f7016eb211bad68ac968b4c8fd9c438', NULL, NULL, NULL, 0, 'DCT1196', 'sinhvien'),
('3119410280', 'LM TRNG NHN ', '2001-09-21', 'i hc', '57fa740e2c279a9e937361010a346c4f', NULL, NULL, NULL, 0, 'DCT1197', 'sinhvien'),
('3119410281', 'L NHN ', '2001-05-16', 'i hc', '145981367bd1d8f31788442bba30630a', NULL, NULL, NULL, 0, 'DCT1198', 'sinhvien'),
('3119410282', 'L L THIN NHN ', '2001-01-16', 'i hc', '1432ede0f5b04ddc39b6542cc602ea12', NULL, NULL, NULL, 0, 'DCT1191', 'sinhvien'),
('3119410284', 'TRN MINH NHT ', '2001-12-15', 'i hc', '7dd8dc7b5eda80e47d37e6a4aa471ce1', NULL, NULL, NULL, 0, 'DCT1192', 'sinhvien'),
('3119410285', 'NG TH YN NHI ', '2001-12-09', 'i hc', 'bbbf7580db9c6af7a3485cd5b804c31c', NULL, NULL, NULL, 0, 'DCT1193', 'sinhvien'),
('3119410287', 'NGUYN TH UYN NHI ', '2001-02-12', 'i hc', '400f81f33ab3ff09fb7cb37ca5dbc3ee', NULL, NULL, NULL, 0, 'DCT1195', 'sinhvien'),
('3119410288', 'NGUYN TH YN NHI ', '2001-10-20', 'i hc', 'bbb28392f240c535dac6c418860f1b79', NULL, NULL, NULL, 0, 'DCT1196', 'sinhvien'),
('3119410290', 'NGUYN HU NHN ', '2001-09-06', 'i hc', 'a17dcd3fee581dd5867b0381e09b7f01', NULL, NULL, NULL, 0, 'DCT1197', 'sinhvien'),
('3119410291', 'NGUYN TH PHNG NHUNG ', '2001-09-16', 'i hc', '4e7ea68e09010c34e6a906d516547bcd', NULL, NULL, NULL, 0, 'DCT1198', 'sinhvien'),
('3119410292', 'NGUYN L TM NH ', '2001-02-24', 'i hc', 'f4b2da3f29476c0bae426a2b2eaba15f', NULL, NULL, NULL, 0, 'DCT1191', 'sinhvien'),
('3119410293', 'NGUYN TH HUNH NH ', '2001-11-17', 'i hc', '0df1e621ae683efcae416bacadde14b7', NULL, NULL, NULL, 0, 'DCT1192', 'sinhvien'),
('3119410294', 'V HONG QUNH NH ', '2001-01-29', 'i hc', '3e4712d8f9526d2311e378a1fee3c826', NULL, NULL, NULL, 0, 'DCT1193', 'sinhvien'),
('3119410295', 'L HIN NINH ', '2001-01-20', 'i hc', '4e91e3f63b9ff4720df9a0a83c4984a0', NULL, NULL, NULL, 0, 'DCT1194', 'sinhvien'),
('3119410298', 'PHM MINH PHT ', '2001-01-27', 'i hc', 'ed16f6cdf2c9f85d5a23f04839808f43', NULL, NULL, NULL, 0, 'DCT1195', 'sinhvien'),
('3119410299', 'PHAN MINH PHT ', '2001-09-14', 'i hc', 'd6cd4654c1b3fcca9bc5163ca4a2d27f', NULL, NULL, NULL, 0, 'DCT1196', 'sinhvien'),
('3119410300', 'SAU I PHT ', '2001-11-04', 'i hc', '48b5807606dc54a10dd0433dc5cae829', NULL, NULL, NULL, 0, 'DCT1197', 'sinhvien'),
('3119410301', 'TRN I PHT ', '2001-06-06', 'i hc', '2c4ce71aa8d3115f6144ca2a166ff6e4', NULL, NULL, NULL, 0, 'DCT1198', 'sinhvien'),
('3119410302', 'TRNG HNG PHT ', '2001-03-07', 'i hc', '557e41b44aee6f120e9702baa0da4196', NULL, NULL, NULL, 0, 'DCT1191', 'sinhvien'),
('3119410303', 'CAO  HONG PHI ', '2001-01-19', 'i hc', '6b8fe3e55b18afdd5d4176a736926811', NULL, NULL, NULL, 0, 'DCT1192', 'sinhvien'),
('3119410304', 'DIP BO THANH PHONG ', '2001-02-02', 'i hc', '6ca12bf3ffc44483c198ac75916a1da8', NULL, NULL, NULL, 0, 'DCT1193', 'sinhvien'),
('3119410305', 'NG LP PHONG ', '2001-09-19', 'i hc', '8c72b3035db5b73bc5e000543e8d076d', NULL, NULL, NULL, 0, 'DCT1194', 'sinhvien'),
('3119410306', 'TRN VN HUNH PH ', '2001-03-06', 'i hc', '3d1f3dc9931d60e3bde97cceb0bc6f99', NULL, NULL, NULL, 0, 'DCT1195', 'sinhvien'),
('3119410307', 'NGUYN TRNG PH ', '2001-04-12', 'i hc', '210c5507f91bf23a4355b256e084236d', NULL, NULL, NULL, 0, 'DCT1196', 'sinhvien'),
('3119410308', 'TRN KIM PH ', '2001-09-06', 'i hc', '2992b64d718b06a021b008d046692349', NULL, NULL, NULL, 0, 'DCT1197', 'sinhvien'),
('3119410309', 'TRN THANH PH ', '2001-10-04', 'i hc', '45ff74e528bea79f74ccb2dcefddfef5', NULL, NULL, NULL, 0, 'DCT1198', 'sinhvien'),
('3119410310', 'GIANG SNG PHC ', '2001-08-28', 'i hc', '7c19bae15b539cf53a1fbb05882e6c63', NULL, NULL, NULL, 0, 'DCT1191', 'sinhvien'),
('3119410311', 'HUNH HONG PHC ', '2001-05-07', 'i hc', '8969fdbea362c57707c48d6659e2bc94', NULL, NULL, NULL, 0, 'DCT1192', 'sinhvien'),
('3119410312', 'L HONG PHC ', '2001-01-30', 'i hc', 'aaa8a599e24b031eec130e37253641e7', NULL, NULL, NULL, 0, 'DCT1193', 'sinhvien'),
('3119410313', 'L HONG PHC ', '2001-06-22', 'i hc', 'd6358f8fc6f8cfdc02e8a01115f681d5', NULL, NULL, NULL, 0, 'DCT1194', 'sinhvien'),
('3119410315', 'NGUYN VN PHC ', '2001-06-25', 'i hc', '9fd8febcbaab5123f04ef91995d0681f', NULL, NULL, NULL, 0, 'DCT1195', 'sinhvien'),
('3119410316', 'PHAN NH PHC ', '2001-11-18', 'i hc', '499c1d744e38aeaf132ad44178e57ca9', NULL, NULL, NULL, 0, 'DCT1196', 'sinhvien'),
('3119410318', 'TRNH VNH PHC ', '2001-01-13', 'i hc', '952e8ce00bc7d419252d43920744e965', NULL, NULL, NULL, 0, 'DCT1198', 'sinhvien'),
('3119410319', 'NGUYN QUANG PHC ', '2001-09-05', 'i hc', '76e021a2ca0024994b203f4f5fb098ba', NULL, NULL, NULL, 0, 'DCT1191', 'sinhvien'),
('3119410321', 'NGUYN TH PHNG ', '2001-03-14', 'i hc', '82a4e468dd1e5e30048c14628e5b3263', NULL, NULL, NULL, 0, 'DCT1192', 'sinhvien'),
('3119410324', 'ON CH QUANG ', '2001-07-12', 'i hc', '15ed2a08522d824a49a0a98f4609bf61', NULL, NULL, NULL, 0, 'DCT1194', 'sinhvien'),
('3119410325', 'L HNG QUANG ', '2001-09-21', 'i hc', 'c842db0053d12c69e99e0c4b191530b5', NULL, NULL, NULL, 0, 'DCT1195', 'sinhvien'),
('3119410326', 'L THC QUANG ', '2001-02-01', 'i hc', '815dd39742fe041e860a5a3f01434fe7', NULL, NULL, NULL, 0, 'DCT1196', 'sinhvien'),
('3119410327', 'NGUYN VN MINH QUANG ', '2001-10-13', 'i hc', '8bb4cf2e889e396f9dd16b9b263256b3', NULL, NULL, NULL, 0, 'DCT1197', 'sinhvien'),
('3119410328', 'PHM NGC QUANG ', '2001-06-10', 'i hc', 'f633e0ded8982d65b8ce0cd01228a255', NULL, NULL, NULL, 0, 'DCT1198', 'sinhvien'),
('3119410330', 'TNG TRNH QUANG ', '2001-01-11', 'i hc', '971bb1f313e9e6f8554e4bed02cef152', NULL, NULL, NULL, 0, 'DCT1192', 'sinhvien'),
('3119410332', 'PHAN ANH QUN ', '2001-05-01', 'i hc', '588669fd4dabb3dc292af063c7303269', NULL, NULL, NULL, 0, 'DCT1194', 'sinhvien'),
('3119410333', 'TNG NG QUN ', '2001-01-16', 'i hc', '0bbbfe144c968116bb3fb22e0f97541d', NULL, NULL, NULL, 0, 'DCT1195', 'sinhvien'),
('3119410334', 'TRN HNG QUN ', '2001-03-18', 'i hc', '8236eed1b98e73df627c28ad6e84e9d5', NULL, NULL, NULL, 0, 'DCT1196', 'sinhvien'),
('3119410335', 'TRNH BO QUN ', '2001-03-31', 'i hc', 'de6c92e49ce7cc021123c1cdd4b3796d', NULL, NULL, NULL, 0, 'DCT1201', 'sinhvien'),
('3119410336', 'HUNH HY QU ', '2001-03-22', 'i hc', '747f4032908b13cc1ef59d1588ed815a', NULL, NULL, NULL, 0, 'DCT1198', 'sinhvien'),
('3119410338', 'DNG QU QUC ', '2001-07-29', 'i hc', 'f68830aa3673ddd3fc447f2594b86bf9', NULL, NULL, NULL, 0, 'DCT1192', 'sinhvien'),
('3119410342', 'PHAN MNH QUNH ', '2001-12-16', 'i hc', '2c2453c1bfb5ce00f2340660b4868cdd', NULL, NULL, NULL, 0, 'DCT1194', 'sinhvien'),
('3119410344', 'L HUNH THANH SANG ', '2001-11-12', 'i hc', '6362dc32b573452dd34107a8f08a2a2a', NULL, NULL, NULL, 0, 'DCT1196', 'sinhvien'),
('3119410345', ' KHC SNG ', '2001-09-03', 'i hc', '2dd21514f4189dee69c8033cc1e18466', NULL, NULL, NULL, 0, 'DCT1197', 'sinhvien'),
('3119410346', 'NGUYN TH NGC SNG ', '2001-03-28', 'i hc', 'a687c8796113e4967aa4ba705616c164', NULL, NULL, NULL, 0, 'DCT1198', 'sinhvien'),
('3119410347', 'PHM TRNG SNG ', '2001-12-20', 'i hc', '7ca3f84dacb1efebd1a2b2a7181e6ee1', NULL, NULL, NULL, 0, 'DCT1191', 'sinhvien'),
('3119410348', 'L VIT SANH ', '2001-11-16', 'i hc', '264b7a70d853a8410f7e7aab28321dc0', NULL, NULL, NULL, 0, 'DCT1192', 'sinhvien'),
('3119410349', 'TRNH NAM SIU SAO ', '2001-12-12', 'i hc', '14032f5d9e72ac82a81121b7f4e343d5', NULL, NULL, NULL, 0, 'DCT1193', 'sinhvien'),
('3119410350', 'LM DOANH SM ', '2001-09-26', 'i hc', '4aa4a319c265d283a69e914f0f5eac7f', NULL, NULL, NULL, 0, 'DCT1194', 'sinhvien'),
('3119410351', 'HONG HI SN ', '2001-10-10', 'i hc', '0329c4d077cda42db8494e37c089210c', NULL, NULL, NULL, 0, 'DCT1195', 'sinhvien'),
('3119410353', 'HUNH PH SN ', '2001-11-21', 'i hc', '4327e01fa775c20a25a0279166552fc4', NULL, NULL, NULL, 0, 'DCT1197', 'sinhvien'),
('3119410354', 'L THI THANH SN ', '2001-02-14', 'i hc', '845d079fc82c40d08c65bd58403a0d9a', NULL, NULL, NULL, 0, 'DCT1198', 'sinhvien'),
('3119410355', 'NGUYN CHN SN ', '2001-03-24', 'i hc', '1006cb021fb90cf156f505d0047a03b2', NULL, NULL, NULL, 0, 'DCT1191', 'sinhvien'),
('3119410357', 'NGUYN TN S ', '2001-03-26', 'i hc', '46fccf5be42c4c5ffa20e2efe92dbac5', NULL, NULL, NULL, 0, 'DCT1193', 'sinhvien'),
('3119410358', 'NGUYN VN S ', '2001-10-14', 'i hc', 'c97fced3bfc7098d50ef6fd78915ad2e', NULL, NULL, NULL, 0, 'DCT1194', 'sinhvien'),
('3119410359', 'NGUYN NGC SNG ', '2001-12-23', 'i hc', '5108f1392db66ca5c58767d3d635aa14', NULL, NULL, NULL, 0, 'DCT1195', 'sinhvien'),
('3119410360', 'ON TRN T TI ', '2001-05-26', 'i hc', '708210f16c15740c9d628a10cee7918b', NULL, NULL, NULL, 0, 'DCT1196', 'sinhvien'),
('3119410361', 'H CH TI ', '2001-03-08', 'i hc', 'ce70401cff407bf19f1f8215bf8ccb39', NULL, NULL, NULL, 0, 'DCT1197', 'sinhvien'),
('3119410364', 'NH QUC ANH TI ', '2001-04-18', 'i hc', '080f898bfe96bbab85c9df26825efa38', NULL, NULL, NULL, 0, 'DCT1192', 'sinhvien'),
('3119410365', 'PHM TUN TI ', '2001-11-17', 'i hc', '6c17ca33ad41a54dba02eda59af01206', NULL, NULL, NULL, 0, 'DCT1193', 'sinhvien'),
('3119410366', 'QUCH HNG TI ', '2001-03-23', 'i hc', '2a11ff1f4efc3d97aa26b37948112934', NULL, NULL, NULL, 0, 'DCT1194', 'sinhvien'),
('3119410369', 'TN THNH TM ', '2001-12-15', 'i hc', 'db80914d9e6094e0da956e448d3234f7', NULL, NULL, NULL, 0, 'DCT1197', 'sinhvien'),
('3119410371', 'NGUYN DUY TN ', '2001-03-07', 'i hc', 'f0a528fc6ae6dc71ebde7c314f37e4f6', NULL, NULL, NULL, 0, 'DCT1198', 'sinhvien'),
('3119410372', 'NGUYN C TN ', '2001-02-16', 'i hc', '9d837b667d093cc7bb3e1c0db8d4bebf', NULL, NULL, NULL, 0, 'DCT1191', 'sinhvien'),
('3119410373', 'NGUYN HONG TN ', '2001-10-22', 'i hc', '4222c244a05add58c0e9c1bd282e126f', NULL, NULL, NULL, 0, 'DCT1192', 'sinhvien'),
('3119410376', 'PHM VN TN ', '2001-07-02', 'i hc', '543434e7ff457774c8a177048d441e36', NULL, NULL, NULL, 0, 'DCT1195', 'sinhvien'),
('3119410377', 'TRNG MAI NHT TN ', '2001-04-01', 'i hc', '5645b865de5c417bc75745010bb1c235', NULL, NULL, NULL, 0, 'DCT1196', 'sinhvien'),
('3119410378', 'V L TN ', '2001-11-07', 'i hc', 'b18012cb3787124ab6b13f72094e5a43', NULL, NULL, NULL, 0, 'DCT1197', 'sinhvien'),
('3119410379', 'UNG NHO THCH ', '2001-02-13', 'i hc', '832af1c11d2b6339d3a7fd07655a478a', NULL, NULL, NULL, 0, 'DCT1198', 'sinhvien'),
('3119410382', 'TIU ANH THI ', '2001-12-18', 'i hc', 'e1e5f232641d6e44ecbc993fdc20d98a', NULL, NULL, NULL, 0, 'DCT1192', 'sinhvien'),
('3119410383', 'INH VN THANH ', '2001-01-18', 'i hc', '834015c999a1027b5e1bff68dfaf34ab', NULL, NULL, NULL, 0, 'DCT1193', 'sinhvien'),
('3119410385', 'INH CNG THNH ', '2001-10-24', 'i hc', '8ba5312632f7573611f80b2ee2d52029', NULL, NULL, NULL, 0, 'DCT1195', 'sinhvien'),
('3119410387', 'L CNG THNH ', '2001-02-23', 'i hc', 'ea69c7b1a778e2db010294026407814b', NULL, NULL, NULL, 0, 'DCT1197', 'sinhvien'),
('3119410388', 'L C THNH ', '2001-08-17', 'i hc', '09d50bb4b99c0f828845432b1380a50a', NULL, NULL, NULL, 0, 'DCT1198', 'sinhvien'),
('3119410389', 'L TN THNH ', '2001-05-10', 'i hc', 'ebb9c6211924e525fd7e961fa06dfb67', NULL, NULL, NULL, 0, 'DCT1191', 'sinhvien'),
('3119410391', 'NGUYN C THNH ', '2001-10-14', 'i hc', 'fcfe5678eb3b19c622596ab5779430f6', NULL, NULL, NULL, 0, 'DCT1193', 'sinhvien'),
('3119410392', 'NGUYN C THNH ', '2001-07-14', 'i hc', '7d1ec74b6bc00d974e2ded547b9c0c19', NULL, NULL, NULL, 0, 'DCT1194', 'sinhvien'),
('3119410396', 'NGUYN VN THNH ', '2001-03-25', 'i hc', '59c2bdffbeb823c0fb82c48083ec20be', NULL, NULL, NULL, 0, 'DCT1197', 'sinhvien'),
('3119410397', 'V HNG THO ', '2001-09-30', 'i hc', '6cf399f1252822e8fb99ff779c194830', NULL, NULL, NULL, 0, 'DCT1198', 'sinhvien'),
('3119410398', 'DNG TH THM ', '2001-12-10', 'i hc', '7f9471b6e5448f263fea3cd976d7a27d', NULL, NULL, NULL, 0, 'DCT1191', 'sinhvien'),
('3119410400', 'NGUYN L HUY THNG ', '2001-12-12', 'i hc', '127cc9d68af5cac59441d31500f46f73', NULL, NULL, NULL, 0, 'DCT1193', 'sinhvien'),
('3119410401', 'PHAN THANH THNG ', '2001-05-20', 'i hc', 'bd3da2682b0486efa252b689dd0d83f1', NULL, NULL, NULL, 0, 'DCT1194', 'sinhvien'),
('3119410403', 'TNG QU THN ', '2001-03-14', 'i hc', '6e09173a693117e72bbf84f4d774b830', NULL, NULL, NULL, 0, 'DCT1196', 'sinhvien'),
('3119410406', 'NGUYN HONG THIN ', '2001-10-28', 'i hc', 'ab03098623efb02d1f570b5e8dd67ced', NULL, NULL, NULL, 0, 'DCT1197', 'sinhvien'),
('3119410407', 'NGUYN VN THIN ', '2001-04-28', 'i hc', '60a59e6ab9c7350a8b6218eea7b57a1c', NULL, NULL, NULL, 0, 'DCT1198', 'sinhvien'),
('3119410408', 'NGUYN THANH THIN ', '2001-02-13', 'i hc', '634da6be53997caf159ab5c6b467072d', NULL, NULL, NULL, 0, 'DCT1191', 'sinhvien'),
('3119410412', 'PHNG MINH THIN ', '2001-08-17', 'i hc', 'efdb86c00dbb691f0a1f36f67e7e9f90', NULL, NULL, NULL, 0, 'DCT1193', 'sinhvien'),
('3119410413', 'MAI VN THINH ', '2001-05-01', 'i hc', '2e61e9b26f447412428f07ef4f798b9a', NULL, NULL, NULL, 0, 'DCT1194', 'sinhvien'),
('3119410414', 'NG MAI PHC THNH ', '2001-11-02', 'i hc', 'dff880f174dd95d3eeb3504dc13d0969', NULL, NULL, NULL, 0, 'DCT1195', 'sinhvien'),
('3119410416', 'NGUYN HONG MINH THNG ', '2001-07-30', 'i hc', 'c9b56f2d2369e32a3baf6d0b1af01ea3', NULL, NULL, NULL, 0, 'DCT1197', 'sinhvien'),
('3119410417', 'HONG ANH TH ', '2001-01-17', 'i hc', 'e4150fd35f14b1b186b9279c5c17466a', NULL, NULL, NULL, 0, 'DCT1198', 'sinhvien'),
('3119410418', 'TRN GIA THUN ', '2001-09-19', 'i hc', '69ad30b702b9088deaa10ed1777c06e4', NULL, NULL, NULL, 0, 'DCT1191', 'sinhvien'),
('3119410419', 'O NGC THUN ', '2001-10-27', 'i hc', '55873592cbc505b28730a1c6b19678fd', NULL, NULL, NULL, 0, 'DCT1192', 'sinhvien'),
('3119410420', 'H TN THUN ', '2001-01-03', 'i hc', 'fcba0cb42bb7ef30188995ccd7bd5af2', NULL, NULL, NULL, 0, 'DCT1193', 'sinhvien'),
('3119410422', 'L MINH THUN ', '2001-04-26', 'i hc', '3d79f070938c347013d5df35f6c58a31', NULL, NULL, NULL, 0, 'DCT1194', 'sinhvien'),
('3119410424', 'V QUANG THUN ', '2001-08-20', 'i hc', '5ae11270571291e4977eb5b6e8b5fbbc', NULL, NULL, NULL, 0, 'DCT1196', 'sinhvien'),
('3119410425', 'NGUYN TH THANH THY ', '2001-12-20', 'i hc', '0759577807de7e855d80d1e2aacef5b1', NULL, NULL, NULL, 0, 'DCT1197', 'sinhvien'),
('3119410426', 'TRN MINH THC ', '2001-10-11', 'i hc', 'df339579bf159e5292d814733f43752f', NULL, NULL, NULL, 0, 'DCT1198', 'sinhvien'),
('3119410427', 'NG TH KIU TIN ', '2001-07-27', 'i hc', '89b62176de4a758171e3f76ec559ddc2', NULL, NULL, NULL, 0, 'DCT1191', 'sinhvien'),
('3119410430', 'NGUYN MINH TIN ', '2001-10-24', 'i hc', 'c2366887650a7c175a63e83113efa5fa', NULL, NULL, NULL, 0, 'DCT1193', 'sinhvien'),
('3119410431', 'NGUYN VNH TIN ', '2001-11-14', 'i hc', 'f4cd31959996a743bfbb04f1a32664d9', NULL, NULL, NULL, 0, 'DCT1194', 'sinhvien'),
('3119410432', 'V C TN TIN ', '2001-02-20', 'i hc', '3e1226881b2b40749a2d4d2e290e1459', NULL, NULL, NULL, 0, 'DCT1195', 'sinhvien'),
('3119410433', 'ON TRUNG TN ', '2001-04-01', 'i hc', '628d6600306768d3de405c04f8c5944b', NULL, NULL, NULL, 0, 'DCT1196', 'sinhvien'),
('3119410437', 'L NGC TON ', '2001-10-09', 'i hc', 'cb0dc67181353da21ba129a79d130d27', NULL, NULL, NULL, 0, 'DCT1192', 'sinhvien'),
('3119410438', 'PHAN QUC TON ', '2001-04-20', 'i hc', '37b53f2b430f6b04bbc0bc5e24164abe', NULL, NULL, NULL, 0, 'DCT1193', 'sinhvien'),
('3119410439', 'MINH HIU CALAN TOG ', '2001-01-12', 'i hc', 'a42da28fe223a90d52bbe5a03080d18e', NULL, NULL, NULL, 0, 'DCT1194', 'sinhvien'),
('3119410440', 'NGUYN LNG THU TRANG ', '2001-10-29', 'i hc', '44323e8fee3b1fbb87f6fa4513ada996', NULL, NULL, NULL, 0, 'DCT1195', 'sinhvien'),
('3119410441', 'NGUYN PHAN QUNH TRANG ', '2001-09-23', 'i hc', '408d52f1635a205be7eddd74289674d6', NULL, NULL, NULL, 0, 'DCT1196', 'sinhvien'),
('3119410444', 'V NGC MINH TRANG ', '2001-12-27', 'i hc', 'caf9717e27f29c32919063fffd6dee95', NULL, NULL, NULL, 0, 'DCT1198', 'sinhvien'),
('3119410445', 'M MAI TRM ', '2001-06-19', 'i hc', '38e7fffccdf916512adfce8cd6de4e3a', NULL, NULL, NULL, 0, 'DCT1191', 'sinhvien'),
('3119410446', 'NG TH BO TRM ', '2001-11-11', 'i hc', '300b4b732f444575ae2fbf397f80a5b7', NULL, NULL, NULL, 0, 'DCT1192', 'sinhvien'),
('3119410447', 'NGUYN BCH TRM ', '2001-03-14', 'i hc', 'a490b2cdf5058fd35bac75c778158b53', NULL, NULL, NULL, 0, 'DCT1193', 'sinhvien'),
('3119410448', 'PHM TH NGC TRM ', '2001-01-03', 'i hc', '5d5b8cdb201e0eac1259033185bd9b39', NULL, NULL, NULL, 0, 'DCT1194', 'sinhvien'),
('3119410449', 'H BO TRN ', '2001-11-10', 'i hc', 'a7d1905d4c0fd31b1384021d6bcb1915', NULL, NULL, NULL, 0, 'DCT1195', 'sinhvien'),
('3119410451', 'V HUYN TRN ', '2001-10-02', 'i hc', '13d13c968549b87716bd84df32f3104b', NULL, NULL, NULL, 0, 'DCT1196', 'sinhvien'),
('3119410452', 'BI MINH TR ', '2001-08-22', 'i hc', 'd306694db0cd9b54b4ba91a4d0535351', NULL, NULL, NULL, 0, 'DCT1197', 'sinhvien'),
('3119410455', 'NGUYN NH TR ', '2001-12-23', 'i hc', '6d603e6ddbe5f7aa79c3dc2a2a462476', NULL, NULL, NULL, 0, 'DCT1192', 'sinhvien'),
('3119410456', 'NGUYN MINH TR ', '2001-04-03', 'i hc', '6d40f1e87ea3457292ae477ba0f4b3e8', NULL, NULL, NULL, 0, 'DCT1193', 'sinhvien'),
('3119410457', 'NGUYN THIN TR ', '2001-08-25', 'i hc', '2698df8e9fddd31017ef24d68f4ffcfc', NULL, NULL, NULL, 0, 'DCT1194', 'sinhvien'),
('3119410458', 'PHM MINH TR ', '2001-02-23', 'i hc', '79b8f9aa1bf59782a3ee6fefb285138d', NULL, NULL, NULL, 0, 'DCT1195', 'sinhvien'),
('3119410460', 'HUNH TRN HONG TRIN ', '2001-10-17', 'i hc', 'f7bdec77c84e1b4b7f630bafc63e837b', NULL, NULL, NULL, 0, 'DCT1197', 'sinhvien'),
('3119410461', 'TRN I TRIU ', '2001-04-03', 'i hc', 'f544b17f3d42b1a5086bf1ca84addca7', NULL, NULL, NULL, 0, 'DCT1198', 'sinhvien'),
('3119410462', 'TRNH VN TRIU ', '2001-02-28', 'i hc', '826bdd7124e4c6938788521c54b0900f', NULL, NULL, NULL, 0, 'DCT1191', 'sinhvien'),
('3119410463', 'NGUYN NGC TRNH ', '2000-07-21', 'i hc', 'efe2fb7721d1e4a01430363e53128b97', NULL, NULL, NULL, 0, 'DCT1192', 'sinhvien'),
('3119410465', 'BI TN TRUNG ', '2001-07-10', 'i hc', 'b8a3f2ede75f447cbe48d589fe3d026b', NULL, NULL, NULL, 0, 'DCT1194', 'sinhvien'),
('3119410466', 'L L TRUNG ', '2001-01-08', 'i hc', 'e42d16d5801bd588efa824703a97ca9b', NULL, NULL, NULL, 0, 'DCT1195', 'sinhvien'),
('3119410467', 'NGUYN C MINH TRUNG ', '2001-10-01', 'i hc', '040705b8013ea8b8edad4fec3db03992', NULL, NULL, NULL, 0, 'DCT1196', 'sinhvien'),
('3119410468', 'NGUYN MINH TRUNG ', '2001-05-24', 'i hc', '589f57c00ab92b29168feb8b05d494b0', NULL, NULL, NULL, 0, 'DCT1197', 'sinhvien'),
('3119410469', 'NGUYN TRUNG ', '2001-05-19', 'i hc', 'c3d7e5ed1b4b68224a6c5b38d2b162e2', NULL, NULL, NULL, 0, 'DCT1198', 'sinhvien'),
('3119410470', 'L NG TRNG ', '2001-11-25', 'i hc', '693b82a7005052588371c9f71f15146b', NULL, NULL, NULL, 0, 'DCT1191', 'sinhvien'),
('3119410471', 'L MINH TRNG ', '2001-12-04', 'i hc', '51993b468605b19e2a7c341b3fef6034', NULL, NULL, NULL, 0, 'DCT1192', 'sinhvien'),
('3119410472', 'THI LAM TRNG ', '2001-05-14', 'i hc', '26269be453b501947846ecc253d8a4a2', NULL, NULL, NULL, 0, 'DCT1193', 'sinhvien'),
('3119410473', 'TRNG KHC TRNG ', '2001-02-22', 'i hc', '2327dbbf9ef83c32097ce0f11735d885', NULL, NULL, NULL, 0, 'DCT1194', 'sinhvien'),
('3119410474', 'V QUANG TRNG ', '2001-10-09', 'i hc', 'ebda67585d6ee49b7f8a1d7b9a96fac9', NULL, NULL, NULL, 0, 'DCT1195', 'sinhvien'),
('3119410475', 'L ANH T ', '2001-08-08', 'i hc', 'cb12644599d3654e62b4cc76cb986545', NULL, NULL, NULL, 0, 'DCT1196', 'sinhvien'),
('3119410476', 'DP LM TUN ', '2001-09-18', 'i hc', '581693d2f79eeb9fa48a1cefa30d959a', NULL, NULL, NULL, 0, 'DCT1197', 'sinhvien'),
('3119410479', 'TRN THANH TNG ', '2001-09-19', 'i hc', '8bd59266a442f002d93eff19db685634', NULL, NULL, NULL, 0, 'DCT1198', 'sinhvien'),
('3119410483', 'NGUYN TH TUYT ', '2001-07-20', 'i hc', 'a9ccf1396b18dd368ddff8b5faec4cf6', NULL, NULL, NULL, 0, 'DCT1193', 'sinhvien'),
('3119410484', 'TRIU KHNG UY ', '2001-07-07', 'i hc', '073a4cebbbc9c568f81c7cce981ab4ae', NULL, NULL, NULL, 0, 'DCT1194', 'sinhvien'),
('3119410486', 'HNG QU VN ', '2001-09-20', 'i hc', 'd87180d7de100a6c52b1a70ac90af298', NULL, NULL, NULL, 0, 'DCT1196', 'sinhvien'),
('3119410487', 'NGUYN HOI V ', '2001-04-23', 'i hc', '0c74c40f67a09add4ddb00db05162550', NULL, NULL, NULL, 0, 'DCT1197', 'sinhvien'),
('3119410488', 'NGUYN HUNH DUY VIT ', '2001-04-08', 'i hc', '54e3fbe1371c039bef36e6bf64fcf21e', NULL, NULL, NULL, 0, 'DCT1198', 'sinhvien'),
('3119410489', 'NG SINH VINH ', '2001-01-27', 'i hc', '5dd12383769906d5d78ddb779ba6067e', NULL, NULL, NULL, 0, 'DCT1191', 'sinhvien'),
('3119410491', 'NGUYN PHNG VINH ', '2000-12-28', 'i hc', 'cc03b8ac1b74ad727a823d68d415a125', NULL, NULL, NULL, 0, 'DCT1193', 'sinhvien'),
('3119410492', 'T GIA VINH ', '2001-01-09', 'i hc', '5cbf13893a038ab9788dece2ca6cd716', NULL, NULL, NULL, 0, 'DCT1194', 'sinhvien'),
('3119410493', 'TRN QUANG VINH ', '2001-05-31', 'i hc', '85899fc328a4dfe6949513ffc2e74af8', NULL, NULL, NULL, 0, 'DCT1195', 'sinhvien'),
('3119410494', 'NGUYN TRN VN V ', '2001-10-29', 'i hc', '69870ff7557bf2d386e033c6cc45c668', NULL, NULL, NULL, 0, 'DCT1196', 'sinhvien'),
('3119410495', 'NGUYN TUN V ', '2001-06-20', 'i hc', '7ac318ec9810a6a407125f55daffc0d9', NULL, NULL, NULL, 0, 'DCT1197', 'sinhvien'),
('3119410496', 'T MINH V ', '2001-04-22', 'i hc', '1e5a83e7b4fa3a6782c8106383b3841f', NULL, NULL, NULL, 0, 'DCT1198', 'sinhvien'),
('3119410497', 'V HONG V ', '2001-08-03', 'i hc', '061d11fb78677b54c3c96d5ebd56582f', NULL, NULL, NULL, 0, 'DCT1191', 'sinhvien'),
('3119410498', 'ON MINH VNG ', '2001-03-17', 'i hc', '0fb6c441abecae3327e80775e1c7fa05', NULL, NULL, NULL, 0, 'DCT1192', 'sinhvien'),
('3119410499', 'NGUYN QUC VNG ', '2000-07-22', 'i hc', 'd99ca0cd7f2f01d9093b0dd1fcd8503f', NULL, NULL, NULL, 0, 'DCT1193', 'sinhvien'),
('3119410500', 'PHAN LONG VNG ', '2001-01-10', 'i hc', '1cc3423233a8c6fb3c5d00e36e740e02', NULL, NULL, NULL, 0, 'DCT1194', 'sinhvien'),
('3119410501', 'LU NGC CT VY ', '2001-12-06', 'i hc', '199ad8c4aff1c25db6966c224c1f14a2', NULL, NULL, NULL, 0, 'DCT1195', 'sinhvien'),
('3119410502', 'PHM NGUYN THO VY ', '2001-09-09', 'i hc', '82e53aeede1b9d75a9f00c934c3f5717', NULL, NULL, NULL, 0, 'DCT1196', 'sinhvien'),
('3119410504', 'TRNG NHT VY ', '2001-09-15', 'i hc', 'f9b6b82848bf06340131ed1ad8108821', NULL, NULL, NULL, 0, 'DCT1198', 'sinhvien'),
('3119410505', 'TR ANH V ', '2001-04-22', 'i hc', '247b6d7d8722485d3e1162bad4c09965', NULL, NULL, NULL, 0, 'DCT1192', 'sinhvien'),
('3119410506', 'L THANH XUN ', '2001-06-30', 'i hc', 'e21d2c6b6aad4fbdabb3cda7c861b19b', NULL, NULL, NULL, 0, 'DCT1193', 'sinhvien'),
('3119410507', 'MAI HNG XUN ', '2001-02-02', 'i hc', '3f044475e7622fdfcc09bb58596f3332', NULL, NULL, NULL, 0, 'DCT1194', 'sinhvien'),
('3119410508', 'THI HUNH NH  ', '2001-07-19', 'i hc', '48e22d656abc5859e60d21b36d29fc09', NULL, NULL, NULL, 0, 'DCT1195', 'sinhvien'),
('3119411001', 'D HONG AN ', '2001-03-10', 'i hc', 'a040b7d6b338e7b3bf3f2af7c60095fa', NULL, NULL, NULL, 0, 'DCT1198', 'sinhvien'),
('3119411002', 'LU VN AN ', '2001-07-30', 'i hc', '46988a9e9d7c0098403ee9ad220ea7ab', NULL, NULL, NULL, 0, 'DCT1198', 'sinhvien'),
('3119411003', 'TRN BO AN ', '2001-01-27', 'i hc', '474449ecd11bc72008a747ddae515154', NULL, NULL, NULL, 0, 'DCT1198', 'sinhvien'),
('3119411004', 'PHM HONG BCH ', '2000-08-24', 'i hc', 'ec4397bc9f7bc33fbbfe7dbbae28446f', NULL, NULL, NULL, 0, 'DCT1198', 'sinhvien'),
('3119411005', 'TRN CNG BCH ', '2001-01-01', 'i hc', '5dcdbeed395dfddc1005c69e5b8e95ca', NULL, NULL, NULL, 0, 'DCT1198', 'sinhvien'),
('3119411006', 'NG TN BO ', '2001-10-11', 'i hc', '840560eaa323985943aa31ee99b25c34', NULL, NULL, NULL, 0, 'DCT1198', 'sinhvien'),
('3119411007', 'NGUYN HUY BO ', '2001-09-05', 'i hc', '30d2d4fe987a2474404adbe5882cdfe6', NULL, NULL, NULL, 0, 'DCT1198', 'sinhvien'),
('3119411008', 'NGUYN NGC GIA BO ', '2001-11-14', 'i hc', '5873f58860e2b67847d71543dc9486e9', NULL, NULL, NULL, 0, 'DCT1198', 'sinhvien'),
('3119411009', 'NGUYN NGC GIA BO ', '2001-05-19', 'i hc', '7651e493a5e43d873288f1051079437e', NULL, NULL, NULL, 0, 'DCT1198', 'sinhvien'),
('3119411010', 'NGUYN VNH BO ', '2001-12-11', 'i hc', 'efe042c51fb0aed828f56e0c2c080ee4', NULL, NULL, NULL, 0, 'DCT1198', 'sinhvien'),
('3119411011', 'NGUYN QUC BNH ', '2001-09-03', 'i hc', '54022fe1b29e94dbe9bfc7660c7f2c93', NULL, NULL, NULL, 0, 'DCT1198', 'sinhvien'),
('3119411013', 'BI TIN DNG ', '2001-08-20', 'i hc', '556d218ef556734de92291114c427e53', NULL, NULL, NULL, 0, 'DCT1198', 'sinhvien'),
('3119411015', 'L NHT DUY ', '2001-09-16', 'i hc', 'db1ce5cf287ae249ce355a47da5a6792', NULL, NULL, NULL, 0, 'DCT1198', 'sinhvien'),
('3119411016', 'TRN NGUYN DUY ', '2001-01-05', 'i hc', '1c6e61013e5ee4cec71842a50bd53197', NULL, NULL, NULL, 0, 'DCT1198', 'sinhvien'),
('3119411017', 'NGUYN PHAN TRIU DNG ', '2001-08-25', 'i hc', 'd0fda8092c6ea3854f687e0beacff9e0', NULL, NULL, NULL, 0, 'DCT1198', 'sinhvien'),
('3119411018', 'NGUYN NAM N ', '2001-03-31', 'i hc', '4b0d25520572ccc8ccc60cc70c1536f3', NULL, NULL, NULL, 0, 'DCT1198', 'sinhvien'),
('3119411019', 'PHM TRN HI NG ', '2001-12-24', 'i hc', 'ee3c14bd28318215e95619c918efea29', NULL, NULL, NULL, 0, 'DCT1198', 'sinhvien'),
('3119411021', 'NGUYN NGC SONG HO ', '2001-12-03', 'i hc', '44326e1eecf05b64d06753be75f52f77', NULL, NULL, NULL, 0, 'DCT1198', 'sinhvien'),
('3119411022', 'HUNH GIA HN ', '2001-06-04', 'i hc', 'df9a74cdae07256c4481a9b00dd5bed1', NULL, NULL, NULL, 0, 'DCT1198', 'sinhvien'),
('3119411023', 'NGUYN THANH HU ', '2001-06-12', 'i hc', '81c33ff1086bc5af6bc6888e8455402c', NULL, NULL, NULL, 0, 'DCT1198', 'sinhvien'),
('3119411024', ' THI QUAN HUY ', '2001-02-25', 'i hc', '3205be50f01ff2260e9a2ef2584a7eb5', NULL, NULL, NULL, 0, 'DCT1198', 'sinhvien'),
('3119411027', 'LM MINH HUY ', '2001-10-18', 'i hc', 'a8b37795eb5f284f83dddc8789d86d7c', NULL, NULL, NULL, 0, 'DCT1198', 'sinhvien'),
('3119411028', 'NG NGC KHANG ', '2001-06-16', 'i hc', '558567659250f518d33a0f6ee7fc660d', NULL, NULL, NULL, 0, 'DCT1198', 'sinhvien'),
('3119411029', 'ON VNH KHANG ', '2001-11-11', 'i hc', '8e37910f21ad914fbd9e41032baafa54', NULL, NULL, NULL, 0, 'DCT1198', 'sinhvien'),
('3119411030', 'NGUYN MINH KHANG ', '2001-07-28', 'i hc', '4d65835ca31d0f120522424b40144ea0', NULL, NULL, NULL, 0, 'DCT1198', 'sinhvien'),
('3119411031', 'NGUYN THCH CH KHANG ', '2001-11-14', 'i hc', 'e2ebcc3fb7b044c9a575bf2151747cf3', NULL, NULL, NULL, 0, 'DCT1198', 'sinhvien'),
('3119411032', 'NG ANH KHOA ', '2001-04-10', 'i hc', '61c8280dc118151c6167f72e7a254916', NULL, NULL, NULL, 0, 'DCT1198', 'sinhvien'),
('3119411033', 'TRN NGUYN NG KHOA ', '2001-10-13', 'i hc', 'd6a2cc9a09a4a981bf37d41627a67520', NULL, NULL, NULL, 0, 'DCT1198', 'sinhvien'),
('3119411034', 'V TUN KHI ', '2001-12-24', 'i hc', '730aab384e69cde228fffdf3b7636925', NULL, NULL, NULL, 0, 'DCT1198', 'sinhvien'),
('3119411035', 'PHAN PHONG LU ', '2001-03-11', 'i hc', '42ee6351ac7a65fec8258b0b8ce468ff', NULL, NULL, NULL, 0, 'DCT1198', 'sinhvien'),
('3119411036', 'H TH TRC MAI ', '2001-07-16', 'i hc', '73c11de33f10fa5ea0da584caf62a6eb', NULL, NULL, NULL, 0, 'DCT1198', 'sinhvien'),
('3119411037', 'L CNG MINH ', '2001-07-25', 'i hc', '09602fcf165dde87071d47e69c9a2fe1', NULL, NULL, NULL, 0, 'DCT1198', 'sinhvien'),
('3119411041', 'TRNG NGUYN HONG NAM ', '2001-07-26', 'i hc', 'ba890862122d7529a7b4d1be976239a2', NULL, NULL, NULL, 0, 'DCT1198', 'sinhvien'),
('3119411042', 'NGUYN HU NGHA ', '2001-03-18', 'i hc', '19cef4c01e972ac24a71e83399f7e065', NULL, NULL, NULL, 0, 'DCT1198', 'sinhvien'),
('3119411043', 'TRN  TRNG NGHA ', '2001-05-27', 'i hc', 'dd78cfa2ea3f939cc835fbcb161fdfbc', NULL, NULL, NULL, 0, 'DCT1198', 'sinhvien'),
('3119411044', 'V TRUNG NGHA ', '2001-06-05', 'i hc', 'b6a6a0b2fbda21315a1a497ab5f73e68', NULL, NULL, NULL, 0, 'DCT1198', 'sinhvien'),
('3119411045', 'L TRUNG NGUYN ', '2001-10-17', 'i hc', 'c91b0ac54f61ed1084bd439df6e3ed28', NULL, NULL, NULL, 0, 'DCT1198', 'sinhvien'),
('3119411046', 'PHM BI CH NGUYN ', '2001-09-08', 'i hc', 'cc63df236d778c7b78e363af8c8ea8b3', NULL, NULL, NULL, 0, 'DCT1198', 'sinhvien'),
('3119411049', 'LM QUC PH ', '2001-09-13', 'i hc', '82c9eaa926c733a2ac8e1819a978d581', NULL, NULL, NULL, 0, 'DCT1198', 'sinhvien'),
('3119411050', 'PHAN NGUYN CHU PH ', '2001-10-31', 'i hc', 'ae059e9dee0bef9bcf09c093bf1a125c', NULL, NULL, NULL, 0, 'DCT1198', 'sinhvien'),
('3119411051', 'L MINH PHC ', '1997-04-13', 'i hc', '792e8cf62bae36da9d9f72319965059a', NULL, NULL, NULL, 0, 'DCT1198', 'sinhvien'),
('3119411052', 'NGUYN HU PHC ', '2001-07-17', 'i hc', '5b456f42cd2466d70cde7441ec458d91', NULL, NULL, NULL, 0, 'DCT1198', 'sinhvien'),
('3119411053', 'NGUYN L BO PHC ', '2001-02-16', 'i hc', 'd8ab2e68e5c3e4b451874a7b495dfb77', NULL, NULL, NULL, 0, 'DCT1198', 'sinhvien'),
('3119411060', 'L NGUYN THUN QUC ', '2001-07-31', 'i hc', 'e342379e9890ed17a5644d0d6544aea2', NULL, NULL, NULL, 0, 'DCT1198', 'sinhvien'),
('3119411062', 'MINH TM ', '2001-02-23', 'i hc', 'cf86c9ff51ead88715646789ebdcd033', NULL, NULL, NULL, 0, 'DCT1198', 'sinhvien'),
('3119411063', 'L QUC TN ', '2001-08-14', 'i hc', '53d880bd46baab680a936b977beb7b9f', NULL, NULL, NULL, 0, 'DCT1198', 'sinhvien'),
('3119411064', 'TRN L QUC THI ', '2001-01-20', 'i hc', '107fbb4e4accddc474d659ac78a85f94', NULL, NULL, NULL, 0, 'DCT1198', 'sinhvien'),
('3119411065', 'NGUYN DUY THANH ', '2001-08-28', 'i hc', '4c2460d28e2a2827a4b2a98bedebd62c', NULL, NULL, NULL, 0, 'DCT1198', 'sinhvien'),
('3119411068', 'NGUYN DUY THNH ', '2001-06-11', 'i hc', '08bff7b22ea654f68e427d932cc4ab13', NULL, NULL, NULL, 0, 'DCT1198', 'sinhvien'),
('3119411069', 'PHM TT THNH ', '2001-05-24', 'i hc', '7ee3bc9ce4f24401f1113ffa41ecfcdb', NULL, NULL, NULL, 0, 'DCT1198', 'sinhvien'),
('3119411070', 'TO GIA THNH ', '2001-09-12', 'i hc', 'be2c091c3523a8bcb45df81789befd92', NULL, NULL, NULL, 0, 'DCT1198', 'sinhvien'),
('3119411072', 'NGUYN TH MINH THI ', '2001-09-17', 'i hc', '2f7851052f32581f2f2f5d2cef347d9a', NULL, NULL, NULL, 0, 'DCT1198', 'sinhvien'),
('3119411074', 'TRN THI THIN ', '2001-10-02', 'i hc', 'af8f0f786ea716971b1d039de4bc5fcd', NULL, NULL, NULL, 0, 'DCT1198', 'sinhvien'),
('3119411075', 'NG HU THNH ', '2001-11-12', 'i hc', '477e436391c50027bebd91912dd2e274', NULL, NULL, NULL, 0, 'DCT1198', 'sinhvien'),
('3119411076', 'V PHC THNH ', '2001-12-31', 'i hc', '959520336051d7eacdb361e1c880d201', NULL, NULL, NULL, 0, 'DCT1198', 'sinhvien'),
('3119411077', 'NGUYN CNG TH ', '2001-06-11', 'i hc', 'a93d131bf4875959daa1768bc32483c1', NULL, NULL, NULL, 0, 'DCT1198', 'sinhvien'),
('3119411078', ' HUY THNG ', '2001-02-12', 'i hc', 'bcb394061489a68488572f518215cd07', NULL, NULL, NULL, 0, 'DCT1198', 'sinhvien'),
('3119411079', 'NGUYN HONG THNG ', '2001-01-22', 'i hc', '23dacc2675caa47cda66d66b28c317bc', NULL, NULL, NULL, 0, 'DCT1198', 'sinhvien'),
('3119411080', 'L HUNH ANH TH ', '2001-11-13', 'i hc', '2a149bb9b66766de1511aca72062e020', NULL, NULL, NULL, 0, 'DCT1198', 'sinhvien'),
('3119411082', 'NGUYN QU TNG ', '2001-08-12', 'i hc', 'bc7f68e431ce336621f5a76acbc13acc', NULL, NULL, NULL, 0, 'DCT1198', 'sinhvien'),
('3119411084', 'NGUYN HU TRIU ', '2001-05-10', 'i hc', 'ef2e97320e8c190026c9a822f93b5c1d', NULL, NULL, NULL, 0, 'DCT1198', 'sinhvien'),
('3119411085', 'V C TRNG ', '2001-03-21', 'i hc', 'fa2b46b25281e4968ad3fde989731687', NULL, NULL, NULL, 0, 'DCT1198', 'sinhvien'),
('3119411088', 'TRN LAM TRNG ', '2001-08-28', 'i hc', '173d3f24ec01b01972aac6b53e00b89c', NULL, NULL, NULL, 0, 'DCT1198', 'sinhvien'),
('3119411089', 'V VN T ', '2001-05-20', 'i hc', '4ff25ac2dca16b5ad5b5bd6f2e597278', NULL, NULL, NULL, 0, 'DCT1198', 'sinhvien'),
('3119411092', 'PHAN VN VIN ', '2001-08-31', 'i hc', '9ffc030a19562d2b7677bfb5118c6550', NULL, NULL, NULL, 0, 'DCT1198', 'sinhvien'),
('3119411093', 'HONG NH V ', '2001-03-04', 'i hc', '6582d85779475bddfd1281ab8d0f3525', NULL, NULL, NULL, 0, 'DCT1198', 'sinhvien'),
('3119411094', 'TNG NAM TUN V ', '2001-10-06', 'i hc', '9ed228be30f682ffd4aedc042d365c98', NULL, NULL, NULL, 0, 'DCT1198', 'sinhvien'),
('3119560002', 'TRNH TRM ANH ', '2001-10-12', 'i hc', '5014b3449ce619d909c8af896436e292', NULL, NULL, NULL, 0, 'DKP1191', 'sinhvien'),
('3119560004', 'H VN DIN ', '2001-03-04', 'i hc', '341ccb493826b0f64df2302271016ea7', NULL, NULL, NULL, 0, 'DKP1191', 'sinhvien'),
('3119560005', 'T PHNG DNG ', '2001-01-20', 'i hc', '3248c5dad0b6ea18d7ef434182076c7a', NULL, NULL, NULL, 0, 'DKP1191', 'sinhvien'),
('3119560006', 'H KHNH DUY ', '2001-02-27', 'i hc', '9d3c2ec504ef4902a897480c0773ca1e', NULL, NULL, NULL, 0, 'DKP1191', 'sinhvien'),
('3119560007', 'HUNH LM KHNH DUY ', '2001-07-20', 'i hc', 'f369c641ab4cf66df97eb6c9fe4c2016', NULL, NULL, NULL, 0, 'DKP1191', 'sinhvien'),
('3119560008', 'NGUYN HUNH THANH DUY ', '2001-10-23', 'i hc', '31cd58ebf65dc538d31977e9d21d0989', NULL, NULL, NULL, 0, 'DKP1191', 'sinhvien'),
('3119560009', 'NGUYN VN NHT DUY ', '2001-12-15', 'i hc', 'd41800ac5d94ecde691a547a63ba9385', NULL, NULL, NULL, 0, 'DKP1191', 'sinhvien'),
('3119560010', 'L TH CM DUYN ', '2001-07-20', 'i hc', '34133b6991a4113d898c917cedf8fe7f', NULL, NULL, NULL, 0, 'DKP1191', 'sinhvien'),
('3119560012', 'NGUYN VN MINH C ', '2001-04-14', 'i hc', '177d45b1adde14ab14a330eceba2b548', NULL, NULL, NULL, 0, 'DKP1191', 'sinhvien'),
('3119560013', 'NGUYN THANH GIANG ', '2001-06-13', 'i hc', '06b9fee13d84fca3fe30a35d01c79596', NULL, NULL, NULL, 0, 'DKP1191', 'sinhvien'),
('3119560014', 'BI PHC HI ', '2001-10-30', 'i hc', 'fc9948cff81ccbe48e4024423c799634', NULL, NULL, NULL, 0, 'DKP1191', 'sinhvien'),
('3119560015', 'L MINH HI ', '2001-10-06', 'i hc', '4e6da38d42db1e18395461122d088d4a', NULL, NULL, NULL, 0, 'DKP1191', 'sinhvien'),
('3119560017', 'NGUYN VN HIN ', '2001-04-13', 'i hc', 'f193a77eff027f3e3fc02da51f1f5f59', NULL, NULL, NULL, 0, 'DKP1191', 'sinhvien'),
('3119560021', 'L THANH HA ', '2001-07-30', 'i hc', 'c6316c3017a76a776b5759c5d06e7ad7', NULL, NULL, NULL, 0, 'DKP1191', 'sinhvien'),
('3119560023', 'NGUYN LIM THI H ', '2001-10-30', 'i hc', 'a98cadbe6ad5c32d313e9ebf9922f799', NULL, NULL, NULL, 0, 'DKP1191', 'sinhvien'),
('3119560024', 'V MINH HUN ', '2001-12-16', 'i hc', '515f1bed53445a5deccd14872b0207b3', NULL, NULL, NULL, 0, 'DKP1191', 'sinhvien'),
('3119560026', 'NG TRNG KHI ', '2001-03-16', 'i hc', '5524aef8e3a960cd848232f6bfa84f6a', NULL, NULL, NULL, 0, 'DKP1191', 'sinhvien'),
('3119560027', ' NH KHANG ', '2001-12-18', 'i hc', '964217f4a283d7718117c7e2f4bb540a', NULL, NULL, NULL, 0, 'DKP1191', 'sinhvien'),
('3119560029', 'PHNG DUY KHANG ', '2001-07-31', 'i hc', '26e3f6e2fdb8e56f8a8124c2771539df', NULL, NULL, NULL, 0, 'DKP1191', 'sinhvien'),
('3119560030', 'L DUY KHANH ', '2001-04-29', 'i hc', 'e52df31025dd6a48a85313811661605d', NULL, NULL, NULL, 0, 'DKP1191', 'sinhvien'),
('3119560031', 'V ANH KHOA ', '2001-10-19', 'i hc', 'd505e02fc631d84e8703ba6cd5a27e76', NULL, NULL, NULL, 0, 'DKP1191', 'sinhvien'),
('3119560032', 'TRN PHM MINH KHUY ', '2001-06-07', 'i hc', '7ef924e61a77801da1ab9cc8386834f6', NULL, NULL, NULL, 0, 'DKP1191', 'sinhvien'),
('3119560033', 'NGUYN VN KIT ', '2001-11-07', 'i hc', '70e13d37cebea98050f6dcf48c5ae604', NULL, NULL, NULL, 0, 'DKP1191', 'sinhvien'),
('3119560034', 'NG CNG LM ', '2001-05-06', 'i hc', '7163ff383323bab2f8dda09e5dd79e1f', NULL, NULL, NULL, 0, 'DKP1191', 'sinhvien'),
('3119560037', 'HUNH TH KIM LOAN ', '2001-10-23', 'i hc', '9de878468ecca045f114b616270aa5cc', NULL, NULL, NULL, 0, 'DKP1191', 'sinhvien'),
('3119560038', 'NGUYN PH HNG LOAN ', '2001-11-28', 'i hc', '345930bcb5168c668ffd5235a3e7fbb9', NULL, NULL, NULL, 0, 'DKP1191', 'sinhvien'),
('3119560039', 'BI VN LUN ', '2001-01-18', 'i hc', 'eb39bd5a34aa02369d250bf1b7515587', NULL, NULL, NULL, 0, 'DKP1191', 'sinhvien'),
('3119560040', 'DNG NH LC ', '2001-01-02', 'i hc', 'b273775b0356a0a28daab4ac7bd4363c', NULL, NULL, NULL, 0, 'DKP1191', 'sinhvien'),
('3119560042', 'INH NGUYN TRANG MINH ', '2001-11-08', 'i hc', 'd7133fe20f0e9b33a0218464cfa4c70b', NULL, NULL, NULL, 0, 'DKP1191', 'sinhvien'),
('3119560043', 'TRN QUANG MINH ', '2001-01-30', 'i hc', '806621ea981905dc0ddbb6eecb369d93', NULL, NULL, NULL, 0, 'DKP1191', 'sinhvien'),
('3119560045', 'PHM NH PHNG NAM ', '2001-07-09', 'i hc', 'e2070622fd2a6ab17849322751f920d6', NULL, NULL, NULL, 0, 'DKP1191', 'sinhvien'),
('3119560046', 'PHM TH HIU NGN ', '2001-12-24', 'i hc', '06a346c3f039ea680072f639fd22282c', NULL, NULL, NULL, 0, 'DKP1191', 'sinhvien'),
('3119560047', 'NGUYN HONG NHN ', '2001-09-17', 'i hc', 'fe4ad7f3c866f3b19c3d55c3667787f4', NULL, NULL, NULL, 0, 'DKP1191', 'sinhvien'),
('3119560048', 'NGUYN TRNG NHN ', '2001-09-06', 'i hc', '662c920277159601b45f463b4325544d', NULL, NULL, NULL, 0, 'DKP1191', 'sinhvien'),
('3119560050', 'L THNH PHT ', '2001-04-20', 'i hc', '42d35ccd1466a4205a332de7cf313c57', NULL, NULL, NULL, 0, 'DKP1191', 'sinhvien'),
('3119560051', 'PHM NGUYN MINH PHC ', '2001-09-29', 'i hc', '758560aa3f85dec8ac07927688fa8111', NULL, NULL, NULL, 0, 'DKP1191', 'sinhvien'),
('3119560052', 'V DUY GIA PHC ', '2001-01-08', 'i hc', 'dbc21288d954ddecf5328156eaef3cd8', NULL, NULL, NULL, 0, 'DKP1191', 'sinhvien'),
('3119560053', 'NGUYN THI PHNG ', '1998-12-02', 'i hc', '3737e6f40adb2bfa0d58ca7e15a20337', NULL, NULL, NULL, 0, 'DKP1191', 'sinhvien'),
('3119560054', 'L HONG QUN ', '2001-06-08', 'i hc', '6438521e911834b4afc85af13eeabd1b', NULL, NULL, NULL, 0, 'DKP1191', 'sinhvien'),
('3119560056', 'NGUYN RN RY ', '2001-12-16', 'i hc', 'dd496e678c59750eadbebfba640582d5', NULL, NULL, NULL, 0, 'DKP1191', 'sinhvien'),
('3119560057', 'TRN SANG ', '2001-05-19', 'i hc', 'bd0ea375f6d88b688c4556045e572803', NULL, NULL, NULL, 0, 'DKP1191', 'sinhvien'),
('3119560058', 'TRN NGC SNG ', '2001-01-02', 'i hc', '5a03193dd7c20aa6afcebd93c85716db', NULL, NULL, NULL, 0, 'DKP1191', 'sinhvien'),
('3119560059', 'NGUYN GIP TI ', '2001-06-19', 'i hc', 'f745a63efcace91f4d9ace72b75cd6a7', NULL, NULL, NULL, 0, 'DKP1191', 'sinhvien'),
('3119560061', 'TRN TH THU THANH ', '1999-01-04', 'i hc', '9f33cc2fd9dfcd690c4b2c3b6d69fc08', NULL, NULL, NULL, 0, 'DKP1191', 'sinhvien'),
('3119560062', 'NGUYN CNG THNH ', '2001-10-15', 'i hc', '7aa156c3f3f23e07fd26ceedb0e0ba09', NULL, NULL, NULL, 0, 'DKP1191', 'sinhvien'),
('3119560065', 'NGUYN MINH THNG ', '2001-02-28', 'i hc', '2edd0bcf9af331f54059b57aed72043d', NULL, NULL, NULL, 0, 'DKP1191', 'sinhvien'),
('3119560066', 'TRN MINH THNG ', '2001-04-24', 'i hc', '1790af76f2113816382bb843545cb9ff', NULL, NULL, NULL, 0, 'DKP1191', 'sinhvien'),
('3119560069', 'V QU THIN ', '2001-11-16', 'i hc', '62afa46da5047d54df4d9ede70f6da13', NULL, NULL, NULL, 0, 'DKP1191', 'sinhvien'),
('3119560070', 'PHM NGUYN MINH THUN ', '2001-01-28', 'i hc', '5ef1efbdc800749d59d4e825afab0492', NULL, NULL, NULL, 0, 'DKP1191', 'sinhvien'),
('3119560071', 'ON NHT THNG ', '2001-10-11', 'i hc', '033e4b3af3bdd31933a4781ee50aa7f8', NULL, NULL, NULL, 0, 'DKP1191', 'sinhvien'),
('3119560072', 'CHU NGC TON ', '2001-09-12', 'i hc', '8a5ed211d2bfae4df1a16cfdff027068', NULL, NULL, NULL, 0, 'DKP1191', 'sinhvien'),
('3119560073', 'CAO NGUYN PHNG TRANG ', '2001-06-02', 'i hc', '27606d47848a4b580edf3f77111d3f4f', NULL, NULL, NULL, 0, 'DKP1191', 'sinhvien'),
('3119560074', 'VNG HI TRN ', '2001-11-02', 'i hc', '4bb8bf99d2e2c7d873bcb4cc08b29566', NULL, NULL, NULL, 0, 'DKP1191', 'sinhvien'),
('3119560075', 'V TN TRUNG ', '2001-01-13', 'i hc', 'c92ff45a4cfea2451fc8f54837c9ec94', NULL, NULL, NULL, 0, 'DKP1191', 'sinhvien'),
('3119560076', 'NGUYN NHT TRNG ', '1999-01-30', 'i hc', '524cad0237a00271b154e81c26f9eb02', NULL, NULL, NULL, 0, 'DKP1191', 'sinhvien'),
('3119560078', 'PHM ANH TUN ', '2001-01-01', 'i hc', 'f174309a280c07b95c9e7f1aeb2e217f', NULL, NULL, NULL, 0, 'DKP1191', 'sinhvien'),
('3119560079', 'TRN THANH TNG ', '2001-04-13', 'i hc', '6b5f027ea6965c74c89938382b83610a', NULL, NULL, NULL, 0, 'DKP1191', 'sinhvien'),
('3119560081', 'L THIN V ', '2000-07-27', 'i hc', '34672ed87ccb904f2072fa15f7285262', NULL, NULL, NULL, 0, 'DCT1219', 'sinhvien'),
('3119560083', 'PHM HONG V ', '2001-04-30', 'i hc', 'd0fcb220bbf65b90324dcc5c0a4368a5', NULL, NULL, NULL, 0, 'DCT1219', 'sinhvien'),
('3119560085', 'HONG H VY ', '2001-07-02', 'i hc', '9b2812f961827d98c1014fa795f0a861', NULL, NULL, NULL, 0, 'DCT1219', 'sinhvien'),
('3120410002', 'V HI H ', '2002-08-14', 'i hc', '0f3a25d635d71a471f879ad2eef901cb', NULL, NULL, NULL, 0, 'DCT1201', 'sinhvien'),
('3120410003', 'L THANH HI ', '2002-08-03', 'i hc', '0319f3aafef1488e8d216b92956f6d27', NULL, NULL, NULL, 0, 'DCT1202', 'sinhvien'),
('3120410005', 'PHM QUANG MINH ', '2001-06-23', 'i hc', '2111374ddade83d422306da68bdcc4c9', NULL, NULL, NULL, 0, 'DCT1204', 'sinhvien'),
('3120410007', 'L NG TN PHC ', '2002-11-18', 'i hc', '7b3aba5de78b85d27c664b7d295a2ee8', NULL, NULL, NULL, 0, 'DCT1205', 'sinhvien'),
('3120410008', 'BI CNG QUANG ', '2001-05-14', 'i hc', '192d81a9f6e99c5aacd9d5bb11fcd3b0', NULL, NULL, NULL, 0, 'DCT1206', 'sinhvien');
INSERT INTO `sinhvien` (`maSinhVien`, `hoTenSinhVien`, `ngaySinh`, `he`, `matKhauSinhVien`, `email`, `sdt`, `anhDaiDien`, `totNghiep`, `maLop`, `quyen`) VALUES
('3120410011', 'TRNG TR TI ', '2002-07-05', 'i hc', 'a60e0d40c04835311e53370792798d6c', NULL, NULL, NULL, 0, 'DCT1207', 'sinhvien'),
('3120410012', 'PHM L HUYN TRANG ', '2002-01-17', 'i hc', '5fecfe24f3437e9bccf5d002acdd58b3', NULL, NULL, NULL, 0, 'DCT1208', 'sinhvien'),
('3120410014', 'INH TH LAN TRINH ', '2002-11-07', 'i hc', 'c427ee424f6a4b8891ed892a7aedc402', NULL, NULL, NULL, 0, 'DCT1209', 'sinhvien'),
('3120410016', 'NGUYN MNH TNG ', '2001-03-27', 'i hc', '6c17c3cb570a9b35a897c841d42182ee', NULL, NULL, NULL, 0, 'DCT1201', 'sinhvien'),
('3120410017', 'CHU QUC ALIN ', '2001-04-19', 'i hc', '10c59ba53f653bac0d03788a4d9b21d5', NULL, NULL, NULL, 0, 'DCT1201', 'sinhvien'),
('3120410018', 'LU TRNG AN ', '2002-04-24', 'i hc', '94cad37e298952aa8859c197ed20d1bf', NULL, NULL, NULL, 0, 'DCT1202', 'sinhvien'),
('3120410019', 'MAI THANH AN ', '2002-04-28', 'i hc', '073b5fc684db3d9fda2c684fd4723eb2', NULL, NULL, NULL, 0, 'DCT1203', 'sinhvien'),
('3120410020', 'NGUYN QUC AN ', '2002-02-27', 'i hc', '0f8d096fbb0d353be1651db278b0e3d1', NULL, NULL, NULL, 0, 'DCT1204', 'sinhvien'),
('3120410021', 'PHM HONG AN ', '2002-10-28', 'i hc', '56d691cea82cdbb28d9f558c6c21194b', NULL, NULL, NULL, 0, 'DCT1205', 'sinhvien'),
('3120410022', 'TRN KHNH AN ', '2002-10-12', 'i hc', '5cbf5353a8029d47c920a76b70db35d2', NULL, NULL, NULL, 0, 'DCT1206', 'sinhvien'),
('3120410023', 'TRN PHAN THNH AN ', '2002-01-22', 'i hc', 'cd0e1ed3935864827faeec1be7ea545b', NULL, NULL, NULL, 0, 'DCT1207', 'sinhvien'),
('3120410024', 'TRNG H AN ', '2002-11-13', 'i hc', 'ff34df52fbb5a6dddac43fa9e2231a19', NULL, NULL, NULL, 0, 'DCT1208', 'sinhvien'),
('3120410025', 'T C AN ', '2002-04-27', 'i hc', '8d170b8dc338ca4e853e1b37995ce5af', NULL, NULL, NULL, 0, 'DCT1209', 'sinhvien'),
('3120410026', 'HONG TUN ANH ', '2002-08-12', 'i hc', 'b7b3b1e4f41a2b09cfb03e44a48dbbf9', NULL, NULL, NULL, 0, 'DCT1201', 'sinhvien'),
('3120410027', 'H TH KIU ANH ', '2002-11-17', 'i hc', '9d805f490b5c177699b7b6ff8b53bc5d', NULL, NULL, NULL, 0, 'DCT1201', 'sinhvien'),
('3120410028', 'L TRN MINH ANH ', '2002-11-28', 'i hc', 'e724457d2ecae7ec3c01f2df25e9307a', NULL, NULL, NULL, 0, 'DCT1202', 'sinhvien'),
('3120410029', 'L TUN ANH ', '2002-05-10', 'i hc', 'bd7d95a8e39dedbea9166b2ccaaabcc3', NULL, NULL, NULL, 0, 'DCT1203', 'sinhvien'),
('3120410030', 'NGUYN C ANH ', '2002-03-11', 'i hc', 'f3bbb1f885151d4fc44ce23187ac0f63', NULL, NULL, NULL, 0, 'DCT1204', 'sinhvien'),
('3120410031', 'NGUYN HUNH TRM ANH ', '2002-05-05', 'i hc', '3768800ad42796f8b8511d196015bd0f', NULL, NULL, NULL, 0, 'DCT1205', 'sinhvien'),
('3120410033', 'NGUYN TRIU ANH ', '2002-02-24', 'i hc', 'f04d07b2b884795f5b649d58e47971a5', NULL, NULL, NULL, 0, 'DCT1207', 'sinhvien'),
('3120410034', 'NGUYN TUN ANH ', '2002-09-12', 'i hc', '74bc71e9cc251e655dac7e0badd5296b', NULL, NULL, NULL, 0, 'DCT1208', 'sinhvien'),
('3120410035', 'PHM TH THO ANH ', '2002-12-03', 'i hc', '7e49cb577dfc61cd201096d8d040d8b3', NULL, NULL, NULL, 0, 'DCT1209', 'sinhvien'),
('3120410036', 'PHM TUN ANH ', '2002-03-29', 'i hc', '4d5b2b834329bff11f6ade229e023dda', NULL, NULL, NULL, 0, 'DCT1201', 'sinhvien'),
('3120410037', 'PHAN ANH ', '2002-01-04', 'i hc', '3a1f334fe9f745e2c0b5a5bb3f5c4ac9', NULL, NULL, NULL, 0, 'DCT1201', 'sinhvien'),
('3120410038', 'TRNG TIN ANH ', '2002-12-19', 'i hc', 'd6f5189e147282a1b0cf95c367c485b4', NULL, NULL, NULL, 0, 'DCT1202', 'sinhvien'),
('3120410039', 'V MAI ANH ', '2002-11-12', 'i hc', '728eeac047920f8eb9428efbce2187a6', NULL, NULL, NULL, 0, 'DCT1203', 'sinhvien'),
('3120410040', 'V NGC ANH ', '2002-12-21', 'i hc', 'd329d7ab23dcdf7e10c9c82e48b71038', NULL, NULL, NULL, 0, 'DCT1204', 'sinhvien'),
('3120410041', 'NGUYN NGC NH ', '2001-01-14', 'i hc', '5e890ae032cfad05a554624446dc9356', NULL, NULL, NULL, 0, 'DCT1205', 'sinhvien'),
('3120410042', 'NGUYN TH NGC NH ', '2002-12-15', 'i hc', 'f4c5513dfc30fb35b43c0c0dfbd671af', NULL, NULL, NULL, 0, 'DCT1206', 'sinhvien'),
('3120410044', 'TRN HUNH N ', '2002-02-25', 'i hc', '028aaf223c6b79718aa94f1b0af71646', NULL, NULL, NULL, 0, 'DCT1207', 'sinhvien'),
('3120410045', 'H S BANG ', '2002-04-20', 'i hc', '83910e2c538ffe68ad4f36641fcf0032', NULL, NULL, NULL, 0, 'DCT1208', 'sinhvien'),
('3120410046', 'NG CH BO ', '2002-10-03', 'i hc', 'd2dd4f3962f3ddb9f85307b5fb9a6258', NULL, NULL, NULL, 0, 'DCT1209', 'sinhvien'),
('3120410047', 'GIANG CH BO ', '2002-04-18', 'i hc', '75e4bb500819ab3713ce17e9ea8652a2', NULL, NULL, NULL, 0, 'DCT1201', 'sinhvien'),
('3120410048', 'HUNH GIA BO ', '2002-11-19', 'i hc', 'b647c7dccc7c03c4bb88df5d05ffd223', NULL, NULL, NULL, 0, 'DCT1201', 'sinhvien'),
('3120410049', 'NGUYN CHI BO ', '2002-04-26', 'i hc', '958c24d610135dc4c67fc076ff15ac01', NULL, NULL, NULL, 0, 'DCT1202', 'sinhvien'),
('3120410050', 'NGUYN QUC BO ', '2002-10-26', 'i hc', 'eb9dbf223598b5eba427383f08566a42', NULL, NULL, NULL, 0, 'DCT1203', 'sinhvien'),
('3120410051', 'PHM QUC BO ', '2002-08-13', 'i hc', 'f966c53b50b618aaef2d8356be3a9474', NULL, NULL, NULL, 0, 'DCT1204', 'sinhvien'),
('3120410052', 'THI BO ', '2002-10-15', 'i hc', '23bfb7f670a6f6806a648e9c5862a735', NULL, NULL, NULL, 0, 'DCT1205', 'sinhvien'),
('3120410053', 'THI TUN BO ', '2002-07-28', 'i hc', 'c00a91bbc852d7edf0c76b6fa1eb6008', NULL, NULL, NULL, 0, 'DCT1206', 'sinhvien'),
('3120410054', 'TRN GIA BO ', '2002-07-20', 'i hc', 'd546cf658da9093f0ec7af911ada8b4a', NULL, NULL, NULL, 0, 'DCT1207', 'sinhvien'),
('3120410055', 'TRN GIA BO ', '2002-06-16', 'i hc', '7dacef1eff681f3d075bacf3d53a0413', NULL, NULL, NULL, 0, 'DCT1208', 'sinhvien'),
('3120410056', 'V TIU BO ', '2002-12-31', 'i hc', '74dc9a12549ba458dc0af1a8338dbc4b', NULL, NULL, NULL, 0, 'DCT1209', 'sinhvien'),
('3120410057', 'V TRN GIA BO ', '2002-02-04', 'i hc', '7219da986f047cbb2112f7c68942f32f', NULL, NULL, NULL, 0, 'DCT1201', 'sinhvien'),
('3120410058', 'V QUC BO ', '2002-12-09', 'i hc', '1512589241bfe5f38a99408bf757cc78', NULL, NULL, NULL, 0, 'DCT1201', 'sinhvien'),
('3120410060', 'PHAN VN BNG ', '2002-08-22', 'i hc', '682e832eeaf0ff5eb4b6e59d402c2154', NULL, NULL, NULL, 0, 'DCT1203', 'sinhvien'),
('3120410061', 'CAO TRUNG BNH ', '2002-10-17', 'i hc', '1f2a22b451209961081bdd871aafe557', NULL, NULL, NULL, 0, 'DCT1204', 'sinhvien'),
('3120410062', 'L TN BNH ', '2002-02-02', 'i hc', '75c8c1b9b483dfabeb1b4dfbd99c8bea', NULL, NULL, NULL, 0, 'DCT1205', 'sinhvien'),
('3120410063', 'L THANH BNH ', '2002-02-25', 'i hc', '26ef4a9e6a4c1e1908026a01181474c9', NULL, NULL, NULL, 0, 'DCT1206', 'sinhvien'),
('3120410064', 'MAI NGC CNH ', '2002-01-17', 'i hc', '2d07517774b29af8ec3f9148bf0dda95', NULL, NULL, NULL, 0, 'DCT1207', 'sinhvien'),
('3120410066', 'V VIT CHIN ', '2002-04-13', 'i hc', '4f2721c761f5ab1f52bcb8fab49380da', NULL, NULL, NULL, 0, 'DCT1209', 'sinhvien'),
('3120410067', 'TRN V CHUNG ', '2002-05-06', 'i hc', '3a7923daa80e801fc4f1e8fb2c9c2f1b', NULL, NULL, NULL, 0, 'DCT1201', 'sinhvien'),
('3120410068', 'VNG TRNG CHUNG ', '2002-02-09', 'i hc', '2766ee425f5658d25faaf5ba5db38d00', NULL, NULL, NULL, 0, 'DCT1201', 'sinhvien'),
('3120410070', 'NG TUN CHNG ', '2002-09-30', 'i hc', 'a06dcd0e21ed48a93f01b01ceacc2394', NULL, NULL, NULL, 0, 'DCT1203', 'sinhvien'),
('3120410071', 'V NGUYN NGUYN CHNG ', '2002-07-20', 'i hc', '246cccc6df70dc35b4bb18ba0680b55c', NULL, NULL, NULL, 0, 'DCT1204', 'sinhvien'),
('3120410072', 'NG DUY THNH CNG ', '2002-01-31', 'i hc', '339bbab1f76d702a4dd4ebdf511b9d23', NULL, NULL, NULL, 0, 'DCT1205', 'sinhvien'),
('3120410073', 'NGUYN CH CNG ', '2002-10-29', 'i hc', '0f30f5e071398393523acedf67b17b95', NULL, NULL, NULL, 0, 'DCT1206', 'sinhvien'),
('3120410074', 'TRNG VN CNG ', '2002-05-23', 'i hc', '85a95d8413688b787479ddc86a1a926a', NULL, NULL, NULL, 0, 'DCT1207', 'sinhvien'),
('3120410076', 'PHM MINH CNG ', '2002-03-27', 'i hc', 'dc7769d54f3b91f4b1598b6c2635846f', NULL, NULL, NULL, 0, 'DCT1209', 'sinhvien'),
('3120410077', 'HUNH THANH DANH ', '2002-01-03', 'i hc', 'c61a5544aa3d100024d15f358b3c19e0', NULL, NULL, NULL, 0, 'DCT1201', 'sinhvien'),
('3120410080', 'U QUANG DIN ', '2002-04-24', 'i hc', '7da9c608654d9f7035ca66dfe734eb65', NULL, NULL, NULL, 0, 'DCT1202', 'sinhvien'),
('3120410081', 'PHAN M DUNG ', '2002-10-22', 'i hc', '715a8c10a8867ff270fc4e5cfb9c49c0', NULL, NULL, NULL, 0, 'DCT1203', 'sinhvien'),
('3120410082', ' TH DNG ', '2002-01-14', 'i hc', 'fd104db151ec8b30c6de4aaf65f5e90d', NULL, NULL, NULL, 0, 'DCT1204', 'sinhvien'),
('3120410083', 'NGUYN VN DNG ', '2002-01-11', 'i hc', 'e6b682bc2fc6315b204075399bcb5413', NULL, NULL, NULL, 0, 'DCT1205', 'sinhvien'),
('3120410084', 'NGUYN VN TIN DNG ', '2002-07-31', 'i hc', 'e1d1b96e7304c6574361a4acb6211d03', NULL, NULL, NULL, 0, 'DCT1206', 'sinhvien'),
('3120410085', ' THANH DUY ', '2002-12-11', 'i hc', '9f5b808aaed81564a83dbc7e7bdc45bb', NULL, NULL, NULL, 0, 'DCT1207', 'sinhvien'),
('3120410086', 'H PHNG DUY ', '2002-05-09', 'i hc', 'ddd10c83a6e3584d7f347f8baa6b78bf', NULL, NULL, NULL, 0, 'DCT1208', 'sinhvien'),
('3120410087', 'HUNH ANH DUY ', '2002-01-01', 'i hc', '302a988efb6bc505bf99d7ce5e64467d', NULL, NULL, NULL, 0, 'DCT1209', 'sinhvien'),
('3120410088', 'HUNH KHNH DUY ', '2002-06-11', 'i hc', 'f085930a3e0419f35ab00f1f35b76e01', NULL, NULL, NULL, 0, 'DCT1201', 'sinhvien'),
('3120410089', 'HUNH LM DUY ', '2002-03-15', 'i hc', 'bc9a222f91b15c6445095e2b1f4adcf5', NULL, NULL, NULL, 0, 'DCT1201', 'sinhvien'),
('3120410091', 'L NHT DUY ', '2002-11-26', 'i hc', 'f19207a047020f7e72104e0bab1c178d', NULL, NULL, NULL, 0, 'DCT1202', 'sinhvien'),
('3120410092', 'NGUYN CHU HIU DUY ', '2002-03-06', 'i hc', 'dc43e0fa2db95ea9e64bb08eb49b7bc6', NULL, NULL, NULL, 0, 'DCT1203', 'sinhvien'),
('3120410093', 'NGUYN HONG DUY ', '2002-05-14', 'i hc', 'd22653ba42ebfcb46f466a747173434b', NULL, NULL, NULL, 0, 'DCT1204', 'sinhvien'),
('3120410094', 'NGUYN KHC DUY ', '2002-06-22', 'i hc', 'cdeb0217bf0fce73b6fe895eb99e5565', NULL, NULL, NULL, 0, 'DCT1205', 'sinhvien'),
('3120410095', 'NGUYN THANH DUY ', '2002-05-22', 'i hc', '44c585998ab70ebbe6d8f799a499b1d0', NULL, NULL, NULL, 0, 'DCT1206', 'sinhvien'),
('3120410097', ' T THO DUYN ', '2002-03-09', 'i hc', '74ba617c599572f7a41532d85c9d78cd', NULL, NULL, NULL, 0, 'DCT1207', 'sinhvien'),
('3120410098', ' TRNH M DUYN ', '2002-10-07', 'i hc', '814defa670736beb4fc9d189b43d1003', NULL, NULL, NULL, 0, 'DCT1208', 'sinhvien'),
('3120410099', 'PHM TRN M DUYN ', '2002-05-29', 'i hc', '0c93616865a95faeba14cf519783f593', NULL, NULL, NULL, 0, 'DCT1209', 'sinhvien'),
('3120410100', 'ON NH DNG ', '2002-09-05', 'i hc', '341b55969b535ce8e68e21278407ed0c', NULL, NULL, NULL, 0, 'DCT1201', 'sinhvien'),
('3120410101', ' XUN QU DNG ', '2002-10-11', 'i hc', 'a8e3b57a783be22ef526c00b54a0956e', NULL, NULL, NULL, 0, 'DCT1201', 'sinhvien'),
('3120410102', 'MAI VN DNG ', '2002-08-17', 'i hc', 'a0a4dfe0813f4ad5c9fb381384894f7e', NULL, NULL, NULL, 0, 'DCT1202', 'sinhvien'),
('3120410103', 'NGUYN HI DNG ', '2002-10-09', 'i hc', '3920f06560823b8eb483d832a0aa3fb7', NULL, NULL, NULL, 0, 'DCT1203', 'sinhvien'),
('3120410104', 'NGUYN V QUC DNG ', '2002-05-16', 'i hc', '77af7fc5a0b4c2abfc35ac8418de5bf1', NULL, NULL, NULL, 0, 'DCT1204', 'sinhvien'),
('3120410105', 'TRNG THNH I ', '2002-07-15', 'i hc', '3786b25fa1091f3f1cdc54f5598cb30e', NULL, NULL, NULL, 0, 'DCT1205', 'sinhvien'),
('3120410106', 'V HONG I ', '2002-10-27', 'i hc', '840181f8e86212c483e034246a493586', NULL, NULL, NULL, 0, 'DCT1206', 'sinhvien'),
('3120410107', 'V VN I ', '2002-11-04', 'i hc', 'ff10845d30c41f81cd5293cbb10ab70a', NULL, NULL, NULL, 0, 'DCT1207', 'sinhvien'),
('3120410108', 'L GIA O ', '2002-10-20', 'i hc', 'cd1654cad9ef4ebf045656164145e2ff', NULL, NULL, NULL, 0, 'DCT1208', 'sinhvien'),
('3120410110', 'DNG TRN NGUYN T ', '2002-05-01', 'i hc', 'ae00d7a1097242cf850e34e89eb9aa3d', NULL, NULL, NULL, 0, 'DCT1201', 'sinhvien'),
('3120410111', 'ON QUC T ', '2002-12-09', 'i hc', '3596c9e7f7a3b000436d4fe4ea6f78b5', NULL, NULL, NULL, 0, 'DCT1201', 'sinhvien'),
('3120410112', 'HUNH PHAN HU T ', '2002-03-26', 'i hc', '4a8204a8b735967fcb882739bbb4e4f4', NULL, NULL, NULL, 0, 'DCT1202', 'sinhvien'),
('3120410113', 'HUNH THNH T ', '2002-04-26', 'i hc', '6e20ad7a8bd89bf58e36c229a5d85a25', NULL, NULL, NULL, 0, 'DCT1203', 'sinhvien'),
('3120410114', 'L THNH T ', '2002-01-24', 'i hc', '41c68671ad1d4fe3dcf721f20ef4d62e', NULL, NULL, NULL, 0, 'DCT1204', 'sinhvien'),
('3120410115', 'L THNH T ', '2002-01-03', 'i hc', 'ed8ea9f86e1246520b7fa1276a6259de', NULL, NULL, NULL, 0, 'DCT1205', 'sinhvien'),
('3120410116', 'NGUYN BI THIN T ', '2002-05-15', 'i hc', '0f4dce48ba1549a24a4c81e7a7a0af04', NULL, NULL, NULL, 0, 'DCT1206', 'sinhvien'),
('3120410117', 'NGUYN DUY T ', '2002-01-31', 'i hc', 'b9e8f392aad5fe1da7ddb57670a3558b', NULL, NULL, NULL, 0, 'DCT1207', 'sinhvien'),
('3120410119', 'NGUYN THNH T ', '2002-11-12', 'i hc', '6e9d27216a592312ac7551cbe36de9f6', NULL, NULL, NULL, 0, 'DCT1209', 'sinhvien'),
('3120410120', 'NGUYN THNH T ', '2002-12-10', 'i hc', 'abff9aa4255edd3353cd03d9da755924', NULL, NULL, NULL, 0, 'DCT1201', 'sinhvien'),
('3120410121', 'PHM QUC T ', '2001-04-23', 'i hc', 'cf0526bb28617b5343fab3db8d7791f4', NULL, NULL, NULL, 0, 'DCT1201', 'sinhvien'),
('3120410122', 'TRN VNH TN T ', '2002-01-27', 'i hc', '01eae05e65865de93f9b1e384281abf0', NULL, NULL, NULL, 0, 'DCT1202', 'sinhvien'),
('3120410123', 'TRN XNG T ', '2002-08-17', 'i hc', '1adee07ac9ddb4a7dba6acdad649d54c', NULL, NULL, NULL, 0, 'DCT1203', 'sinhvien'),
('3120410124', 'TRNG TN T ', '2002-03-01', 'i hc', 'ca5b744b581067d1baa11daee3265dad', NULL, NULL, NULL, 0, 'DCT1204', 'sinhvien'),
('3120410125', 'VI O TIN T ', '2002-11-26', 'i hc', '3fb9797101e4e693d5b7c63713952db7', NULL, NULL, NULL, 0, 'DCT1205', 'sinhvien'),
('3120410126', 'HUNH V HI NG ', '2002-07-29', 'i hc', '5aa7521ec9c6fd997aba8a7207609866', NULL, NULL, NULL, 0, 'DCT1206', 'sinhvien'),
('3120410127', 'PHM HI NG ', '2002-02-15', 'i hc', '43b860ef28dac5dbf41688b786f763dc', NULL, NULL, NULL, 0, 'DCT1207', 'sinhvien'),
('3120410128', 'NGUYN C  ', '2002-01-01', 'i hc', '0eec597b42351a272eef900d465ed748', NULL, NULL, NULL, 0, 'DCT1208', 'sinhvien'),
('3120410129', 'PHM TRIU IN ', '2002-06-14', 'i hc', '3ace21aa04df482d69244ba7191c6f7b', NULL, NULL, NULL, 0, 'DCT1209', 'sinhvien'),
('3120410130', 'NGUYN NGC NH ', '2002-07-25', 'i hc', '9401dcb0295b0a7eb5d0467410323afa', NULL, NULL, NULL, 0, 'DCT1201', 'sinhvien'),
('3120410131', 'NG CNG NH ', '2002-04-25', 'i hc', '405892e0fdd9da88d5cd04edda0aa0de', NULL, NULL, NULL, 0, 'DCT1201', 'sinhvien'),
('3120410132', 'NGUYN HIU NG ', '2002-01-03', 'i hc', '77b98519298dac8c2a4ed98fdbf5f715', NULL, NULL, NULL, 0, 'DCT1202', 'sinhvien'),
('3120410133', 'TRNG CHN NG ', '2002-09-19', 'i hc', '241c54affc9d589dfc4a8dd8df0c2c4c', NULL, NULL, NULL, 0, 'DCT1203', 'sinhvien'),
('3120410134', 'TRN VN NG ', '2002-08-14', 'i hc', '96818aae1f2ee50e1abfc325897f6619', NULL, NULL, NULL, 0, 'DCT1204', 'sinhvien'),
('3120410135', 'CAO MINH C ', '2002-03-21', 'i hc', '2fb586ab12725cf8122b57676062e9fb', NULL, NULL, NULL, 0, 'DCT1205', 'sinhvien'),
('3120410138', 'L XUN C ', '2002-07-12', 'i hc', '267f4a6de5ac23228f6e19cae1deaf8c', NULL, NULL, NULL, 0, 'DCT1207', 'sinhvien'),
('3120410139', 'NGUYN CNH C ', '2002-06-20', 'i hc', 'f8a32343bb985f135801f94aea6ea4d7', NULL, NULL, NULL, 0, 'DCT1208', 'sinhvien'),
('3120410141', 'NGUYN L C ', '2002-12-29', 'i hc', '4f7e96612d2bc2dae82531d7d4e2bd2e', NULL, NULL, NULL, 0, 'DCT1201', 'sinhvien'),
('3120410144', 'NGUYN TH HNG GM ', '2002-10-02', 'i hc', '6f6ba5010ba1b8f3c15b987cd95c4b29', NULL, NULL, NULL, 0, 'DCT1202', 'sinhvien'),
('3120410145', 'NG NGC GIU ', '2002-07-15', 'i hc', '6792867bb41a61a938a3e3389eb3258a', NULL, NULL, NULL, 0, 'DCT1203', 'sinhvien'),
('3120410146', 'NGUYN TI H ', '2001-02-03', 'i hc', 'a4c450aa7e813c6ed8c6ad1b39a7073a', NULL, NULL, NULL, 0, 'DCT1204', 'sinhvien'),
('3120410147', 'NGUYN TH THU H ', '2002-11-14', 'i hc', '13c47719d625f96c0cf075f3057f00a3', NULL, NULL, NULL, 0, 'DCT1205', 'sinhvien'),
('3120410148', 'HONG TUN HI ', '2002-06-08', 'i hc', 'cd375b5ace3f0c24a327df2f01cd328b', NULL, NULL, NULL, 0, 'DCT1206', 'sinhvien'),
('3120410149', 'H VIT NAM HI ', '2002-12-11', 'i hc', '8456764d5529d3ff18dc02409904ee1a', NULL, NULL, NULL, 0, 'DCT1207', 'sinhvien'),
('3120410150', 'LI QUANG HI ', '2002-08-26', 'i hc', 'ed5e1d3fee8ef8b26c2acde9190aae99', NULL, NULL, NULL, 0, 'DCT1208', 'sinhvien'),
('3120410152', 'L D GIP HO ', '2002-10-04', 'i hc', 'd3890f60599bd8b63113d88d23ede68f', NULL, NULL, NULL, 0, 'DCT1201', 'sinhvien'),
('3120410153', 'L GIA HO ', '2002-12-01', 'i hc', '9346f20c6d4ac1f3883246d8d20c48aa', NULL, NULL, NULL, 0, 'DCT1201', 'sinhvien'),
('3120410155', 'PHAN NHT HO ', '2002-09-09', 'i hc', 'd4b1c8237c14a415d790b431f7ec526f', NULL, NULL, NULL, 0, 'DCT1202', 'sinhvien'),
('3120410156', 'V ANH HO ', '2002-07-20', 'i hc', '04def3a3984ed4e958ce8230868e37f1', NULL, NULL, NULL, 0, 'DCT1203', 'sinhvien'),
('3120410157', 'U DNG BNH HNG ', '2002-01-24', 'i hc', 'd37f5af94ea353fca1000ff4057b4a2a', NULL, NULL, NULL, 0, 'DCT1204', 'sinhvien'),
('3120410158', 'NGUYN GIA HN ', '2002-02-21', 'i hc', 'e9f0abb75b443c2eebfa4089485760ac', NULL, NULL, NULL, 0, 'DCT1205', 'sinhvien'),
('3120410159', 'HONG VN HU ', '2002-08-25', 'i hc', 'e61b9401e16dbe79e2e0f676ed6629c3', NULL, NULL, NULL, 0, 'DCT1206', 'sinhvien'),
('3120410161', 'TRN TRUNG HU ', '2002-02-09', 'i hc', '40a858a25758f9b44e35ad1d661e3e71', NULL, NULL, NULL, 0, 'DCT1207', 'sinhvien'),
('3120410163', 'NGUYN TRUNG HIN ', '2002-09-17', 'i hc', 'cb9005b67094230222f09a0fcc5cd4b6', NULL, NULL, NULL, 0, 'DCT1208', 'sinhvien'),
('3120410166', 'NG THANH HIP ', '2002-02-20', 'i hc', '0aa9d266f9907d5fd03c3f14a8119fff', NULL, NULL, NULL, 0, 'DCT1201', 'sinhvien'),
('3120410167', ' MINH HIU ', '2002-03-26', 'i hc', 'a6d9afb3aa33c5b39e735c535d1ab119', NULL, NULL, NULL, 0, 'DCT1201', 'sinhvien'),
('3120410168', 'HONG HUNH TRUNG HIU ', '2002-08-20', 'i hc', '507ea5b97495ae27036df06df1fea551', NULL, NULL, NULL, 0, 'DCT1202', 'sinhvien'),
('3120410169', 'PHM MINH HIU ', '2002-07-18', 'i hc', 'c9f902c83fac9490bf8c156261cb3b80', NULL, NULL, NULL, 0, 'DCT1203', 'sinhvien'),
('3120410171', 'TRN TRUNG HIU ', '2002-12-20', 'i hc', '21221cbcd23be54401f02d6c4a8fbfc4', NULL, NULL, NULL, 0, 'DCT1204', 'sinhvien'),
('3120410173', 'MAI XUN HIU ', '2002-06-15', 'i hc', '7b852afc01bc18c9535629aafd60ce95', NULL, NULL, NULL, 0, 'DCT1205', 'sinhvien'),
('3120410174', 'NGUYN VN HINH ', '2002-05-18', 'i hc', '4725178a854e2d35b669aa8b35e563ef', NULL, NULL, NULL, 0, 'DCT1206', 'sinhvien'),
('3120410175', 'DNG TRUNG HA ', '2002-12-17', 'i hc', '80040224652dae71693cfaf464c3ae2a', NULL, NULL, NULL, 0, 'DCT1207', 'sinhvien'),
('3120410176', 'PHAN THI HA ', '2002-04-03', 'i hc', '741a631190ce36f7f58e3976336fc331', NULL, NULL, NULL, 0, 'DCT1208', 'sinhvien'),
('3120410178', 'PHAN VN HON ', '2002-05-26', 'i hc', '4df722faed7036fd2114dd4280430360', NULL, NULL, NULL, 0, 'DCT1209', 'sinhvien'),
('3120410179', 'O XUN HONG ', '2002-11-04', 'i hc', 'd3e66b823c1fbc754da0de23278628a7', NULL, NULL, NULL, 0, 'DCT1201', 'sinhvien'),
('3120410180', 'L HU HONG ', '2002-05-29', 'i hc', '02aea0f011f9a31de1f89fa66c2773a5', NULL, NULL, NULL, 0, 'DCT1201', 'sinhvien'),
('3120410181', 'NG MINH HONG ', '2002-06-13', 'i hc', 'b0d8e2da8f22c09dcf0e5edc6a383825', NULL, NULL, NULL, 0, 'DCT1202', 'sinhvien'),
('3120410182', 'NGUYN VIT HONG ', '2002-05-22', 'i hc', 'e3af4e8633ea434227e14af4e63bb9d2', NULL, NULL, NULL, 0, 'DCT1203', 'sinhvien'),
('3120410183', 'PHM KIM HONG ', '2002-07-16', 'i hc', '691b13eebf445e614d825ffb30da1b80', NULL, NULL, NULL, 0, 'DCT1204', 'sinhvien'),
('3120410184', 'QUCH XUN HONG ', '2002-02-21', 'i hc', 'e93ff92875de01dde40f2e2affbea389', NULL, NULL, NULL, 0, 'DCT1205', 'sinhvien'),
('3120410185', 'O VN HOT ', '2002-12-26', 'i hc', '45d2ad46e703887f1809cee6bcc1deb0', NULL, NULL, NULL, 0, 'DCT1206', 'sinhvien'),
('3120410186', 'HUNH PHC HI ', '2002-01-10', 'i hc', '2caac72e1d26b63c40437ef67b9fd7c6', NULL, NULL, NULL, 0, 'DCT1207', 'sinhvien'),
('3120410187', 'L NGC HP ', '2002-11-26', 'i hc', '6ac75a15f80349a95191033e6d8ade06', NULL, NULL, NULL, 0, 'DCT1208', 'sinhvien'),
('3120410188', 'MAI HA HP ', '2002-05-10', 'i hc', '63baf4d23bf6dce5a705cd9b4b2f1998', NULL, NULL, NULL, 0, 'DCT1209', 'sinhvien'),
('3120410189', 'NGUYN HU HUN ', '2002-02-07', 'i hc', '00c5c23bbea9f9d68f3f39105494c82e', NULL, NULL, NULL, 0, 'DCT1201', 'sinhvien'),
('3120410190', 'V VN HUN ', '2002-04-04', 'i hc', '5ca2c8831f77be7ac4c57f0b95a651fd', NULL, NULL, NULL, 0, 'DCT1201', 'sinhvien'),
('3120410191', 'INH PHI HNG ', '2001-05-22', 'i hc', '67147c36c2ff30aa24a025658c16513a', NULL, NULL, NULL, 0, 'DCT1202', 'sinhvien'),
('3120410192', 'NGUYN H PHI HNG ', '2002-09-03', 'i hc', '7fdbe0d727cbb022ce440ad28364b695', NULL, NULL, NULL, 0, 'DCT1203', 'sinhvien'),
('3120410193', 'NGUYN MINH HNG ', '2002-01-13', 'i hc', '8a4c6cb7d8a10482dc4c5bb798c29f48', NULL, NULL, NULL, 0, 'DCT1204', 'sinhvien'),
('3120410194', 'NGUYN PHNG C HNG ', '2002-10-14', 'i hc', '3bc8a73076c182cd6de76c7cb6fa2004', NULL, NULL, NULL, 0, 'DCT1205', 'sinhvien'),
('3120410196', 'T GIA HNG ', '2002-11-30', 'i hc', 'c8bab9c597c767ca9acfa8d5bf032094', NULL, NULL, NULL, 0, 'DCT1206', 'sinhvien'),
('3120410197', 'TRN CNG HNG ', '2002-07-19', 'i hc', '5c4b0ec7624adf9a905cd2bdf5a0325c', NULL, NULL, NULL, 0, 'DCT1207', 'sinhvien'),
('3120410198', 'VNG HUY HNG ', '2002-02-18', 'i hc', '3778ba83b6cd271aa76376b9793b77cd', NULL, NULL, NULL, 0, 'DCT1208', 'sinhvien'),
('3120410199', 'CHU TH GIA HUY ', '2002-04-06', 'i hc', '1160963ff35827a0dce9ef62d35f79df', NULL, NULL, NULL, 0, 'DCT1209', 'sinhvien'),
('3120410200', 'INH GIA HUY ', '2002-05-05', 'i hc', '1c4567dd702f805ae9ba5a11c35bb5e6', NULL, NULL, NULL, 0, 'DCT1201', 'sinhvien'),
('3120410201', ' L HUY ', '2002-08-24', 'i hc', '90458e24e6cfb2ce3058e09681a356c6', NULL, NULL, NULL, 0, 'DCT1201', 'sinhvien'),
('3120410202', 'HUNH PHAN QUC HUY ', '2002-08-28', 'i hc', '2c022f094fe7c670c7a8703aa76e5e2f', NULL, NULL, NULL, 0, 'DCT1202', 'sinhvien'),
('3120410203', 'L NGUYN THANH HUY ', '2002-09-02', 'i hc', '6e90dcf35d291e90c99c4cff78d7a7c0', NULL, NULL, NULL, 0, 'DCT1211', 'sinhvien'),
('3120410204', 'L NHT HUY ', '2000-09-08', 'i hc', '33ca786dfc5069053af91b80370cf67e', NULL, NULL, NULL, 0, 'DCT1204', 'sinhvien'),
('3120410205', 'L QUC KHANG HUY ', '2002-09-04', 'i hc', '367b4b6efab53becba84ba8fe97525c7', NULL, NULL, NULL, 0, 'DCT1205', 'sinhvien'),
('3120410206', 'L CH HUY ', '2002-06-03', 'i hc', 'e5f271a06b2d5acc7bff063b26d2f866', NULL, NULL, NULL, 0, 'DCT1206', 'sinhvien'),
('3120410207', 'L KIN HUY ', '2002-11-14', 'i hc', '9ef1d3fcdfcf9bd4397bb69123b5dfdd', NULL, NULL, NULL, 0, 'DCT1207', 'sinhvien'),
('3120410210', 'PHM LINH HUY ', '2002-01-21', 'i hc', 'b285d369cf1bfed99d95ef51bc66525f', NULL, NULL, NULL, 0, 'DCT1208', 'sinhvien'),
('3120410211', 'PHAN NGC HUY ', '2002-12-25', 'i hc', '3543118602c2b3a7d29fda698e1022b9', NULL, NULL, NULL, 0, 'DCT1209', 'sinhvien'),
('3120410212', 'TRN NGH HUY ', '2002-10-26', 'i hc', 'e8c3a203490ee8a5ac067f431c719cf4', NULL, NULL, NULL, 0, 'DCT1201', 'sinhvien'),
('3120410213', 'TRN QUC HUY ', '2002-12-08', 'i hc', 'edb04fc31da29fb3126e5951fb298325', NULL, NULL, NULL, 0, 'DCT1201', 'sinhvien'),
('3120410214', 'TRNG GIA HUY ', '2002-05-19', 'i hc', 'ea79e6eae1e0281f2e7fdf2d641bc15f', NULL, NULL, NULL, 0, 'DCT1202', 'sinhvien'),
('3120410215', 'V NGC HUY ', '2002-08-20', 'i hc', 'e5fcef7ef7be8d35309d57f8ec423135', NULL, NULL, NULL, 0, 'DCT1203', 'sinhvien'),
('3120410216', 'V QUC HUY ', '2002-07-07', 'i hc', '8c0f677df6a2310e80bdccd4b8099267', NULL, NULL, NULL, 0, 'DCT1204', 'sinhvien'),
('3120410217', 'TRNG NH HUNH ', '2002-10-12', 'i hc', '7a684a378c71243058dc41ee82c9dec0', NULL, NULL, NULL, 0, 'DCT1205', 'sinhvien'),
('3120410218', 'TRNG DIM HUNH ', '2002-10-12', 'i hc', '226bee625c6f2422594b7aa6ca877d2f', NULL, NULL, NULL, 0, 'DCT1206', 'sinhvien'),
('3120410219', ' LIN HNG ', '2002-05-23', 'i hc', '58ad9d9f988b914a2d6c2d34543fd5f6', NULL, NULL, NULL, 0, 'DCT1207', 'sinhvien'),
('3120410220', 'HUNH DIU HNG ', '2002-11-03', 'i hc', '3113b1658acd56a51ac5c9133c3c9ccf', NULL, NULL, NULL, 0, 'DCT1208', 'sinhvien'),
('3120410221', 'L TUN HNG ', '2002-04-28', 'i hc', '4fe6242c176600c72ce6c25ed6d89c70', NULL, NULL, NULL, 0, 'DCT1209', 'sinhvien'),
('3120410222', 'NGUYN QUC HNG ', '2002-08-15', 'i hc', '44d9ebe319fe7d8336bcbb0c1bf6b5b7', NULL, NULL, NULL, 0, 'DCT1201', 'sinhvien'),
('3120410223', 'NGUYN TRNG THNH HNG ', '2002-01-18', 'i hc', '20633562aa7d3afe5511d37856429cd5', NULL, NULL, NULL, 0, 'DCT1201', 'sinhvien'),
('3120410224', 'PHM TH HNG ', '2002-01-01', 'i hc', '21db03489a4e4346f727c090d57be0b3', NULL, NULL, NULL, 0, 'DCT1202', 'sinhvien'),
('3120410225', 'PHM VN HNG ', '2002-07-24', 'i hc', '12f2722df90337ca13c034787cbb90fd', NULL, NULL, NULL, 0, 'DCT1203', 'sinhvien'),
('3120410226', 'PHAN DIM HNG ', '2001-05-30', 'i hc', '61b399fe2c7a28fb1f839db9873b1e17', NULL, NULL, NULL, 0, 'DCT1204', 'sinhvien'),
('3120410227', 'THI NH HU ', '2002-10-15', 'i hc', 'f94378baf30a9ec4ff7a15fea6dc246d', NULL, NULL, NULL, 0, 'DCT1205', 'sinhvien'),
('3120410228', 'NGUYN HONG KHA ', '2002-12-07', 'i hc', '32276edac01ee2daf210e3ab42ba8c6f', NULL, NULL, NULL, 0, 'DCT1206', 'sinhvien'),
('3120410229', 'NGUYN HONG SN KHA ', '2002-06-24', 'i hc', '7cc565ede4b0186f41572a924daa64ab', NULL, NULL, NULL, 0, 'DCT1207', 'sinhvien'),
('3120410230', 'TIT MINH KHA ', '2002-10-18', 'i hc', '90e2873c0740779bb171f1a662348c83', NULL, NULL, NULL, 0, 'DCT1208', 'sinhvien'),
('3120410231', 'H VN KHI ', '2002-12-12', 'i hc', '1e177f6ea2b0425d98f5fe2b12b6c67e', NULL, NULL, NULL, 0, 'DCT1209', 'sinhvien'),
('3120410232', 'L B KHI ', '2002-02-24', 'i hc', 'a16a7e14a98ee7fb4867e355cde7605e', NULL, NULL, NULL, 0, 'DCT1201', 'sinhvien'),
('3120410233', 'HONG THIN KHANG ', '2002-10-13', 'i hc', '181d616ad18fbafb10db94fbcdcc91c1', NULL, NULL, NULL, 0, 'DCT1201', 'sinhvien'),
('3120410234', 'H THANH KHANG ', '2002-09-20', 'i hc', 'dd4670693ad12589db74f28917ed8b98', NULL, NULL, NULL, 0, 'DCT1202', 'sinhvien'),
('3120410235', 'HUNH NGUYN BO KHANG ', '2002-02-25', 'i hc', '16ee633d149ab26794fb427d0619edcb', NULL, NULL, NULL, 0, 'DCT1203', 'sinhvien'),
('3120410236', 'NGUYN HONG KHANG ', '2002-09-28', 'i hc', '2a26775b09681ae404466f9ded5b4f3c', NULL, NULL, NULL, 0, 'DCT1204', 'sinhvien'),
('3120410237', 'NGUYN MINH KHANG ', '2002-07-25', 'i hc', '7b753ecfd34e317a88a735561a99e8a7', NULL, NULL, NULL, 0, 'DCT1205', 'sinhvien'),
('3120410239', 'PHM NGC KHANG ', '2002-06-06', 'i hc', '092c49662d5badb929c806f447769027', NULL, NULL, NULL, 0, 'DCT1206', 'sinhvien'),
('3120410240', 'V ON KHANG ', '2002-10-29', 'i hc', 'e450bbf6eaa40a4f09b70630d15efd7a', NULL, NULL, NULL, 0, 'DCT1207', 'sinhvien'),
('3120410241', 'NGUYN TUN ANH KHANH ', '2002-04-11', 'i hc', 'ad799b558bd48ab9d70c40753a553724', NULL, NULL, NULL, 0, 'DCT1208', 'sinhvien'),
('3120410242', 'DNG MINH KHNH ', '2002-07-12', 'i hc', 'a4cda2727d3833a60430a211a4b58eae', NULL, NULL, NULL, 0, 'DCT1209', 'sinhvien'),
('3120410243', ' QUC KHNH ', '2002-06-22', 'i hc', '79482b84aa24d20e94aff2f5a5ed466a', NULL, NULL, NULL, 0, 'DCT1201', 'sinhvien'),
('3120410244', 'NGUYN LINH KHNH ', '2002-07-17', 'i hc', '315b1bdead91dbf4363034b72aedb381', NULL, NULL, NULL, 0, 'DCT1201', 'sinhvien'),
('3120410245', 'PHM PH KHNH ', '2002-03-21', 'i hc', 'b102de923e8e6a471917cdcfd3d0bcbb', NULL, NULL, NULL, 0, 'DCT1202', 'sinhvien'),
('3120410247', 'NGUYN L NG KHOA ', '2002-06-09', 'i hc', 'd4e5a8b8ffd58c62bcea8f8aa7df9ddf', NULL, NULL, NULL, 0, 'DCT1204', 'sinhvien'),
('3120410248', 'PHM NG KHOA ', '2002-10-11', 'i hc', '09d602c4e0beaceb0ee104280b8c7e68', NULL, NULL, NULL, 0, 'DCT1205', 'sinhvien'),
('3120410251', 'L DUY KHI ', '2002-10-20', 'i hc', '950784430cabf4a50d66d1e83150cee3', NULL, NULL, NULL, 0, 'DCT1206', 'sinhvien'),
('3120410252', 'L NGUYN NG KHI ', '2002-10-08', 'i hc', '74f051e96232ab5219f550cb9c538ecb', NULL, NULL, NULL, 0, 'DCT1207', 'sinhvien'),
('3120410253', 'NGUYN HU MINH KHI ', '2002-02-12', 'i hc', '7f19d5c485134066e40022ae9fb79a51', NULL, NULL, NULL, 0, 'DCT1208', 'sinhvien'),
('3120410255', 'V MINH KHI ', '2002-04-05', 'i hc', '2486d43b9ef45489319a55e768027a90', NULL, NULL, NULL, 0, 'DCT1209', 'sinhvien'),
('3120410256', 'LNG NGC MINH KHU ', '2002-01-23', 'i hc', 'e4ce584a5b4c7b0087dda6f17e02a5f0', NULL, NULL, NULL, 0, 'DCT1201', 'sinhvien'),
('3120410257', 'TRN HN KHU ', '2002-02-04', 'i hc', '196d67af42448f8db9c47b1e4814f427', NULL, NULL, NULL, 0, 'DCT1201', 'sinhvien'),
('3120410258', 'NG BO KHNG ', '2002-03-17', 'i hc', 'bd8faf43bbcda49c59a8b0ecdebd1888', NULL, NULL, NULL, 0, 'DCT1202', 'sinhvien'),
('3120410260', 'NGUYN HONG KHNG ', '2002-05-06', 'i hc', '22b82163b6772684e5a815407085d624', NULL, NULL, NULL, 0, 'DCT1204', 'sinhvien'),
('3120410262', 'NGUYN TRUNG KIN ', '2002-01-07', 'i hc', 'ec8e6ce5f319f13a3d19b7abe2500d1d', NULL, NULL, NULL, 0, 'DCT1206', 'sinhvien'),
('3120410263', 'PHAN TRUNG KIN ', '2002-02-13', 'i hc', '8813921c7eea4ecbc2a1f7e5c8c61b4d', NULL, NULL, NULL, 0, 'DCT1207', 'sinhvien'),
('3120410264', 'V TRUNG KIN ', '2002-09-28', 'i hc', 'ec68cab93cdb9f9756d229ac774d74e8', NULL, NULL, NULL, 0, 'DCT1208', 'sinhvien'),
('3120410265', 'BI TUN KIT ', '2002-07-27', 'i hc', '69be0421eae029409f6e3d0468bdde7e', NULL, NULL, NULL, 0, 'DCT1209', 'sinhvien'),
('3120410266', 'ON L KIT ', '2002-05-31', 'i hc', '15d9da37a90d12a95b6dd4ca1fc54ac5', NULL, NULL, NULL, 0, 'DCT1201', 'sinhvien'),
('3120410267', 'L THANH KIT ', '2002-03-20', 'i hc', '4243b72fe659c4d84fddc65c66edecef', NULL, NULL, NULL, 0, 'DCT1201', 'sinhvien'),
('3120410268', 'LNG DIU KIT ', '2002-02-20', 'i hc', '6d2e9b30aa7f2595e87fe2044a2185ce', NULL, NULL, NULL, 0, 'DCT1202', 'sinhvien'),
('3120410269', 'NGUYN ANH KIT ', '2002-03-28', 'i hc', '93a55afe792a3e92f9f7faf31110fd6f', NULL, NULL, NULL, 0, 'DCT1203', 'sinhvien'),
('3120410270', 'NGUYN MINH KIT ', '2002-04-06', 'i hc', 'e5bbc3e8145c5b694ca8a35a097090fe', NULL, NULL, NULL, 0, 'DCT1204', 'sinhvien'),
('3120410272', 'NGUYN TUN KIT ', '2002-09-13', 'i hc', 'bd800b941cfec964540afc1b16b77965', NULL, NULL, NULL, 0, 'DCT1205', 'sinhvien'),
('3120410273', 'NG KIU LAM ', '2002-12-09', 'i hc', 'cc773b40cfad4d287f5a8b710212f037', NULL, NULL, NULL, 0, 'DCT1206', 'sinhvien'),
('3120410274', 'NGUYN HOI LM ', '2002-12-28', 'i hc', 'c69c9e9fea61e6bbca13443ee7bccea1', NULL, NULL, NULL, 0, 'DCT1207', 'sinhvien'),
('3120410275', 'TRNG GIA LP ', '2001-08-13', 'i hc', '115fc6926f50bb5631e9f82a983a6035', NULL, NULL, NULL, 0, 'DCT1208', 'sinhvien'),
('3120410277', 'O NGC LINH ', '2002-12-03', 'i hc', '1fbf89cd1790f4c884551661e290924e', NULL, NULL, NULL, 0, 'DCT1201', 'sinhvien'),
('3120410278', 'NGUYN THANH QUNH LINH ', '2002-06-21', 'i hc', 'd7b10f26ae4119c1ebae857c3c74315d', NULL, NULL, NULL, 0, 'DCT1201', 'sinhvien'),
('3120410279', 'NGUYN TH LINH ', '2002-04-19', 'i hc', '998f829bba4b6f178acb5c1902bb0726', NULL, NULL, NULL, 0, 'DCT1202', 'sinhvien'),
('3120410280', 'NGUYN TH NH LINH ', '2002-12-11', 'i hc', '8f9193d9b9491efb5a50d8707a29c11d', NULL, NULL, NULL, 0, 'DCT1203', 'sinhvien'),
('3120410282', 'PHAN TH THY LINH ', '2002-09-28', 'i hc', '533465679d2ee228f0e2e825cfbb29ce', NULL, NULL, NULL, 0, 'DCT1204', 'sinhvien'),
('3120410285', 'V DUY LINH ', '2002-02-16', 'i hc', '14ab64fc5a84b1b528947549ea616d3a', NULL, NULL, NULL, 0, 'DCT1205', 'sinhvien'),
('3120410286', 'NGUYN HONG LONG ', '2002-03-08', 'i hc', '8146ef61347a06e4229743c9b040abfb', NULL, NULL, NULL, 0, 'DCT1206', 'sinhvien'),
('3120410288', 'NGUYN THI VIT LONG ', '2002-01-29', 'i hc', '0e8ba5c9b4c186da24916b073b105fee', NULL, NULL, NULL, 0, 'DCT1207', 'sinhvien'),
('3120410289', 'TRN TH H LONG ', '2002-12-30', 'i hc', '9f1075404eeb0cda9bb583c48ff2f0d6', NULL, NULL, NULL, 0, 'DCT1208', 'sinhvien'),
('3120410290', 'TRNH QUANG LONG ', '2002-06-02', 'i hc', '5194a56fcef7396afe9e60b809c7529f', NULL, NULL, NULL, 0, 'DCT1209', 'sinhvien'),
('3120410291', 'NGUYN HOI LC ', '2002-12-25', 'i hc', 'a54915db4e96bd79b3529951b482eba7', NULL, NULL, NULL, 0, 'DCT1201', 'sinhvien'),
('3120410292', 'NGUYN THNH LC ', '2002-05-24', 'i hc', 'fdf68917ecf45e7447d0381ba13592e2', NULL, NULL, NULL, 0, 'DCT1201', 'sinhvien'),
('3120410293', 'NGUYN TRNG TN LC ', '2002-08-15', 'i hc', '134e8e76f3a28a67b75a5df8248434f3', NULL, NULL, NULL, 0, 'DCT1202', 'sinhvien'),
('3120410294', 'PHM L SN LC ', '2002-03-16', 'i hc', '0c4780d4c2ed6d0a568a573f6f9891a3', NULL, NULL, NULL, 0, 'DCT1203', 'sinhvien'),
('3120410295', 'PHAN IN LC ', '2002-02-14', 'i hc', 'bd64160755d08e2772e1184cdcb42f2a', NULL, NULL, NULL, 0, 'DCT1204', 'sinhvien'),
('3120410296', 'TRN NGUYN LC ', '2002-12-06', 'i hc', '1f4a83ab3a6722dadb5efc9c82b757ab', NULL, NULL, NULL, 0, 'DCT1205', 'sinhvien'),
('3120410297', 'TRN NGUYN LC ', '2002-04-17', 'i hc', '3714fc93006faf980da7b2e0b7bb256e', NULL, NULL, NULL, 0, 'DCT1206', 'sinhvien'),
('3120410298', 'TRNH CAO LC ', '2002-12-06', 'i hc', 'b3c6392edba7b5669c912a2d91fadb30', NULL, NULL, NULL, 0, 'DCT1207', 'sinhvien'),
('3120410299', 'V TRN TN LC ', '2002-10-14', 'i hc', '29e1cd0b58d62a69efc31294853a0bba', NULL, NULL, NULL, 0, 'DCT1208', 'sinhvien'),
('3120410300', 'ON THNH LI ', '2002-08-22', 'i hc', 'f1d7a03fd33ceb4e1d7d3d02de893b6c', NULL, NULL, NULL, 0, 'DCT1209', 'sinhvien'),
('3120410301', 'NGUYN PHC LI ', '2002-04-02', 'i hc', '6965d82149c6717d8732bf97c91be4a2', NULL, NULL, NULL, 0, 'DCT1201', 'sinhvien'),
('3120410303', 'THI CHNH LUN ', '2002-06-10', 'i hc', 'a88e12d3f254c53924a56ebceac2faac', NULL, NULL, NULL, 0, 'DCT1201', 'sinhvien'),
('3120410304', 'TRN PH LUN ', '2002-01-09', 'i hc', '4ea4b45bf6a367c26e9d2bad9bf45a3f', NULL, NULL, NULL, 0, 'DCT1202', 'sinhvien'),
('3120410305', 'V NH LUN ', '2002-01-05', 'i hc', '038f24d8db2cfb943023b5a66869c04a', NULL, NULL, NULL, 0, 'DCT1203', 'sinhvien'),
('3120410306', 'NGUYN THNH LC ', '2002-04-05', 'i hc', 'e5033f3dc7c1d4191e3c520fa281963a', NULL, NULL, NULL, 0, 'DCT1204', 'sinhvien'),
('3120410307', 'NGUYN T LC ', '2002-11-05', 'i hc', '491c72207d3fa34769909b85e78e7e5d', NULL, NULL, NULL, 0, 'DCT1205', 'sinhvien'),
('3120410308', 'HUNH V LNG ', '2002-11-26', 'i hc', '07616a1ca2d90c4c8da08b206699adbd', NULL, NULL, NULL, 0, 'DCT1206', 'sinhvien'),
('3120410309', 'NGUYN VN LNG ', '2002-11-30', 'i hc', '09cfbb5cbc91569b2088bd2bd8e0e258', NULL, NULL, NULL, 0, 'DCT1207', 'sinhvien'),
('3120410310', 'PHAN S LNG ', '2002-06-30', 'i hc', '389b305349466a6b7c207d4a20e6cf46', NULL, NULL, NULL, 0, 'DCT1208', 'sinhvien'),
('3120410311', 'VIN HUY LNG ', '2002-07-19', 'i hc', 'c80b25781a4d48aaafd3ea02b5e23def', NULL, NULL, NULL, 0, 'DCT1209', 'sinhvien'),
('3120410312', 'NGUYN PHAN HUY LNG ', '2002-08-11', 'i hc', '8114b6bada31ea4931a8a4a278542f4a', NULL, NULL, NULL, 0, 'DCT1201', 'sinhvien'),
('3120410313', 'NG TH M LY ', '2002-05-24', 'i hc', 'f77cb8fac23985059d94e1cfe1d8447d', NULL, NULL, NULL, 0, 'DCT1201', 'sinhvien'),
('3120410315', 'L VN MNH ', '2002-06-30', 'i hc', '0940d5467d845753d2aff40be0b84f2f', NULL, NULL, NULL, 0, 'DCT1203', 'sinhvien'),
('3120410316', 'QUAN VN MNH ', '2002-04-18', 'i hc', 'cd5d125759736cb0e9df116e0c2dd7d5', NULL, NULL, NULL, 0, 'DCT1204', 'sinhvien'),
('3120410317', 'NGUYN TUN MN ', '2002-11-26', 'i hc', '16a3d35bad5dfa0c9a4369420b9de73d', NULL, NULL, NULL, 0, 'DCT1205', 'sinhvien'),
('3120410318', 'HONG BNH MINH ', '2002-08-07', 'i hc', 'af378db8f0716c7c0e61654fcb1d3e91', NULL, NULL, NULL, 0, 'DCT1206', 'sinhvien'),
('3120410319', 'H NHT MINH ', '2002-03-11', 'i hc', 'e88bbd04ca6c45eb33474830836611e3', NULL, NULL, NULL, 0, 'DCT1207', 'sinhvien'),
('3120410320', 'H S MINH ', '2002-09-01', 'i hc', '5e0370670a677c341c9063ad3371b40a', NULL, NULL, NULL, 0, 'DCT1208', 'sinhvien'),
('3120410321', 'LM CH MINH ', '2002-03-15', 'i hc', '24ec8de8e59211bc1b25dfdcd7528e99', NULL, NULL, NULL, 0, 'DCT1209', 'sinhvien'),
('3120410322', 'L NGUYN NHT MINH ', '2002-03-27', 'i hc', 'c82f5ad6892256855d9ff89823b06cc6', NULL, NULL, NULL, 0, 'DCT1201', 'sinhvien'),
('3120410323', 'L TUN MINH ', '2002-06-24', 'i hc', '9907afa99dff243bd9210a5cff6bb50c', NULL, NULL, NULL, 0, 'DCT1201', 'sinhvien'),
('3120410324', 'L TUN MINH ', '2002-10-17', 'i hc', '867f87f62a43d012eb1d852eeae8ec8b', NULL, NULL, NULL, 0, 'DCT1202', 'sinhvien'),
('3120410325', 'NGUYN BNH MINH ', '2002-01-01', 'i hc', 'daa48be5097dccc7caf3ddf81def7291', NULL, NULL, NULL, 0, 'DCT1203', 'sinhvien'),
('3120410326', 'NGUYN CH THIN MINH ', '2002-06-10', 'i hc', 'fcc0c8ac890392771a0111c3ab3cb23a', NULL, NULL, NULL, 0, 'DCT1204', 'sinhvien'),
('3120410327', 'NHM CH MINH ', '2002-12-06', 'i hc', '188563c949fc38b27adae41882bdde2a', NULL, NULL, NULL, 0, 'DCT1205', 'sinhvien'),
('3120410328', 'TSAN QUANG MINH ', '2002-02-04', 'i hc', '66df3eed421f46c5a8c34f977c1eecac', NULL, NULL, NULL, 0, 'DCT1206', 'sinhvien'),
('3120410332', 'V TH MY ', '2002-02-20', 'i hc', '178c4be5714635fa30338ad1db1bb11e', NULL, NULL, NULL, 0, 'DCT1209', 'sinhvien'),
('3120410333', 'INH TUN NAM ', '2002-09-26', 'i hc', '1163762fd8b107b240ead108039a7eea', NULL, NULL, NULL, 0, 'DCT1201', 'sinhvien'),
('3120410334', 'HUNH NGC NAM ', '2002-12-16', 'i hc', '53db5feafdae71e697371f563fea4cab', NULL, NULL, NULL, 0, 'DCT1201', 'sinhvien'),
('3120410335', 'NGUYN THNH NAM ', '2002-03-03', 'i hc', '4159ba93797b6a78e4e1f61fbf1e06f9', NULL, NULL, NULL, 0, 'DCT1202', 'sinhvien'),
('3120410336', 'TRN GIANG NAM ', '2002-04-05', 'i hc', 'acf7b26d329c31a8eef87abeda02a92e', NULL, NULL, NULL, 0, 'DCT1203', 'sinhvien'),
('3120410337', 'TRN QUC NAM ', '2002-09-16', 'i hc', '9de65ef61f0fab67d04be2a4fb36dcc8', NULL, NULL, NULL, 0, 'DCT1204', 'sinhvien'),
('3120410338', 'TRN S NAM ', '2002-04-14', 'i hc', 'aa6b5c7e33ba7b6f16f7625a3a12e18f', NULL, NULL, NULL, 0, 'DCT1205', 'sinhvien'),
('3120410339', 'HUNH L THANH NGA ', '2002-02-05', 'i hc', '2d4cd3543e66859876d2483a5e3c798e', NULL, NULL, NULL, 0, 'DCT1206', 'sinhvien'),
('3120410340', 'L KIM NGN ', '2002-10-22', 'i hc', '1658ad1033ec5611a10daf13cf4c3b7f', NULL, NULL, NULL, 0, 'DCT1207', 'sinhvien'),
('3120410341', 'NG TH THANH NGN ', '2002-01-03', 'i hc', '11533e69c5d6dc0992b4bd5d9ed4c5bf', NULL, NULL, NULL, 0, 'DCT1208', 'sinhvien'),
('3120410342', 'NG TIU NGN ', '2002-08-03', 'i hc', 'b647fb1451913a46a2e56edb45a5d641', NULL, NULL, NULL, 0, 'DCT1209', 'sinhvien'),
('3120410343', 'NGUYN L NGH ', '2002-04-08', 'i hc', '7295650b10da6c1070acb09c39fe4133', NULL, NULL, NULL, 0, 'DCT1201', 'sinhvien'),
('3120410344', 'NGUYN ANH NGHA ', '2002-01-20', 'i hc', '243d395525c533f50d8baaf4efbfaf83', NULL, NULL, NULL, 0, 'DCT1201', 'sinhvien'),
('3120410345', 'NGUYN TRNG NGHA ', '2002-01-28', 'i hc', '5e2911025ccd5fdf3dfcefc2afa5ca7e', NULL, NULL, NULL, 0, 'DCT1202', 'sinhvien'),
('3120410346', 'TRNG C NGHA ', '2002-05-26', 'i hc', 'bbd492fad03554ef26d401ec7cb1935f', NULL, NULL, NULL, 0, 'DCT1203', 'sinhvien'),
('3120410347', 'BI MINH NGC ', '2002-07-26', 'i hc', '9395ac7db7ad227f6c4880d946edbbfb', NULL, NULL, NULL, 0, 'DCT1204', 'sinhvien'),
('3120410348', 'NGUYN TH BCH NGC ', '2002-07-03', 'i hc', 'e0356b63c98c0ed5e5934ed07c6c7267', NULL, NULL, NULL, 0, 'DCT1205', 'sinhvien'),
('3120410349', 'CHU NGUYN M NGUYN ', '2002-02-13', 'i hc', '0bd16fc9883080a82cdec03ca41f46dc', NULL, NULL, NULL, 0, 'DCT1206', 'sinhvien'),
('3120410350', 'O PHC NGUYN ', '2002-01-08', 'i hc', 'db8541251d08a4d52c58026b9c14065e', NULL, NULL, NULL, 0, 'DCT1207', 'sinhvien'),
('3120410351', 'HUNH TRNG NGUYN ', '2002-05-03', 'i hc', '927286593ede47ada317f6fd4122d292', NULL, NULL, NULL, 0, 'DCT1208', 'sinhvien'),
('3120410352', 'L TRUNG NGUYN ', '2002-11-06', 'i hc', '6343d64e68edb54bbbd80e461a7dcec1', NULL, NULL, NULL, 0, 'DCT1209', 'sinhvien'),
('3120410353', 'NGUYN HONG KHI NGUYN ', '2002-04-24', 'i hc', '83a381dd9f47294fe295bd0a32845eaf', NULL, NULL, NULL, 0, 'DCT1201', 'sinhvien'),
('3120410354', 'NGUYN TRN TRNG NGUYN ', '2002-07-29', 'i hc', '3ff60519fe1896114f507b1508e53c89', NULL, NULL, NULL, 0, 'DCT1201', 'sinhvien'),
('3120410356', 'NGUYN C NHM ', '2002-06-08', 'i hc', 'b715e4858b497057b4bef85b5dd23d96', NULL, NULL, NULL, 0, 'DCT1203', 'sinhvien'),
('3120410357', 'HUNH HU NHN ', '2002-10-15', 'i hc', '578bb95e1e6b06688ef7a2b3a991bf72', NULL, NULL, NULL, 0, 'DCT1204', 'sinhvien'),
('3120410358', 'LU KHIT NHN ', '2002-09-24', 'i hc', '5bf515b80d699899eaa5f308706833bd', NULL, NULL, NULL, 0, 'DCT1205', 'sinhvien'),
('3120410359', 'PHM THNH NHN ', '2002-04-26', 'i hc', '672aee132bfb7f59c69818b1987dc064', NULL, NULL, NULL, 0, 'DCT1206', 'sinhvien'),
('3120410360', 'PHAN THNH NHN ', '2002-03-25', 'i hc', '1b360015b42c8a3462447999ee2d963b', NULL, NULL, NULL, 0, 'DCT1207', 'sinhvien'),
('3120410361', 'TRN HNG THNH NHN ', '2002-08-12', 'i hc', 'f4d97cb2e09e767c0fcf6896c6c75b0c', NULL, NULL, NULL, 0, 'DCT1208', 'sinhvien'),
('3120410362', 'VNG NHN ', '2002-01-19', 'i hc', '4eea27b54e4e3f768bcba8be9ae0a88b', NULL, NULL, NULL, 0, 'DCT1209', 'sinhvien'),
('3120410363', 'H MINH NHT ', '2002-06-21', 'i hc', 'af93d18949ad9d1bd56da7afa5e6cc33', NULL, NULL, NULL, 0, 'DCT1201', 'sinhvien'),
('3120410365', 'NGUYN PHAN MINH NHT ', '2002-07-12', 'i hc', '04139ab3164d22e5943616c0c17a17b4', NULL, NULL, NULL, 0, 'DCT1202', 'sinhvien'),
('3120410366', 'NGUYN QUANG NHT ', '2002-01-27', 'i hc', '2fb54eb0ac92c3996e97f08d16068237', NULL, NULL, NULL, 0, 'DCT1203', 'sinhvien'),
('3120410368', 'V DUY THANH NHT ', '2002-09-01', 'i hc', '4621a030ae33cc820d829a1fdb886524', NULL, NULL, NULL, 0, 'DCT1204', 'sinhvien'),
('3120410369', 'BI TH YN NHI ', '2002-12-26', 'i hc', '4604ce66806ca49877ca45a5ce0ba70b', NULL, NULL, NULL, 0, 'DCT1205', 'sinhvien'),
('3120410370', 'O TH NHI ', '2002-12-20', 'i hc', 'd4be058573dcb5c9a243059f296006d5', NULL, NULL, NULL, 0, 'DCT1206', 'sinhvien'),
('3120410371', 'H TH NHI ', '2002-06-11', 'i hc', 'b11ca8280ebd7aea1122ec4f73ffb205', NULL, NULL, NULL, 0, 'DCT1207', 'sinhvien'),
('3120410372', 'LM YN NHI ', '2002-05-26', 'i hc', 'c6506000b7ed2b1bfaf374f2da1289cf', NULL, NULL, NULL, 0, 'DCT1208', 'sinhvien'),
('3120410374', 'NGUYN NG UYN NHI ', '2002-06-03', 'i hc', 'cd401bf3ffb9108772ec29c3861371f5', NULL, NULL, NULL, 0, 'DCT1209', 'sinhvien'),
('3120410375', 'NGUYN HNG NHI ', '2002-03-15', 'i hc', '490cc2267371146bfa8ab35a13790c10', NULL, NULL, NULL, 0, 'DCT1201', 'sinhvien'),
('3120410376', 'NGUYN TH BCH NHI ', '2002-07-07', 'i hc', '7ffe11358181740e390e37644520e5b3', NULL, NULL, NULL, 0, 'DCT1201', 'sinhvien'),
('3120410377', 'NGUYN TH YN NHI ', '2002-10-11', 'i hc', 'c4dfd54140d9014fb3b957beadbbc784', NULL, NULL, NULL, 0, 'DCT1202', 'sinhvien'),
('3120410378', 'NGUYN TRN T NHI ', '2002-04-16', 'i hc', '0030787c698a1caaf23faac65c68eaac', NULL, NULL, NULL, 0, 'DCT1203', 'sinhvien'),
('3120410379', 'N H UYN NHI ', '2002-08-27', 'i hc', '2449df1fcff4dd477fcc3d34c933a76a', NULL, NULL, NULL, 0, 'DCT1204', 'sinhvien'),
('3120410381', 'TRN THANH NHT ', '2002-05-19', 'i hc', '69a64b19ef353098384c6856bc5548ee', NULL, NULL, NULL, 0, 'DCT1205', 'sinhvien'),
('3120410382', 'DNG KIN NNG ', '2002-11-22', 'i hc', '75a3ce497c7522ed0a9c509d67beb5ad', NULL, NULL, NULL, 0, 'DCT1206', 'sinhvien'),
('3120410383', 'ANH PHA ', '2002-01-22', 'i hc', '205a4a8402ca20a12dbc8c865911eea7', NULL, NULL, NULL, 0, 'DCT1207', 'sinhvien'),
('3120410384', 'CHNG VNH PHT ', '2002-01-03', 'i hc', '9aa1abb23560130c73d61097a4e5e29a', NULL, NULL, NULL, 0, 'DCT1208', 'sinhvien'),
('3120410385', 'DNG TN PHT ', '2002-07-02', 'i hc', '7bd938a10dab8bbe8b6e312844ba74dc', NULL, NULL, NULL, 0, 'DCT1209', 'sinhvien'),
('3120410386', 'NGUYN THANH PHT ', '2002-05-22', 'i hc', 'bf67ecef74b59338084cfee78a8773c8', NULL, NULL, NULL, 0, 'DCT1201', 'sinhvien'),
('3120410388', 'TRN XUN PHT ', '2002-02-02', 'i hc', '771702235fc53e1ba2d01c6f47093d74', NULL, NULL, NULL, 0, 'DCT1201', 'sinhvien'),
('3120410389', 'V DNG PHT ', '2002-11-14', 'i hc', 'f581fee81631a54dfeeb44d2587e54f8', NULL, NULL, NULL, 0, 'DCT1202', 'sinhvien'),
('3120410390', 'V L TRNG PHT ', '2002-03-11', 'i hc', 'b836f3d496c6145479f07b87ac65b01f', NULL, NULL, NULL, 0, 'DCT1203', 'sinhvien'),
('3120410392', 'NGUYN TH HNG PHIN ', '2002-01-01', 'i hc', '2bacf68035da0de14dd0347f38676884', NULL, NULL, NULL, 0, 'DCT1204', 'sinhvien'),
('3120410393', 'GIANG CHN PHONG ', '2002-03-06', 'i hc', '8001bca998fdf8edfb305972576efdfb', NULL, NULL, NULL, 0, 'DCT1205', 'sinhvien'),
('3120410394', 'NGUYN NH TUN PHONG ', '2002-07-23', 'i hc', 'daa2530852a80de9bd2c8b8e34cfa617', NULL, NULL, NULL, 0, 'DCT1206', 'sinhvien'),
('3120410395', 'NGUYN HOI PHONG ', '2002-03-21', 'i hc', '7b6969855064796e5b0c1d9e360010ea', NULL, NULL, NULL, 0, 'DCT1207', 'sinhvien'),
('3120410396', 'NGUYN THANH PHONG ', '2001-11-21', 'i hc', 'e6edd23fc1d996c024a1bcf1b81d1cb4', NULL, NULL, NULL, 0, 'DCT1208', 'sinhvien'),
('3120410397', 'NGUYN TH PHONG ', '2002-04-14', 'i hc', '464791d84155ce89d5adc20ae7dd735f', NULL, NULL, NULL, 0, 'DCT1209', 'sinhvien'),
('3120410398', 'PHM HU PHONG ', '2002-08-23', 'i hc', '1491603cc958fec2c8f9c22fd204c302', NULL, NULL, NULL, 0, 'DCT1201', 'sinhvien'),
('3120410400', 'NG GIA PH ', '2002-12-25', 'i hc', '39496f89af1a6891bc471d5d19d3bc4e', NULL, NULL, NULL, 0, 'DCT1202', 'sinhvien'),
('3120410401', 'PHAN MNH PH ', '2002-02-14', 'i hc', '92be3d906426a52f92a3774ede9cd35b', NULL, NULL, NULL, 0, 'DCT1203', 'sinhvien'),
('3120410402', 'TRN VN PH ', '2002-08-05', 'i hc', '4c723f2d00fd84dbc93ebc38c57598be', NULL, NULL, NULL, 0, 'DCT1204', 'sinhvien'),
('3120410403', 'TRNH HONG PH ', '2002-01-06', 'i hc', '9bd0a5a475d0f76511d11f8a1e8e63ef', NULL, NULL, NULL, 0, 'DCT1205', 'sinhvien'),
('3120410404', 'V NGC PH ', '2002-01-29', 'i hc', 'e7b53110266c041dd50e090c268ddab7', NULL, NULL, NULL, 0, 'DCT1206', 'sinhvien'),
('3120410405', 'L MINH PHC ', '2002-06-10', 'i hc', '24919ef021dfdfc49519508c35bda569', NULL, NULL, NULL, 0, 'DCT1207', 'sinhvien'),
('3120410406', 'NG THANH PHC ', '2001-01-13', 'i hc', 'aabd570a9f98de4774642a42272f5225', NULL, NULL, NULL, 0, 'DCT1208', 'sinhvien'),
('3120410409', 'NGUYN HONG PHC ', '2002-12-10', 'i hc', 'd5f98468bd8295c2d16466db2b5c26a3', NULL, NULL, NULL, 0, 'DCT1201', 'sinhvien'),
('3120410410', 'NGUYN HONG PHC ', '2002-06-13', 'i hc', '30393b0c22a3ae74af404584a2ef9f11', NULL, NULL, NULL, 0, 'DCT1201', 'sinhvien'),
('3120410411', 'NGUYN HONG PHC ', '2002-01-10', 'i hc', '4bea97e366641366fa38cf72c64b70c4', NULL, NULL, NULL, 0, 'DCT1202', 'sinhvien'),
('3120410412', 'NGUYN THIN PHC ', '2002-03-02', 'i hc', '942bbd4276f2514ce6aaacbcf0fd4780', NULL, NULL, NULL, 0, 'DCT1203', 'sinhvien'),
('3120410413', 'TRANG THANH PHC ', '2002-04-24', 'i hc', 'db3012f0cfcd5558e9666d9b09262298', NULL, NULL, NULL, 0, 'DCT1204', 'sinhvien'),
('3120410414', 'TRN KIM PHC ', '2000-07-01', 'i hc', '9f14ff7cde45d5c3cbd050f23632c692', NULL, NULL, NULL, 0, 'DCT1205', 'sinhvien'),
('3120410415', 'TRN THIN PHC ', '2000-02-28', 'i hc', 'c0ad04a93c5add2520bd4f9b9d2874dc', NULL, NULL, NULL, 0, 'DCT1206', 'sinhvien'),
('3120410416', 'PHAN TH KIM PHNG ', '2002-10-05', 'i hc', '608dc88e3ef6dd67256ab696da69fa8f', NULL, NULL, NULL, 0, 'DCT1207', 'sinhvien'),
('3120410417', 'LM QUANG PHC ', '2002-11-16', 'i hc', '7916acc035fdca52b59fd55ce6b9e1cd', NULL, NULL, NULL, 0, 'DCT1208', 'sinhvien'),
('3120410418', 'PHM VN PHC ', '2002-11-08', 'i hc', 'e2380f6b842703e6bb48fc5d2594ca4b', NULL, NULL, NULL, 0, 'DCT1209', 'sinhvien'),
('3120410419', 'L NGC PHNG ', '2002-08-09', 'i hc', '1f59d47785fbfb5b40547e672e2d734a', NULL, NULL, NULL, 0, 'DCT1201', 'sinhvien'),
('3120410420', 'TRN ANH PHNG ', '2002-11-04', 'i hc', 'dcd7fc0a6c9a4c6c7a69e8619c3594ae', NULL, NULL, NULL, 0, 'DCT1201', 'sinhvien'),
('3120410421', 'TRNH QUC PHNG ', '2002-05-12', 'i hc', 'a01e0b3d24d06038fbc7f60281cee03e', NULL, NULL, NULL, 0, 'DCT1202', 'sinhvien'),
('3120410422', 'KHNG MY PHNG ', '2002-05-26', 'i hc', '0e5ba04ba362c0d72866a1dae12d7912', NULL, NULL, NULL, 0, 'DCT1203', 'sinhvien'),
('3120410424', 'NGUYN ANH QUANG ', '2002-11-20', 'i hc', '05c6b1f75d7ae50c2b206b9bb05e7641', NULL, NULL, NULL, 0, 'DCT1204', 'sinhvien'),
('3120410425', 'NGUYN MINH QUANG ', '2002-11-05', 'i hc', '3e6cf1a661c1c2e83ae732634d4a227a', NULL, NULL, NULL, 0, 'DCT1205', 'sinhvien'),
('3120410426', 'NGUYN THANH QUANG ', '2002-07-30', 'i hc', 'f18d46e77d35ee3f1bb22f92f70f703a', NULL, NULL, NULL, 0, 'DCT1206', 'sinhvien'),
('3120410427', 'PHAN MINH QUANG ', '2002-03-25', 'i hc', '1c5c1eee2067d8b778f8e299673bb3f6', NULL, NULL, NULL, 0, 'DCT1207', 'sinhvien'),
('3120410428', 'TRIU KHNH QUANG ', '2002-08-21', 'i hc', '5be9f7cae0c954bc97a924fe12f78f98', NULL, NULL, NULL, 0, 'DCT1208', 'sinhvien'),
('3120410429', 'V NG QUANG ', '2002-10-18', 'i hc', '2e144c077db1f298e084174c1993ceb2', NULL, NULL, NULL, 0, 'DCT1209', 'sinhvien');
INSERT INTO `sinhvien` (`maSinhVien`, `hoTenSinhVien`, `ngaySinh`, `he`, `matKhauSinhVien`, `email`, `sdt`, `anhDaiDien`, `totNghiep`, `maLop`, `quyen`) VALUES
('3120410430', ' HONG QUN ', '2002-12-15', 'i hc', 'abc95b1cf918938cf95805b0ab51e4a7', NULL, NULL, NULL, 0, 'DCT1201', 'sinhvien'),
('3120410431', ' LINH QUN ', '2002-08-26', 'i hc', '4d11a69844917d5cc15e9428d8e4f866', NULL, NULL, NULL, 0, 'DCT1201', 'sinhvien'),
('3120410432', 'HONG TRIU MINH QUN ', '2002-03-05', 'i hc', '73d8311fa9aa8856371e0c2a566a97cb', NULL, NULL, NULL, 0, 'DCT1202', 'sinhvien'),
('3120410433', 'HUNH MINH QUN ', '2002-07-07', 'i hc', '8063c50a5aac39fabdb950508b3b6466', NULL, NULL, NULL, 0, 'DCT1203', 'sinhvien'),
('3120410434', 'L ANH QUN ', '2002-12-14', 'i hc', '2842f7282eddfe5cdf5bc84fa8a598dd', NULL, NULL, NULL, 0, 'DCT1204', 'sinhvien'),
('3120410435', 'NGUYN HONG QUN ', '2002-09-15', 'i hc', '28099ca8a9672239bdf45468420ac20c', NULL, NULL, NULL, 0, 'DCT1205', 'sinhvien'),
('3120410436', 'NGUYN MINH QUN ', '2002-08-15', 'i hc', '7ac7650af3fe2e7885a12817964c7a75', NULL, NULL, NULL, 0, 'DCT1206', 'sinhvien'),
('3120410437', 'NGUYN VN TN QUN ', '2002-03-17', 'i hc', 'a0078c4b93afb9276e693f2bb8d88074', NULL, NULL, NULL, 0, 'DCT1207', 'sinhvien'),
('3120410438', 'PHM MINH QUN ', '2002-12-30', 'i hc', 'fc90c87593dcc626243737387328a089', NULL, NULL, NULL, 0, 'DCT1208', 'sinhvien'),
('3120410439', 'TRN MINH QUN ', '2002-06-17', 'i hc', 'bf7e805fc533ffaa1b62eeaf053efbf5', NULL, NULL, NULL, 0, 'DCT1209', 'sinhvien'),
('3120410440', 'TRNH NGC QUN ', '2002-01-04', 'i hc', '7a6229da753ccc7fdfe87bb50e5bd6af', NULL, NULL, NULL, 0, 'DCT1201', 'sinhvien'),
('3120410442', 'LM CH QUC ', '2001-07-05', 'i hc', '94b2056757fd801eaed8a0929e10a92c', NULL, NULL, NULL, 0, 'DCT1202', 'sinhvien'),
('3120410443', 'TRN ON QUY ', '2002-09-25', 'i hc', '0f528ec8d3011021cddcb6daa73f7b57', NULL, NULL, NULL, 0, 'DCT1203', 'sinhvien'),
('3120410444', 'L TH TRC QUYN ', '2002-04-11', 'i hc', 'c2ac8d55ccfad6f99fbb6a6a08673412', NULL, NULL, NULL, 0, 'DCT1204', 'sinhvien'),
('3120410448', 'NGUYN HNG SANG ', '2002-07-23', 'i hc', '8b4312dc1b567b3278859c56acb95be6', NULL, NULL, NULL, 0, 'DCT1206', 'sinhvien'),
('3120410449', 'THIU ANH SANG ', '2002-10-01', 'i hc', 'ac1c0356487521acdfa3d4233a9dde65', NULL, NULL, NULL, 0, 'DCT1207', 'sinhvien'),
('3120410450', 'NGUYN QUC SIU ', '2002-11-12', 'i hc', 'cc576715bc2f12402586f93c5d28ffca', NULL, NULL, NULL, 0, 'DCT1208', 'sinhvien'),
('3120410451', 'NGUYN C SINH ', '2002-10-04', 'i hc', '0a86d53229cbd1145862284f80a00f0d', NULL, NULL, NULL, 0, 'DCT1209', 'sinhvien'),
('3120410452', 'V TRNG SINH ', '2002-11-10', 'i hc', 'e4912c55e82cf875be14435e1a317ba0', NULL, NULL, NULL, 0, 'DCT1201', 'sinhvien'),
('3120410453', 'PHNG C HI SN ', '2002-04-18', 'i hc', '49487b0bb72e02fee2a9413f946f4038', NULL, NULL, NULL, 0, 'DCT1201', 'sinhvien'),
('3120410454', 'TRN NGC SN ', '2002-10-29', 'i hc', '5e69d5fac53af76eb1eef90fde26a9a9', NULL, NULL, NULL, 0, 'DCT1202', 'sinhvien'),
('3120410455', 'CHUNG PHT TI ', '2002-12-30', 'i hc', '8a7c1b12777e2cb2bd2c4dfe9358c142', NULL, NULL, NULL, 0, 'DCT1203', 'sinhvien'),
('3120410456', 'H T TI ', '2002-05-30', 'i hc', '0a57f1689aa445f97f2093ef6b2d5531', NULL, NULL, NULL, 0, 'DCT1204', 'sinhvien'),
('3120410457', 'L BO TI ', '2002-11-07', 'i hc', '03f8e13e5f1d69ebd8423a7cc7d450c0', NULL, NULL, NULL, 0, 'DCT1205', 'sinhvien'),
('3120410459', 'HUNH C TM ', '2002-01-15', 'i hc', 'cc74c7dcdf77bbb696283bbd3a5b56c2', NULL, NULL, NULL, 0, 'DCT1207', 'sinhvien'),
('3120410460', 'L TRN MINH TM ', '2002-06-04', 'i hc', '6552507bc0a20b3e45f649abadeac6f1', NULL, NULL, NULL, 0, 'DCT1208', 'sinhvien'),
('3120410461', 'TRNH MINH TM ', '2002-04-24', 'i hc', '8040ccfa61bf3ee6169c93af22ddf994', NULL, NULL, NULL, 0, 'DCT1209', 'sinhvien'),
('3120410462', 'NG DUY TN ', '2002-01-30', 'i hc', '0130744a63280bcf764c857e0832e822', NULL, NULL, NULL, 0, 'DCT1201', 'sinhvien'),
('3120410463', 'INH NHT TN ', '2002-02-17', 'i hc', '82995821bc44e35cfd5400e6fca6aa28', NULL, NULL, NULL, 0, 'DCT1201', 'sinhvien'),
('3120410464', 'NGUYN BO TN ', '2002-12-02', 'i hc', '2e2c9f6b102ac6dbdc2169ed8f2b259c', NULL, NULL, NULL, 0, 'DCT1202', 'sinhvien'),
('3120410465', 'PHM NHT TN ', '2002-01-31', 'i hc', '9609825f886d9cfc378120553059c711', NULL, NULL, NULL, 0, 'DCT1203', 'sinhvien'),
('3120410466', 'PHAN HONG NHT TN ', '2002-01-25', 'i hc', 'c227a958d2b58761bc6b894bbcdf4fd1', NULL, NULL, NULL, 0, 'DCT1204', 'sinhvien'),
('3120410467', 'V MINH TN ', '2002-01-05', 'i hc', 'eb9021c9d2b68924823357890a18125f', NULL, NULL, NULL, 0, 'DCT1205', 'sinhvien'),
('3120410468', 'L HOI VNH THI ', '2002-01-13', 'i hc', '8e7ceec5721aae4213bf4ea28fd9b21f', NULL, NULL, NULL, 0, 'DCT1206', 'sinhvien'),
('3120410469', 'L HNG THI ', '2002-10-03', 'i hc', '1b7ec2bfb8ef36e9425cc75042f1ba01', NULL, NULL, NULL, 0, 'DCT1207', 'sinhvien'),
('3120410470', 'L QUC THI ', '2002-09-01', 'i hc', '8d0a57e827f0c54971e8b821f1602e08', NULL, NULL, NULL, 0, 'DCT1208', 'sinhvien'),
('3120410471', 'TRNH HNG THI ', '2002-12-10', 'i hc', '070044bf90f558b418ff883eb69c82fe', NULL, NULL, NULL, 0, 'DCT1209', 'sinhvien'),
('3120410472', 'HUNH TUN THANH ', '2002-11-15', 'i hc', '3d55c8bd756095b35ef260f0d2d1ea1e', NULL, NULL, NULL, 0, 'DCT1201', 'sinhvien'),
('3120410473', 'NGUYN HU NHT THANH ', '2002-01-03', 'i hc', '2dbd7799e6057250fd4da9f264612c03', NULL, NULL, NULL, 0, 'DCT1201', 'sinhvien'),
('3120410474', 'NGUYN TR THANH ', '2002-09-10', 'i hc', '59aa48f93933cda319bd1336227e976d', NULL, NULL, NULL, 0, 'DCT1202', 'sinhvien'),
('3120410475', 'TRN TIN THANH ', '2002-09-01', 'i hc', 'd7b89901f3e236e91b172bcff1cd1964', NULL, NULL, NULL, 0, 'DCT1203', 'sinhvien'),
('3120410476', 'BI MNH THNH ', '2002-10-25', 'i hc', '2e2f18ab881856e50252dbd384c0558e', NULL, NULL, NULL, 0, 'DCT1204', 'sinhvien'),
('3120410478', 'MCH HO THNH ', '2002-04-20', 'i hc', 'ff3936dd1cd9586d005ae8546e4ce9ec', NULL, NULL, NULL, 0, 'DCT1205', 'sinhvien'),
('3120410479', 'NGUYN TRUNG THNH ', '2002-07-14', 'i hc', 'b202a47f22198e0db248972afe161a31', NULL, NULL, NULL, 0, 'DCT1206', 'sinhvien'),
('3120410482', 'TRN V NGC THNH ', '2002-12-25', 'i hc', 'f08c09238bbd633621be95b84ea6c0fe', NULL, NULL, NULL, 0, 'DCT1208', 'sinhvien'),
('3120410483', 'TRNH PH THNH ', '2002-01-16', 'i hc', '30adaf308fd28b7c9bc9cb56542c62c2', NULL, NULL, NULL, 0, 'DCT1209', 'sinhvien'),
('3120410484', 'CHU C THNH ', '2002-12-20', 'i hc', '0efd3a0ff396f007c3276cd2a9f3d943', NULL, NULL, NULL, 0, 'DCT1201', 'sinhvien'),
('3120410485', 'QUN XUN THNG ', '2002-04-04', 'i hc', '65fc14e03fda69b82d2df7dc1a4605bf', NULL, NULL, NULL, 0, 'DCT1201', 'sinhvien'),
('3120410486', 'TRN VN THNG ', '2002-05-05', 'i hc', 'dab427efcc1dbd283085be60a7e8f0dd', NULL, NULL, NULL, 0, 'DCT1202', 'sinhvien'),
('3120410487', 'V QUC THNG ', '2002-07-01', 'i hc', '1757c696485aee3b6f5328c009cebe41', NULL, NULL, NULL, 0, 'DCT1203', 'sinhvien'),
('3120410488', 'V THIN THI ', '2002-04-07', 'i hc', '8325e9bc19c170f30449b7e14ea30e62', NULL, NULL, NULL, 0, 'DCT1204', 'sinhvien'),
('3120410489', 'HUNH TRC THIN ', '2002-02-10', 'i hc', 'bffa2466f1753285e3cee8689937bd99', NULL, NULL, NULL, 0, 'DCT1205', 'sinhvien'),
('3120410490', 'H XUN THIN ', '2002-01-27', 'i hc', '6fb0662e9fffd13520133acb4c31242a', NULL, NULL, NULL, 0, 'DCT1206', 'sinhvien'),
('3120410491', 'HUNH CNG MINH THIN ', '2002-04-16', 'i hc', '3ec1c9650ec2a35d0bd344e8fd6c981a', NULL, NULL, NULL, 0, 'DCT1207', 'sinhvien'),
('3120410492', 'NGUYN CH THIN ', '2002-09-24', 'i hc', 'caf965ec6655d840144d287fe5e96ea6', NULL, NULL, NULL, 0, 'DCT1208', 'sinhvien'),
('3120410493', 'NGUYN VN THIN ', '2002-01-30', 'i hc', '7e663865e3c60e8cd6aedf806cc2cb22', NULL, NULL, NULL, 0, 'DCT1209', 'sinhvien'),
('3120410495', 'PHM THANH THIN ', '2002-06-12', 'i hc', 'f0ac4c05acb2d43158bd43544ba54c86', NULL, NULL, NULL, 0, 'DCT1201', 'sinhvien'),
('3120410496', 'TRN MINH THIN ', '2002-03-04', 'i hc', 'd3ebab9a821c1ed4e9141c0a618f1406', NULL, NULL, NULL, 0, 'DCT1201', 'sinhvien'),
('3120410497', 'CHU PH THNH ', '2002-03-05', 'i hc', '1281709a237ef707bac4337576c75a97', NULL, NULL, NULL, 0, 'DCT1202', 'sinhvien'),
('3120410499', 'LNG CHI THNH ', '2002-05-01', 'i hc', '1fb9b7d0db0bd52a58e03d17ea7a6984', NULL, NULL, NULL, 0, 'DCT1204', 'sinhvien'),
('3120410500', 'NGUYN DUY THNH ', '2002-12-04', 'i hc', '79a3c21579f83fe4c96f379d964c30f3', NULL, NULL, NULL, 0, 'DCT1205', 'sinhvien'),
('3120410501', 'NGUYN NH THNH ', '2002-05-30', 'i hc', 'e76e8c55791d8f0f765fb15860424950', NULL, NULL, NULL, 0, 'DCT1206', 'sinhvien'),
('3120410502', 'NGUYN C THNH ', '2002-10-14', 'i hc', '7c26f9899d6168ec73455b5cf549795a', NULL, NULL, NULL, 0, 'DCT1207', 'sinhvien'),
('3120410503', 'NGUYN L QUC THNH ', '2002-01-02', 'i hc', '7170525902155df44282b88796bd74d8', NULL, NULL, NULL, 0, 'DCT1208', 'sinhvien'),
('3120410504', 'NGUYN PHC THNH ', '2002-04-26', 'i hc', 'f5ede750bd9cada602812ccb11edce42', NULL, NULL, NULL, 0, 'DCT1209', 'sinhvien'),
('3120410505', 'NGUYN TRN CNG C THNH ', '2002-09-22', 'i hc', '4a0c8538944e930f1b7b8b05bf8dbd5f', NULL, NULL, NULL, 0, 'DCT1201', 'sinhvien'),
('3120410506', 'PHAN QUC THNH ', '2002-03-21', 'i hc', '6f5772ae68a1d31be2546f700ec51044', NULL, NULL, NULL, 0, 'DCT1201', 'sinhvien'),
('3120410507', 'PHM V THOI ', '2002-12-29', 'i hc', 'bf28624546a06d695081b01561505cd6', NULL, NULL, NULL, 0, 'DCT1202', 'sinhvien'),
('3120410508', 'L THNG ', '2002-02-26', 'i hc', '053c000a00de2badeab0a370b9a323eb', NULL, NULL, NULL, 0, 'DCT1203', 'sinhvien'),
('3120410509', 'TRN VN THNG ', '2002-09-19', 'i hc', '2b5b54007769d315f005064e70517d52', NULL, NULL, NULL, 0, 'DCT1204', 'sinhvien'),
('3120410510', 'HONG MINH TH ', '2002-02-07', 'i hc', 'e4e4fa36c08fb27fcc1b25fa9f036601', NULL, NULL, NULL, 0, 'DCT1205', 'sinhvien'),
('3120410511', 'V NGC TH ', '2002-09-24', 'i hc', '4c309610e9bba9c148000dc13eb45219', NULL, NULL, NULL, 0, 'DCT1206', 'sinhvien'),
('3120410513', 'NGUYN QUANG GIA THUN ', '2002-07-16', 'i hc', '5acc4cb2f306822e0145a4ceaa0b70aa', NULL, NULL, NULL, 0, 'DCT1207', 'sinhvien'),
('3120410514', 'TRC GIA MINH THUN ', '2002-05-05', 'i hc', '278df06234846041dc3cd6148128ac81', NULL, NULL, NULL, 0, 'DCT1208', 'sinhvien'),
('3120410515', 'NGUYN TH PHNG THY ', '2002-12-25', 'i hc', '11e6adfa015427269fb5d3634a430303', NULL, NULL, NULL, 0, 'DCT1209', 'sinhvien'),
('3120410516', 'TNG XUN THY ', '2002-12-11', 'i hc', '7cb837abae0302fb04c0c4424b4cdea6', NULL, NULL, NULL, 0, 'DCT1201', 'sinhvien'),
('3120410517', 'INH TH MINH TH ', '2002-12-18', 'i hc', '31428fff3369fc84ce3d024a471d9a37', NULL, NULL, NULL, 0, 'DCT1201', 'sinhvien'),
('3120410518', 'PHM ANH TH ', '2002-03-24', 'i hc', '467b989b39c093cf367dd769ff7d0084', NULL, NULL, NULL, 0, 'DCT1202', 'sinhvien'),
('3120410519', 'PHM TH MINH TH ', '2002-03-09', 'i hc', '3fec04cdcb79aa3138915fb00d0b123a', NULL, NULL, NULL, 0, 'DCT1203', 'sinhvien'),
('3120410520', 'V THNG ', '2002-06-14', 'i hc', '4b6eb1ef0a5799d8e03b87c8fbe7b8c6', NULL, NULL, NULL, 0, 'DCT1204', 'sinhvien'),
('3120410521', 'THY NGC MAI THY ', '2002-10-13', 'i hc', '3b65f324a72489b9841f563cf76124fb', NULL, NULL, NULL, 0, 'DCT1205', 'sinhvien'),
('3120410522', 'INH THANH TIN ', '2002-11-15', 'i hc', '2cc35102a4230ca2103a8fb7e5969b63', NULL, NULL, NULL, 0, 'DCT1206', 'sinhvien'),
('3120410524', 'L TH CM TIN ', '2002-09-29', 'i hc', '9316bf93c78bdcac95e57e176d739a37', NULL, NULL, NULL, 0, 'DCT1208', 'sinhvien'),
('3120410525', 'NGUYN H TIN ', '2002-08-18', 'i hc', 'a498427c6ee7a9a1ca935ee9cb51a30c', NULL, NULL, NULL, 0, 'DCT1209', 'sinhvien'),
('3120410526', 'TRN NGC THO TIN ', '2002-06-02', 'i hc', '7a08b277691b7b379d3bbf83db132cf7', NULL, NULL, NULL, 0, 'DCT1201', 'sinhvien'),
('3120410527', 'DANH TIN ', '2002-08-08', 'i hc', '456853b59f07e834cd557804419700f1', NULL, NULL, NULL, 0, 'DCT1201', 'sinhvien'),
('3120410528', 'NGUYN MINH TIN ', '2002-08-18', 'i hc', '79e9f2b5dc59119e60d85a8bcec7e8ac', NULL, NULL, NULL, 0, 'DCT1202', 'sinhvien'),
('3120410530', 'NGUYN THNH TIN ', '2002-12-04', 'i hc', '6baf4930648c3707c893a4dd3e29d9ea', NULL, NULL, NULL, 0, 'DCT1203', 'sinhvien'),
('3120410532', 'V MINH TIN ', '2002-02-02', 'i hc', 'af536fc07e49d7fdd6a06f4e307e8adc', NULL, NULL, NULL, 0, 'DCT1205', 'sinhvien'),
('3120410533', 'L TRUNG TN ', '2002-03-05', 'i hc', '2ade98b27240c5e88bb0aed0e2680ffd', NULL, NULL, NULL, 0, 'DCT1206', 'sinhvien'),
('3120410534', 'NG VN TN ', '2002-07-28', 'i hc', 'ec0826c62b7188dc65b2b5f70895583b', NULL, NULL, NULL, 0, 'DCT1207', 'sinhvien'),
('3120410535', 'TRNG TRUNG TN ', '2002-06-24', 'i hc', 'effb5d6797fe129ec8b975ac277601b7', NULL, NULL, NULL, 0, 'DCT1208', 'sinhvien'),
('3120410536', 'LU GIA TNH ', '2002-07-24', 'i hc', '0709b8c6451554443f0b5a49438b97d5', NULL, NULL, NULL, 0, 'DCT1209', 'sinhvien'),
('3120410538', 'HUNH PHC TON ', '2002-11-11', 'i hc', '8c0502b6ced72f0a192afa12d7103168', NULL, NULL, NULL, 0, 'DCT1201', 'sinhvien'),
('3120410539', 'NGY OAN TON ', '2002-07-11', 'i hc', '7649032f86e2ddf2de12cc2371bc205a', NULL, NULL, NULL, 0, 'DCT1201', 'sinhvien'),
('3120410540', 'NGUYN HU TON ', '2002-06-11', 'i hc', 'eff1dfacf98a253af7180b7f0f8db6ea', NULL, NULL, NULL, 0, 'DCT1202', 'sinhvien'),
('3120410541', 'TRN NH TON ', '2002-10-26', 'i hc', 'e12e737007ac06fafd9126e43628a7bf', NULL, NULL, NULL, 0, 'DCT1203', 'sinhvien'),
('3120410542', 'TRN MINH TON ', '2002-04-06', 'i hc', '09c69041db3cfeaab20e9fdf2548e800', NULL, NULL, NULL, 0, 'DCT1204', 'sinhvien'),
('3120410544', 'U TH THY TRANG ', '2002-06-17', 'i hc', '3954d9ab1c361d7314824e0d413ef55b', NULL, NULL, NULL, 0, 'DCT1205', 'sinhvien'),
('3120410545', 'NGUYN TH THY TRANG ', '2002-10-24', 'i hc', '91fdfd1e75de641dc0cb3b4617fe9d8a', NULL, NULL, NULL, 0, 'DCT1206', 'sinhvien'),
('3120410547', 'BI MINH TR ', '2002-05-18', 'i hc', '3b8fc85eb720afbe094375fc1766b3b4', NULL, NULL, NULL, 0, 'DCT1207', 'sinhvien'),
('3120410548', 'DNG VN TR ', '2002-11-09', 'i hc', '3517fa1e0c1fff8f4d8ea98884b5d9e6', NULL, NULL, NULL, 0, 'DCT1208', 'sinhvien'),
('3120410549', ' MINH TR ', '1998-09-03', 'i hc', 'decb948677ccd8936aaa3ced3c5c2ea7', NULL, NULL, NULL, 0, 'DCT1209', 'sinhvien'),
('3120410550', 'L C TR ', '2002-09-25', 'i hc', '1036f136a1b5cb22bc6deec5af0cbbe2', NULL, NULL, NULL, 0, 'DCT1201', 'sinhvien'),
('3120410553', 'NGUYN MINH TR ', '2002-04-04', 'i hc', 'a59e7a823f5ebf743cc55b5e80bf472b', NULL, NULL, NULL, 0, 'DCT1202', 'sinhvien'),
('3120410554', 'NGUYN TRNG TRIT ', '2002-03-20', 'i hc', '80de9936d756fec634bce916dc1f82d9', NULL, NULL, NULL, 0, 'DCT1203', 'sinhvien'),
('3120410555', 'NG HI TRIU ', '2001-07-15', 'i hc', '6dd68253c2ce318abb8435cb9eb17be5', NULL, NULL, NULL, 0, 'DCT1204', 'sinhvien'),
('3120410557', 'O TH NGC TRINH ', '2002-01-03', 'i hc', '6a43e4dbbcf82c36b13343acc10c97c9', NULL, NULL, NULL, 0, 'DCT1206', 'sinhvien'),
('3120410558', 'NGUYN NGC BNG TRINH ', '2002-01-26', 'i hc', 'd0e1ba38644cda145eaa840805e00d8b', NULL, NULL, NULL, 0, 'DCT1207', 'sinhvien'),
('3120410559', 'TRNG TH MAI TRINH ', '2002-09-09', 'i hc', 'a02d43dfaf579c04bb2c6b370c208c5b', NULL, NULL, NULL, 0, 'DCT1208', 'sinhvien'),
('3120410561', 'NGUYN HU TRNG ', '2002-06-22', 'i hc', '09f23682a2e8df5d826693358d12384a', NULL, NULL, NULL, 0, 'DCT1209', 'sinhvien'),
('3120410562', 'V L KHNH TRNG ', '2002-10-02', 'i hc', '7da271af353c653aac446c044723240d', NULL, NULL, NULL, 0, 'DCT1201', 'sinhvien'),
('3120410563', 'TRN CHU TRC ', '2002-07-20', 'i hc', 'ea0c77978df0f1406f16f2b3393f472d', NULL, NULL, NULL, 0, 'DCT1201', 'sinhvien'),
('3120410565', 'V MINH TRC ', '2002-03-03', 'i hc', 'b78b1ce2aa1d702a31961694ed241bf3', NULL, NULL, NULL, 0, 'DCT1203', 'sinhvien'),
('3120410567', 'NM VN TRUNG ', '2002-12-25', 'i hc', 'f6b571729a5ddb35b32272d24145c34e', NULL, NULL, NULL, 0, 'DCT1205', 'sinhvien'),
('3120410568', 'V HONG BU TRUNG ', '2002-06-26', 'i hc', 'b11660e0d42bd4816f5698ce2a3a6a2b', NULL, NULL, NULL, 0, 'DCT1206', 'sinhvien'),
('3120410569', 'DNG THANH TRC ', '2002-05-20', 'i hc', 'e4bb8ed6f0617eba2880fc9e7c18031d', NULL, NULL, NULL, 0, 'DCT1207', 'sinhvien'),
('3120410570', 'L QUANG TRNG ', '2002-07-22', 'i hc', '0f1b31027529b014f2c97357ffd8ecf2', NULL, NULL, NULL, 0, 'DCT1208', 'sinhvien'),
('3120410572', 'NGUYN HONG GIANG TRNG ', '2002-03-30', 'i hc', '13315360f55e63311d02aae9efa620c2', NULL, NULL, NULL, 0, 'DCT1209', 'sinhvien'),
('3120410573', 'NGUYN XUN TRNG ', '2001-02-08', 'i hc', 'cb151cb86839caffc144673e7b1291b7', NULL, NULL, NULL, 0, 'DCT1201', 'sinhvien'),
('3120410574', 'TNG XUN TRNG ', '2002-09-09', 'i hc', 'd6627e4e9b3502bd6d45d3867cab6c37', NULL, NULL, NULL, 0, 'DCT1201', 'sinhvien'),
('3120410575', 'TRN TRNG TRNG ', '2002-08-09', 'i hc', 'dedbd343e55143a0f8cab48fd8954bc5', NULL, NULL, NULL, 0, 'DCT1202', 'sinhvien'),
('3120410578', 'NGUYN MINH T ', '2002-09-07', 'i hc', '07bc64b2868ced55a9b836a399ac8583', NULL, NULL, NULL, 0, 'DCT1204', 'sinhvien'),
('3120410579', 'T H ANH T ', '2002-05-25', 'i hc', '099aed11b9d2e80752bd019cdafcb067', NULL, NULL, NULL, 0, 'DCT1205', 'sinhvien'),
('3120410582', ' NGC LNG TUN ', '2002-12-26', 'i hc', 'b028c17f3b07c6862436110f53f20888', NULL, NULL, NULL, 0, 'DCT1206', 'sinhvien'),
('3120410583', 'HUNH T TUN ', '2002-07-04', 'i hc', 'ab7cc3f9cec1d2b9b8441704fff3837d', NULL, NULL, NULL, 0, 'DCT1207', 'sinhvien'),
('3120410584', 'LM KHA TUN ', '2002-02-22', 'i hc', '6ca6b3a1d4e6da28f209ecd02ddbf231', NULL, NULL, NULL, 0, 'DCT1208', 'sinhvien'),
('3120410585', 'NGUYN ANH TUN ', '2002-12-07', 'i hc', '1a46108061e5a9a31eed0fdbe22d6713', NULL, NULL, NULL, 0, 'DCT1209', 'sinhvien'),
('3120410586', 'NGUYN ANH TUN ', '2002-11-19', 'i hc', 'f6e0ac6bb45f9af3fd86c57c1319113c', NULL, NULL, NULL, 0, 'DCT1201', 'sinhvien'),
('3120410587', 'NGUYN ANH TUN ', '2002-12-04', 'i hc', 'ca4cd29c02c1b0d7c51816cefbc3b88b', NULL, NULL, NULL, 0, 'DCT1201', 'sinhvien'),
('3120410588', 'NGUYN MINH TUN ', '2002-04-05', 'i hc', 'ee40ca32cceb51adfcee35e7ebf43c27', NULL, NULL, NULL, 0, 'DCT1202', 'sinhvien'),
('3120410589', 'PHM THANH TUN ', '2002-03-18', 'i hc', '7d5989e1c5210a30c0383e9219d83725', NULL, NULL, NULL, 0, 'DCT1203', 'sinhvien'),
('3120410591', 'V MINH TUN ', '2002-08-11', 'i hc', '22b26e3609b045f73842bf9c66e10aef', NULL, NULL, NULL, 0, 'DCT1205', 'sinhvien'),
('3120410592', 'V NH TUN ', '2002-04-08', 'i hc', 'e683a36eb31156ffa91933847c73a21e', NULL, NULL, NULL, 0, 'DCT1206', 'sinhvien'),
('3120410593', 'DNG THANH TNG ', '2002-02-28', 'i hc', '3a11dd0a4edbe044034ff211577ae861', NULL, NULL, NULL, 0, 'DCT1207', 'sinhvien'),
('3120410594', 'L THANH TNG ', '2002-10-09', 'i hc', '31795ae3b7fff07addf5bea36877586e', NULL, NULL, NULL, 0, 'DCT1201', 'sinhvien'),
('3120410597', 'NH VN TUYN ', '2002-12-29', 'i hc', '41225158b9fd1ec6f677e135f192b086', NULL, NULL, NULL, 0, 'DCT1209', 'sinhvien'),
('3120410598', 'KIU MINH TUYN ', '2002-03-02', 'i hc', 'b4387d3201266e89b31d517174347616', NULL, NULL, NULL, 0, 'DCT1201', 'sinhvien'),
('3120410599', 'HUNH GIA TNG ', '2002-02-19', 'i hc', 'b94fe355da0a35ae12e8f38f46b66134', NULL, NULL, NULL, 0, 'DCT1201', 'sinhvien'),
('3120410600', 'PHNG TNG UY ', '2001-10-26', 'i hc', '3b5f3e4d79ac0f9cdabdec54028a8ff1', NULL, NULL, NULL, 0, 'DCT1202', 'sinhvien'),
('3120410601', 'PHM PHNG UYN ', '2002-08-15', 'i hc', 'd7213a635fd5deedb8f1095eacf4b2b9', NULL, NULL, NULL, 0, 'DCT1203', 'sinhvien'),
('3120410602', 'V KIM UYN ', '2002-05-30', 'i hc', '880481c500c79ca8b436c183c5e1d23f', NULL, NULL, NULL, 0, 'DCT1204', 'sinhvien'),
('3120410603', 'NG DUY VN ', '2002-03-16', 'i hc', '3d834899cae1d0fca2308c9dd63a3acc', NULL, NULL, NULL, 0, 'DCT1205', 'sinhvien'),
('3120410604', 'NGUYN TRNG THY VN ', '2002-10-30', 'i hc', 'a4bed5023f41e5f2d7c84b2ed08f50e9', NULL, NULL, NULL, 0, 'DCT1206', 'sinhvien'),
('3120410605', 'CAO H VI ', '2002-04-20', 'i hc', '403fc7c55427724cb472ccf1df0fa684', NULL, NULL, NULL, 0, 'DCT1207', 'sinhvien'),
('3120410606', 'L THI VI ', '2002-10-29', 'i hc', '2bac062499cb1036b176e829ed2169a8', NULL, NULL, NULL, 0, 'DCT1208', 'sinhvien'),
('3120410607', 'H QUC V ', '2002-01-17', 'i hc', '1c4d1cf411b981e2d3290ea61b19d1d1', NULL, NULL, NULL, 0, 'DCT1209', 'sinhvien'),
('3120410608', 'L THNH VIN ', '2002-02-20', 'i hc', '7057b2c67b9f0a37054ed984ebd1c621', NULL, NULL, NULL, 0, 'DCT1201', 'sinhvien'),
('3120410609', 'L HNG VIT ', '2002-08-22', 'i hc', '7c1627f2c04e1abd43fae72b0f72014c', NULL, NULL, NULL, 0, 'DCT1201', 'sinhvien'),
('3120410610', 'L NGC VIT ', '2002-09-19', 'i hc', 'cdd1ffd2d6d3e7ce6287911f8aa9ad01', NULL, NULL, NULL, 0, 'DCT1202', 'sinhvien'),
('3120410611', 'T HONG TUN VIT ', '2002-12-10', 'i hc', '3cb9cd63c9818b0b63df098228b64bc3', NULL, NULL, NULL, 0, 'DCT1203', 'sinhvien'),
('3120410612', 'INH HONG VINH ', '2002-12-12', 'i hc', '6661c8b5548db8ae032a2d05ad2f994f', NULL, NULL, NULL, 0, 'DCT1204', 'sinhvien'),
('3120410613', 'LAI QUANG VINH ', '2002-09-16', 'i hc', '4da0005e524f549330468184dba80060', NULL, NULL, NULL, 0, 'DCT1205', 'sinhvien'),
('3120410614', 'PHM QUANG VINH ', '2002-12-27', 'i hc', '5148da88e1cd1377bd87053ec480ca42', NULL, NULL, NULL, 0, 'DCT1206', 'sinhvien'),
('3120410615', 'TRN TH VINH ', '2002-10-07', 'i hc', '9e42f37696d45f3fa1a38b29e9e0957a', NULL, NULL, NULL, 0, 'DCT1207', 'sinhvien'),
('3120410617', 'V NGUYN QUANG VINH ', '2002-08-03', 'i hc', '691f755bb0ddb6586c84bf546eb5ca14', NULL, NULL, NULL, 0, 'DCT1208', 'sinhvien'),
('3120410618', 'PHM HO VNH ', '2002-12-18', 'i hc', 'aff9e6c16ad55c6e91da980a01e09bc7', NULL, NULL, NULL, 0, 'DCT1209', 'sinhvien'),
('3120410619', 'CAO CHN V ', '2002-04-17', 'i hc', 'a42f6aaf6def2838cc99aa5725da3819', NULL, NULL, NULL, 0, 'DCT1201', 'sinhvien'),
('3120410620', 'L THANH V ', '2002-02-27', 'i hc', '0f980ada31f0b7e3ecb1ff03dca3347d', NULL, NULL, NULL, 0, 'DCT1201', 'sinhvien'),
('3120410621', 'L HC V ', '2002-08-09', 'i hc', 'ad45bdc354fc74fe3b5019857dfcfbc3', NULL, NULL, NULL, 0, 'DCT1202', 'sinhvien'),
('3120410622', 'NGUYN NG V ', '2002-03-29', 'i hc', '71384e0289a0c39f7fa195e6ddace6d6', NULL, NULL, NULL, 0, 'DCT1203', 'sinhvien'),
('3120410623', 'NGUYN THANH V ', '2002-10-09', 'i hc', '833580d2f91d153176c51eac1a4934d3', NULL, NULL, NULL, 0, 'DCT1204', 'sinhvien'),
('3120410624', 'NGUYN TUN V ', '2002-12-20', 'i hc', '91baa28869ae7c33cd75057993cc098f', NULL, NULL, NULL, 0, 'DCT1205', 'sinhvien'),
('3120410625', 'TRNG TRNG V ', '2002-04-18', 'i hc', '2ed674e3464c30f13cde6310553e7a62', NULL, NULL, NULL, 0, 'DCT1206', 'sinhvien'),
('3120410626', 'LM T VNG ', '2002-02-20', 'i hc', 'c4d2d445bb12f48b2b7a106e5ad01351', NULL, NULL, NULL, 0, 'DCT1207', 'sinhvien'),
('3120410627', 'TRN QUC VNG ', '2002-03-06', 'i hc', 'ca1340787d31d2f9a5ecc810960bfca1', NULL, NULL, NULL, 0, 'DCT1208', 'sinhvien'),
('3120410628', 'TRNG C VNG ', '2002-02-06', 'i hc', '0403c44ceea17f49db9aadc9f33d6af1', NULL, NULL, NULL, 0, 'DCT1209', 'sinhvien'),
('3120410629', 'V QUC VNG ', '2002-02-07', 'i hc', '71e3cd2c6e29612c20d5dd92b1a4770b', NULL, NULL, NULL, 0, 'DCT1201', 'sinhvien'),
('3120410630', 'L KHC VNG ', '2002-05-09', 'i hc', 'cb2d7b905439a7b3b376a6db14694599', NULL, NULL, NULL, 0, 'DCT1202', 'sinhvien'),
('3120410631', 'HUNH TH PHNG VY ', '2002-05-06', 'i hc', '8a025545cfb39358acc287e840e898a0', NULL, NULL, NULL, 0, 'DCT1203', 'sinhvien'),
('3120410632', 'L NGC TNG VY ', '2002-04-24', 'i hc', '12393ba311c28e582f577c6335a65207', NULL, NULL, NULL, 0, 'DCT1204', 'sinhvien'),
('3120410634', 'HUNH XIM ', '2002-08-30', 'i hc', '767cf168b6d16ac61bfe4fdcbab6ad3e', NULL, NULL, NULL, 0, 'DCT1205', 'sinhvien'),
('3120410635', 'NG HUNH NH Y ', '2002-02-20', 'i hc', 'c24ec15f288beb14bbb043ab3cd4eb97', NULL, NULL, NULL, 0, 'DCT1206', 'sinhvien'),
('3120410636', 'LU GIA YN ', '2002-12-27', 'i hc', '8ccbb447a331273385cbc7366ebc5d76', NULL, NULL, NULL, 0, 'DCT1207', 'sinhvien'),
('3120410637', 'NGUYN TH THU YN ', '2002-12-22', 'i hc', '0390531b605f2cca7fe101cb5764b695', NULL, NULL, NULL, 0, 'DCT1208', 'sinhvien'),
('3120411001', 'NGUYN PHC THNH AN ', '2002-04-11', 'i hc', '92840d73a1579cce7f76c8aab00b7edf', NULL, NULL, NULL, 0, 'DCT1209', 'sinhvien'),
('3120411004', 'NGUYN TRC BNH ', '2002-08-03', 'i hc', '5f806378968320fd4c3d1761a89f8cdc', NULL, NULL, NULL, 0, 'DCT1209', 'sinhvien'),
('3120411005', 'L QUC DNG ', '2002-03-01', 'i hc', '4d6949c0d79fda530ada238e4ab981f9', NULL, NULL, NULL, 0, 'DCT1209', 'sinhvien'),
('3120411006', 'PHM ANH DUY ', '2002-08-14', 'i hc', '46f49d2817b1f198efb3bf0fa52daa2a', NULL, NULL, NULL, 0, 'DCT1209', 'sinhvien'),
('3120411007', 'NGUYN C HUY ', '2002-10-24', 'i hc', '559758c98e05d587825e69dadeeba883', NULL, NULL, NULL, 0, 'DCT1209', 'sinhvien'),
('3120411008', 'PHAN HU HUY ', '2002-01-07', 'i hc', '16d63c2fab055956e435caf5096dceae', NULL, NULL, NULL, 0, 'DCT1209', 'sinhvien'),
('3120411019', 'TRN NGUYN NGC MINH THIU ', '2002-02-25', 'i hc', '65d721c87b0fe34de1c20698d7bfc7c1', NULL, NULL, NULL, 0, 'DCT1209', 'sinhvien'),
('3120411025', 'L THUN AN ', '2002-01-14', 'i hc', '2208682835ec051eb435f1991e67fb87', NULL, NULL, NULL, 0, 'DCT1209', 'sinhvien'),
('3120411027', 'PHAN NHT ANH ', '2002-11-08', 'i hc', 'e111fd812a699e8a92dce04f2bd81cb1', NULL, NULL, NULL, 0, 'DCT1209', 'sinhvien'),
('3120411028', 'CAO QUC N ', '2002-03-06', 'i hc', 'e780e701da8be1c75223822f4bdcfa4d', NULL, NULL, NULL, 0, 'DCT1209', 'sinhvien'),
('3120411032', 'LA CH CNG ', '2002-07-19', 'i hc', '927378d653aa50f1d0c4f9545b9d585a', NULL, NULL, NULL, 0, 'DCT1209', 'sinhvien'),
('3120411033', 'TRNH THNH CNG ', '2002-10-21', 'i hc', '7016625c59fea8db71c7fb15e616239e', NULL, NULL, NULL, 0, 'DCT1209', 'sinhvien'),
('3120411034', 'NGUYN NH CNG ', '2002-11-21', 'i hc', 'b9b6f6aff656a1e5b21137ab68acc5d2', NULL, NULL, NULL, 0, 'DCT1209', 'sinhvien'),
('3120411037', 'O NGC DNG ', '2002-11-12', 'i hc', 'bf041c95ad144cc449b4da68085a40d4', NULL, NULL, NULL, 0, 'DCT1209', 'sinhvien'),
('3120411038', 'L VIT DNG ', '2002-09-02', 'i hc', 'e91476124986d7a5784447c7ddca99d9', NULL, NULL, NULL, 0, 'DCT1209', 'sinhvien'),
('3120411040', 'LM QUANG ANH DUY ', '2002-08-17', 'i hc', '6cfc3797e4a686028ad36bedfada2f86', NULL, NULL, NULL, 0, 'DCT1209', 'sinhvien'),
('3120411041', 'NGUYN KHNH DUY ', '2002-02-09', 'i hc', 'bc9bede7c0a9437d80b74c23db65997e', NULL, NULL, NULL, 0, 'DCT1209', 'sinhvien'),
('3120411042', 'NGUYN TUN ANH DUY ', '2002-07-30', 'i hc', '071ed5b2cb6f500059dd94b3f516d94a', NULL, NULL, NULL, 0, 'DCT1209', 'sinhvien'),
('3120411044', 'DNG TN T ', '2002-08-24', 'i hc', '810a34d0ff41d24cabbc880ed30311e8', NULL, NULL, NULL, 0, 'DCT1209', 'sinhvien'),
('3120411045', 'L QUCH T ', '2002-06-05', 'i hc', 'b7f0d98b4f5ebc141e61a910779c4ce2', NULL, NULL, NULL, 0, 'DCT1209', 'sinhvien'),
('3120411046', 'NGUYN THNH T ', '2002-03-04', 'i hc', 'f2f6f79f7ae714176f0810b66bf1d5ba', NULL, NULL, NULL, 0, 'DCT1209', 'sinhvien'),
('3120411047', 'NGUYN VN T ', '2001-04-26', 'i hc', '172995d1744f17b55b95344a70340829', NULL, NULL, NULL, 0, 'DCT1209', 'sinhvien'),
('3120411048', 'T LINH T ', '2002-06-10', 'i hc', '47bb09bbd724f6fb7c8508d1d67b84d6', NULL, NULL, NULL, 0, 'DCT1209', 'sinhvien'),
('3120411049', 'H XUN NG ', '2002-11-01', 'i hc', 'dd608486fb738aaaf3dafeb1df203d66', NULL, NULL, NULL, 0, 'DCT1209', 'sinhvien'),
('3120411050', 'TRN CHNH QUC NH ', '2002-11-20', 'i hc', '7078ff1c271e82da832166ca79115165', NULL, NULL, NULL, 0, 'DCT1201', 'sinhvien'),
('3120411052', 'NGUYN MINH C ', '2002-05-14', 'i hc', '93d79d97267d84829f8698c0969af95f', NULL, NULL, NULL, 0, 'DCT1209', 'sinhvien'),
('3120411053', 'NGUYN TRNG GIANG ', '2002-11-19', 'i hc', '7d6ddb2daad0e785b8416bae61727547', NULL, NULL, NULL, 0, 'DCT1209', 'sinhvien'),
('3120411054', ' VN HO ', '2002-03-12', 'i hc', 'fbc54d8e0de7c10f5991f052da390e3d', NULL, NULL, NULL, 0, 'DCT1209', 'sinhvien'),
('3120411055', 'NGUYN NHT HO ', '2002-02-07', 'i hc', '837a68aca4c4600ceb15f55bf9db702e', NULL, NULL, NULL, 0, 'DCT1209', 'sinhvien'),
('3120411056', 'PHM ANH HO ', '2002-02-09', 'i hc', 'ececa143932f063b1cf450ddffd3ea9e', NULL, NULL, NULL, 0, 'DCT1209', 'sinhvien'),
('3120411057', 'TRNG PH HO ', '2002-11-11', 'i hc', 'c3a61a72f86f63a785168957444db847', NULL, NULL, NULL, 0, 'DCT1209', 'sinhvien'),
('3120411058', 'CHU PHC HU ', '2002-04-15', 'i hc', '34809fd248097ff314079594bce3ec9c', NULL, NULL, NULL, 0, 'DCT1209', 'sinhvien'),
('3120411060', 'NGUYN HU MINH HIU ', '2002-11-12', 'i hc', 'a73d21d38f9e51f8f88fd0172ebc53ae', NULL, NULL, NULL, 0, 'DCT1209', 'sinhvien'),
('3120411062', 'V NH HIU ', '2002-03-01', 'i hc', '0a9c78a0a7ab5dbad70654c6f8aca298', NULL, NULL, NULL, 0, 'DCT1209', 'sinhvien'),
('3120411064', 'NGUYN HONG ', '2002-10-31', 'i hc', 'fafc9ebde958e9590b5111a94f298bf8', NULL, NULL, NULL, 0, 'DCT1209', 'sinhvien'),
('3120411065', 'NGUYN C HNG ', '2002-11-08', 'i hc', 'ff8a7a523918e969835f974bd105f5cf', NULL, NULL, NULL, 0, 'DCT1209', 'sinhvien'),
('3120411066', 'ON THANH HUY ', '2002-02-05', 'i hc', 'fa23c8d600f76e6a3fc34e49e19159e5', NULL, NULL, NULL, 0, 'DCT1209', 'sinhvien'),
('3120411067', 'KIU NGUYN V HUY ', '2002-11-04', 'i hc', '7a0df3f2e64efb9cfd682aa8f2a6f27f', NULL, NULL, NULL, 0, 'DCT1209', 'sinhvien'),
('3120411068', 'L C HUY ', '2002-01-13', 'i hc', '6571317758bfdde81a8ffb4917fb41f5', NULL, NULL, NULL, 0, 'DCT1209', 'sinhvien'),
('3120411070', 'TRIU V THANH HUY ', '2002-06-28', 'i hc', '1a87cce3cead08097f5d505432f01622', NULL, NULL, NULL, 0, 'DCT1209', 'sinhvien'),
('3120411071', 'NGUYN DUY HNG ', '2002-02-11', 'i hc', '938523a05796e0898bab97fb340b46b5', NULL, NULL, NULL, 0, 'DCT1209', 'sinhvien'),
('3120411073', 'L HONG KHANG ', '2002-11-27', 'i hc', '19222cd2533154cb4205c31333c5b598', NULL, NULL, NULL, 0, 'DCT1209', 'sinhvien'),
('3120411074', 'NGUYN NH HONG KHANG ', '2002-04-15', 'i hc', '419bc917b457ec3ab7f35084bc92e615', NULL, NULL, NULL, 0, 'DCT1209', 'sinhvien'),
('3120411075', 'NGUYN THI MINH KHANG ', '2002-07-27', 'i hc', 'da99881efbc4014f31599c72be5455d1', NULL, NULL, NULL, 0, 'DCT1209', 'sinhvien'),
('3120411076', 'PHM VIT KHANG ', '2002-05-12', 'i hc', '13a1f64ee60287fcb5d925589747e653', NULL, NULL, NULL, 0, 'DCT1209', 'sinhvien'),
('3120411077', 'TRN TUN KHANG ', '2002-12-26', 'i hc', 'd981e4a90ebc883f200100113396ad5c', NULL, NULL, NULL, 0, 'DCT1209', 'sinhvien'),
('3120411079', 'DIP NGC KHI ', '2002-01-07', 'i hc', '7bdf6fbeb7d8cd49ef0071c76e5e29a2', NULL, NULL, NULL, 0, 'DCT1209', 'sinhvien'),
('3120411080', 'H NGUYN ANH KIT ', '2002-01-22', 'i hc', 'bca083ff21627fadf0e8c18001f9e517', NULL, NULL, NULL, 0, 'DCT1209', 'sinhvien'),
('3120411082', 'PHAN TUN KIT ', '2002-05-28', 'i hc', 'cd72b90cef34bd08563116bb9a0978dc', NULL, NULL, NULL, 0, 'DCT1209', 'sinhvien'),
('3120411083', 'TRN TUN KIT ', '2002-02-19', 'i hc', 'd151f56567b8d1ee4591f519a4ca46ae', NULL, NULL, NULL, 0, 'DCT1209', 'sinhvien'),
('3120411084', 'NGUYN NG K ', '2002-09-27', 'i hc', 'fa3d20093213c4390a5a025a6062fb1c', NULL, NULL, NULL, 0, 'DCT1209', 'sinhvien'),
('3120411086', 'NG TUN LONG ', '2002-12-09', 'i hc', '23a9275f1c681dd401f19f496d1eca8f', NULL, NULL, NULL, 0, 'DCT1209', 'sinhvien'),
('3120411087', 'TRN  HONG LONG ', '2002-09-19', 'i hc', '5ca863223cd055fb72da935e82190774', NULL, NULL, NULL, 0, 'DCT1209', 'sinhvien'),
('3120411088', 'MAI PHC THIN LC ', '2002-04-29', 'i hc', '607a89a900ef7de6d2630cc0ae844b97', NULL, NULL, NULL, 0, 'DCT1209', 'sinhvien'),
('3120411089', 'TRN QU LC ', '2002-06-10', 'i hc', 'c9b1a9c9e25b301bdd71f180addf5b49', NULL, NULL, NULL, 0, 'DCT1209', 'sinhvien'),
('3120411091', 'L TH LC ', '2002-12-12', 'i hc', '8847ec98d10560287634cf05b145937b', NULL, NULL, NULL, 0, 'DCT1209', 'sinhvien'),
('3120411092', 'NGUYN TAM MNH ', '2002-08-24', 'i hc', 'cc74219360542836a8fbcf43a488667b', NULL, NULL, NULL, 0, 'DCT1209', 'sinhvien'),
('3120411093', 'TRN C MNH ', '2002-09-24', 'i hc', '7bf9b78c57c79c344777af7b9af1eb64', NULL, NULL, NULL, 0, 'DCT1209', 'sinhvien'),
('3120411094', 'TRN MINH MN ', '2002-06-17', 'i hc', '9485eaf3928809433b689e90869b1e2b', NULL, NULL, NULL, 0, 'DCT1209', 'sinhvien'),
('3120411095', 'TRNG HONG MN ', '2002-04-29', 'i hc', 'cb78d1da55796ab1e701b13d1fd53a75', NULL, NULL, NULL, 0, 'DCT1209', 'sinhvien'),
('3120411097', 'NGUYN CNG MINH ', '2002-03-10', 'i hc', 'ff2d62779bd40c71b8adebe986c05c3a', NULL, NULL, NULL, 0, 'DCT1209', 'sinhvien'),
('3120411098', 'TRN TNG MINH ', '2002-02-07', 'i hc', '40d95593514631225985fc44ee667b43', NULL, NULL, NULL, 0, 'DCT1209', 'sinhvien'),
('3120411099', 'TRNG PHC MINH ', '2002-09-12', 'i hc', '86c92002511a6c8ba6f2e8166fb422ae', NULL, NULL, NULL, 0, 'DCT1209', 'sinhvien'),
('3120411103', 'TRN NGC NGHA ', '2001-02-01', 'i hc', 'add8d24b3b067c1fa7c9e3531d3178a3', NULL, NULL, NULL, 0, 'DCT1209', 'sinhvien'),
('3120411104', 'L I NGC ', '2002-11-11', 'i hc', '69aade6477418890cdbfaef3cbb9a4b6', NULL, NULL, NULL, 0, 'DCT1209', 'sinhvien'),
('3120411105', 'CHU NGUYN THO NGUYN ', '2002-10-04', 'i hc', '21b969aba57e03debdb87499709a87fb', NULL, NULL, NULL, 0, 'DCT1209', 'sinhvien'),
('3120411106', 'TRN TRNG NHN ', '2001-09-09', 'i hc', '3fd4685871fba11ad98d887003d7b15f', NULL, NULL, NULL, 0, 'DCT1209', 'sinhvien'),
('3120411108', 'V TH NH NHI ', '2002-12-28', 'i hc', '4dc19da009a30460dda1b231fa201866', NULL, NULL, NULL, 0, 'DCT1209', 'sinhvien'),
('3120411109', 'LO PHNG NH ', '2002-06-10', 'i hc', 'af7c71b3ec3cb2dd7bcabbcf85cb87e5', NULL, NULL, NULL, 0, 'DCT1209', 'sinhvien'),
('3120411110', 'NGUYN H KHNH NH ', '2002-11-04', 'i hc', 'a07d4d68bb0bc0aa038254d907db9e7c', NULL, NULL, NULL, 0, 'DCT1209', 'sinhvien'),
('3120411111', 'L HONG NHT ', '2002-11-22', 'i hc', 'f49ae09538ccd31e68590bbad8cd4e5d', NULL, NULL, NULL, 0, 'DCT1209', 'sinhvien'),
('3120411112', 'NGUYN GIA TN PHT ', '2002-06-17', 'i hc', '110fecc8f11f33835c8c3575316457de', NULL, NULL, NULL, 0, 'DCT1209', 'sinhvien'),
('3120411113', 'PHAN L HOI PHT ', '2002-08-17', 'i hc', '094a82a0c13fd4ecbed943b98234e490', NULL, NULL, NULL, 0, 'DCT1209', 'sinhvien'),
('3120411114', 'TRNG TN PHT ', '2002-03-06', 'i hc', '8a9beddac308882f5a47c6120fbb4c1a', NULL, NULL, NULL, 0, 'DCT1209', 'sinhvien'),
('3120411115', 'MAI QUC PHONG ', '2002-06-17', 'i hc', '68de1a5d574b4d160d18299134c8ee61', NULL, NULL, NULL, 0, 'DCT1209', 'sinhvien'),
('3120411116', 'T QUC PHONG ', '2002-09-25', 'i hc', '20f0ec27658319c77f822b48c5920b7a', NULL, NULL, NULL, 0, 'DCT1209', 'sinhvien'),
('3120411117', 'HUNH GIA PH ', '2002-09-19', 'i hc', '07f5de735140aa21770343649a56222a', NULL, NULL, NULL, 0, 'DCT1209', 'sinhvien'),
('3120411118', 'H HONG PHC ', '2002-11-27', 'i hc', '2c00496d4ce8551d20a285315ff6f202', NULL, NULL, NULL, 0, 'DCT1209', 'sinhvien'),
('3120411119', 'HNG TN PHC ', '2002-04-01', 'i hc', 'a89106f133c364fab824d0d849459f39', NULL, NULL, NULL, 0, 'DCT1209', 'sinhvien'),
('3120411120', 'HUNH GIA PHC ', '2002-07-23', 'i hc', '2851ad1735a7bb46ee75d366c5f5d72c', NULL, NULL, NULL, 0, 'DCT1209', 'sinhvien'),
('3120411121', 'TNG GIA PHC ', '2002-07-16', 'i hc', '1cd65e103ce779f71186bbbfde9cb605', NULL, NULL, NULL, 0, 'DCT1209', 'sinhvien'),
('3120411122', 'L NH PHC ', '2002-11-12', 'i hc', '456a584b09575a34157911ca3442cb75', NULL, NULL, NULL, 0, 'DCT1209', 'sinhvien'),
('3120411124', 'NGUYN QUC PHNG ', '2002-08-26', 'i hc', '6c404614f39195bc3831beb6ea9d6ec3', NULL, NULL, NULL, 0, 'DCT1209', 'sinhvien'),
('3120411125', 'PHM HONG PHNG ', '2002-08-05', 'i hc', 'e120db0bef0dd570ecfcbded25de0dbf', NULL, NULL, NULL, 0, 'DCT1209', 'sinhvien'),
('3120411127', 'NGUYN MINH QUANG ', '2002-09-29', 'i hc', 'f16b13e92da217fd1da19fac58c09e52', NULL, NULL, NULL, 0, 'DCT1209', 'sinhvien'),
('3120411128', 'L MINH QUN ', '2002-09-27', 'i hc', '4f6630de2a5d54930715221b9e79be00', NULL, NULL, NULL, 0, 'DCT1209', 'sinhvien'),
('3120411129', 'L MINH QUN ', '2002-03-23', 'i hc', '507347769c3b763ab11e447200ee9769', NULL, NULL, NULL, 0, 'DCT1209', 'sinhvien'),
('3120411130', 'NGUYN HNG QUN ', '2002-05-13', 'i hc', '054b0e95ea6afa4e15ad082c91384c05', NULL, NULL, NULL, 0, 'DCT1209', 'sinhvien'),
('3120411131', 'NGUYN LM TR QUC ', '2002-05-15', 'i hc', 'a30a22a7a262a4c7903552798160a4ff', NULL, NULL, NULL, 0, 'DCT1209', 'sinhvien'),
('3120411134', 'PHM THNH TI ', '2002-08-18', 'i hc', '91dd2a6a66701b4976559e7bec3bb0a5', NULL, NULL, NULL, 0, 'DCT1209', 'sinhvien'),
('3120411136', 'PHM CH TM ', '2002-10-16', 'i hc', '0825410582f2c61cc64deb74aee0049a', NULL, NULL, NULL, 0, 'DCT1209', 'sinhvien'),
('3120411137', 'TRN THANH TM ', '2002-12-17', 'i hc', '91064538b7b79caa6faf323eb8ed0aa8', NULL, NULL, NULL, 0, 'DCT1209', 'sinhvien'),
('3120411138', 'THI HONG TN ', '2002-10-12', 'i hc', '6ab41670d24865dd4aa840c9d30af445', NULL, NULL, NULL, 0, 'DCT1209', 'sinhvien'),
('3120411140', 'L HNG THANH ', '2002-07-04', 'i hc', '7a7df23f60cc0428b86abbecb1fa5cc3', NULL, NULL, NULL, 0, 'DCT1209', 'sinhvien'),
('3120411141', 'BIN HUANG KIM THNH ', '2002-01-21', 'i hc', '691971a280fcca1bff98cb1bbb7c56e1', NULL, NULL, NULL, 0, 'DCT1209', 'sinhvien'),
('3120411142', 'NG VN I THNH ', '2002-12-26', 'i hc', '9d2f04334de98d3cda6244690246f713', NULL, NULL, NULL, 0, 'DCT1209', 'sinhvien'),
('3120411143', 'NGUYN TN THNH ', '2002-10-04', 'i hc', 'e0cba12f9afdd980a88d85d871a36987', NULL, NULL, NULL, 0, 'DCT1209', 'sinhvien'),
('3120411144', 'NGUYN THANH THO ', '2002-10-14', 'i hc', 'd906ae7f5ca51b177b10663e59fb1dee', NULL, NULL, NULL, 0, 'DCT1209', 'sinhvien'),
('3120411145', 'NGUYN TRUNG THNG ', '2002-08-03', 'i hc', '7fcda8a9245f15100a1ff28b8abf6659', NULL, NULL, NULL, 0, 'DCT1209', 'sinhvien'),
('3120411146', 'HONG NH THNH ', '2002-05-31', 'i hc', '1c843d97c4eddb3dc75ea5948897a223', NULL, NULL, NULL, 0, 'DCT1209', 'sinhvien'),
('3120411147', 'NGUYN CAO THNH ', '2002-08-28', 'i hc', '077655ca1de71d91f8fdd59787851c04', NULL, NULL, NULL, 0, 'DCT1209', 'sinhvien'),
('3120411148', 'TNG V TRNG THNH ', '2002-10-03', 'i hc', 'd56aa028b59b64d728f8e225d6aecf54', NULL, NULL, NULL, 0, 'DCT1209', 'sinhvien'),
('3120411150', 'NGUYN CHU NG THNG ', '2002-12-14', 'i hc', '8f7bd0460a9d7731b489b3cb2cc4aecf', NULL, NULL, NULL, 0, 'DCT1209', 'sinhvien'),
('3120411151', 'NGUYN MINH THNG ', '2002-06-01', 'i hc', '3a78cf9227451c008b507908facded36', NULL, NULL, NULL, 0, 'DCT1209', 'sinhvien'),
('3120411152', 'TRN NGC THUN ', '2002-09-16', 'i hc', '5b6690a0bbdd85ddc191a5ed7c93aef3', NULL, NULL, NULL, 0, 'DCT1209', 'sinhvien'),
('3120411153', 'NGUYN QUANG TIN ', '2002-02-07', 'i hc', '1b6a278744bd9e0b56b829adc72fed6c', NULL, NULL, NULL, 0, 'DCT1209', 'sinhvien'),
('3120411157', 'PHM DIM BCH TRN ', '2002-04-30', 'i hc', '3084cef15263718574896dbd64e6a851', NULL, NULL, NULL, 0, 'DCT1209', 'sinhvien'),
('3120411159', 'L C TR ', '2002-11-19', 'i hc', 'e9c48abf8e2cc373c5a613009d508607', NULL, NULL, NULL, 0, 'DCT1209', 'sinhvien'),
('3120411160', 'LU MINH TR ', '2001-02-17', 'i hc', '7460bc4c064acbd4e9fdfadbcc9d7ccf', NULL, NULL, NULL, 0, 'DCT1209', 'sinhvien'),
('3120411162', 'L HUY TRNG ', '2002-12-01', 'i hc', '03cf6097b664c068802bf0fbcf529362', NULL, NULL, NULL, 0, 'DCT1209', 'sinhvien'),
('3120411163', 'NGUYN TH THANH TRC ', '2002-08-16', 'i hc', 'fa4726874579fbf40fe8dd5cbbdbb4c9', NULL, NULL, NULL, 0, 'DCT1209', 'sinhvien'),
('3120411164', 'BI THANH TRUNG ', '2002-10-10', 'i hc', 'd7585afe9aa840365c6d74855642699f', NULL, NULL, NULL, 0, 'DCT1209', 'sinhvien'),
('3120411167', 'NGUYN MINH T ', '2002-06-17', 'i hc', 'f5dd2edfef570c5f585b8eb880b7d2ef', NULL, NULL, NULL, 0, 'DCT1209', 'sinhvien'),
('3120411168', 'NG ANH TUN ', '2002-07-07', 'i hc', 'd195d8b2742ed295e1b0372c5e5c784b', NULL, NULL, NULL, 0, 'DCT1209', 'sinhvien'),
('3120411169', 'HUNH ANH TUN ', '2002-01-20', 'i hc', '73813f3746fccd1ae41959aa9c5e7f9e', NULL, NULL, NULL, 0, 'DCT1209', 'sinhvien'),
('3120411170', 'TRN ANH TUN ', '2002-12-22', 'i hc', 'f3173799731dd295224b0a402f71cd7e', NULL, NULL, NULL, 0, 'DCT1209', 'sinhvien'),
('3120411172', 'NG MINH TNG ', '2002-02-05', 'i hc', '72d3f3520aaf55ab9e929c1296e2c9ba', NULL, NULL, NULL, 0, 'DCT1209', 'sinhvien'),
('3120411173', 'V TH THANH VN ', '2002-04-21', 'i hc', 'd50254ca3736be1b66cbbf7a068359e1', NULL, NULL, NULL, 0, 'DCT1209', 'sinhvien'),
('3120411176', 'L QUANG VINH ', '2002-02-04', 'i hc', 'e5e5417a114fba26895ea8c72db72c38', NULL, NULL, NULL, 0, 'DCT1209', 'sinhvien'),
('3120411178', 'H SN V ', '2002-11-22', 'i hc', '0ca00b8da2e27d0fd748d4b020b28a35', NULL, NULL, NULL, 0, 'DCT1209', 'sinhvien'),
('3120411179', 'T ANH V ', '2002-09-29', 'i hc', 'a8faeab110554a49f251ff8962056b4d', NULL, NULL, NULL, 0, 'DCT1209', 'sinhvien'),
('3120411180', 'LA QUC VNG ', '2002-07-13', 'i hc', 'd99fefee39f361209ea155f653ba9ce5', NULL, NULL, NULL, 0, 'DCT1209', 'sinhvien'),
('3120411181', 'NGUYN TRNG XY ', '2002-11-19', 'i hc', '0340d84f0c39d782a9df85c999570542', NULL, NULL, NULL, 0, 'DCT1209', 'sinhvien'),
('3120560001', 'L GIA HO ', '2002-01-08', 'i hc', '731988bb58fc6818cb6ae58945a36d69', NULL, NULL, NULL, 0, 'DCT1219', 'sinhvien'),
('3120560006', 'TRN V N ', '2002-10-07', 'i hc', '89aced7f9a6d0741e6b59ed2c5e69ece', NULL, NULL, NULL, 0, 'DKP1202', 'sinhvien'),
('3120560007', 'TRN CH CNG ', '2001-04-30', 'i hc', '0f601ccbd47f79b222d6e18d9c85b649', NULL, NULL, NULL, 0, 'DKP1201', 'sinhvien'),
('3120560008', 'V VN DANH ', '1998-05-12', 'i hc', '1007467350f1888ab349a25643d55816', NULL, NULL, NULL, 0, 'DKP1202', 'sinhvien'),
('3120560009', 'NGUYN QUC DU ', '2002-06-16', 'i hc', '7f023e5db3849308231a36d08d4957cb', NULL, NULL, NULL, 0, 'DKP1201', 'sinhvien'),
('3120560010', 'CAO TIN DNG ', '2002-06-03', 'i hc', '26f1aa7e805f82a970fd5ac4d7f609d0', NULL, NULL, NULL, 0, 'DKP1202', 'sinhvien'),
('3120560011', 'CONG PHAN CH DNG ', '2002-07-31', 'i hc', 'ec70c584b6f61d973374b540188c7134', NULL, NULL, NULL, 0, 'DKP1201', 'sinhvien'),
('3120560012', 'MAI NH DNG ', '2002-08-12', 'i hc', 'bb2e56c312f3c1d54b1287600d9dedf9', NULL, NULL, NULL, 0, 'DKP1202', 'sinhvien'),
('3120560013', 'NGUYN HONG GIA I ', '2002-05-20', 'i hc', '166af02404a12d697c548ef44286d257', NULL, NULL, NULL, 0, 'DKP1201', 'sinhvien'),
('3120560014', 'NGUYN HU I ', '2002-04-12', 'i hc', '16940cd9ff3e3c7b7b46c4295be1f8af', NULL, NULL, NULL, 0, 'DKP1202', 'sinhvien'),
('3120560015', 'H TIU T ', '2002-08-06', 'i hc', 'db6d1b633b73f3bc0ca62ed52bd26dc2', NULL, NULL, NULL, 0, 'DKP1201', 'sinhvien'),
('3120560017', 'NG THNH T ', '2002-09-19', 'i hc', '33238903f537cb5b2a9d3816d185038c', NULL, NULL, NULL, 0, 'DKP1201', 'sinhvien'),
('3120560018', 'NGUYN QUC T ', '2002-09-01', 'i hc', 'ab1e9c697bebf1efe2f0dec1e3596830', NULL, NULL, NULL, 0, 'DKP1202', 'sinhvien'),
('3120560019', 'TRN THIN T ', '2002-01-10', 'i hc', '75d93dd837b76685c52a7c7a3bb567e3', NULL, NULL, NULL, 0, 'DKP1201', 'sinhvien'),
('3120560020', 'NG PHC NG ', '2002-02-10', 'i hc', '8181392a184dd04ce5c57e9a4507b49b', NULL, NULL, NULL, 0, 'DKP1202', 'sinhvien'),
('3120560021', 'HA VNH C ', '2002-12-15', 'i hc', 'df21b3d6b60d3cd43a8761e92a3a9fc2', NULL, NULL, NULL, 0, 'DKP1201', 'sinhvien'),
('3120560022', 'NGUYN SONG H GIANG ', '2002-10-30', 'i hc', '22966f83951de5d10c136d16789f6bbc', NULL, NULL, NULL, 0, 'DKP1202', 'sinhvien'),
('3120560024', 'NGUYN PH HO ', '2002-02-25', 'i hc', '5ac240dc0b4896be278440e8ea18bb3c', NULL, NULL, NULL, 0, 'DKP1201', 'sinhvien'),
('3120560025', 'L NG HU ', '1994-07-09', 'i hc', '05ceab2ac5583cb183211556526d4815', NULL, NULL, NULL, 0, 'DKP1202', 'sinhvien'),
('3120560026', 'NG MINH ', '2002-11-01', 'i hc', 'bd4982f26420771969900a9697648aa0', NULL, NULL, NULL, 0, 'DKP1201', 'sinhvien'),
('3120560027', 'L TRUNG HIU ', '2002-04-09', 'i hc', '624ee9cadde9fe940f2c736c8d660d6a', NULL, NULL, NULL, 0, 'DKP1202', 'sinhvien'),
('3120560028', 'NGUYN C HIU ', '2002-12-23', 'i hc', 'bd7ff43b4d0aa4829e555b95e4e1a600', NULL, NULL, NULL, 0, 'DKP1201', 'sinhvien'),
('3120560029', 'V THANH HA ', '2002-02-28', 'i hc', '2092cd8014e4ab51db0db63f589d9e7a', NULL, NULL, NULL, 0, 'DKP1202', 'sinhvien'),
('3120560030', 'THIU VIT HONG ', '2002-03-09', 'i hc', '0306059267aec9d408577da3e2298351', NULL, NULL, NULL, 0, 'DKP1201', 'sinhvien'),
('3120560031', 'V VN HNG ', '2002-07-15', 'i hc', '4ee5a2f56428bb79f676515233ee76a1', NULL, NULL, NULL, 0, 'DKP1202', 'sinhvien'),
('3120560032', 'NGUYN NHT HUY ', '2002-03-29', 'i hc', '3a778a0c92419ea80cfd436877606dee', NULL, NULL, NULL, 0, 'DKP1201', 'sinhvien'),
('3120560033', 'PHM NGUYN C HUY ', '2002-09-15', 'i hc', '9b490ddbc757823efdf907636b9b82dc', NULL, NULL, NULL, 0, 'DKP1202', 'sinhvien'),
('3120560034', 'PHNG C HUY ', '2002-12-07', 'i hc', '711afd48742b037d620e5c2a85823860', NULL, NULL, NULL, 0, 'DKP1201', 'sinhvien'),
('3120560035', 'NGUYN TH THANH HUYN ', '2002-12-22', 'i hc', 'f2c5202bdc2e55d691b676fcfccfb756', NULL, NULL, NULL, 0, 'DKP1202', 'sinhvien'),
('3120560036', 'L QUNH THIN HNG ', '2002-06-02', 'i hc', '4678ecd6138e77fdba7fdee6e45596d2', NULL, NULL, NULL, 0, 'DKP1201', 'sinhvien'),
('3120560037', 'NGUYN TT HY ', '2002-01-05', 'i hc', 'c374ee717e14e605b662dfe2f5d1b579', NULL, NULL, NULL, 0, 'DKP1202', 'sinhvien'),
('3120560038', 'NGUYN PHC KHI ', '2002-10-13', 'i hc', '28bfde871404021dbac09832c10451b4', NULL, NULL, NULL, 0, 'DKP1201', 'sinhvien'),
('3120560039', 'NGUYN BO KHANH ', '2002-08-20', 'i hc', '848e4de2cdea74d4aae4f7c98be463c7', NULL, NULL, NULL, 0, 'DKP1202', 'sinhvien'),
('3120560040', 'BI ON BU KHNH ', '2002-01-10', 'i hc', '152772b62db1945345bc4f46b9b0b59a', NULL, NULL, NULL, 0, 'DKP1201', 'sinhvien'),
('3120560041', 'NGUYN QUC KHNH ', '2002-05-11', 'i hc', 'e09d7a56d1353a692837991745108fda', NULL, NULL, NULL, 0, 'DKP1202', 'sinhvien'),
('3120560043', 'NGUYN ANH KHOA ', '2002-07-02', 'i hc', '91c976a2567878b583ae00b74a40c421', NULL, NULL, NULL, 0, 'DKP1201', 'sinhvien'),
('3120560044', 'NGUYN NG KHOA ', '2002-08-16', 'i hc', 'ec80a3d68074cf11cabdc128e70d95bd', NULL, NULL, NULL, 0, 'DKP1202', 'sinhvien'),
('3120560045', 'T NGUYN MINH KHOA ', '2002-10-10', 'i hc', 'cb9031504d24e732d8def38be1dfbb41', NULL, NULL, NULL, 0, 'DKP1201', 'sinhvien'),
('3120560046', 'TRN HONG ANH KHOA ', '2002-03-01', 'i hc', 'ee53263160627dca13ee8976390c1478', NULL, NULL, NULL, 0, 'DKP1202', 'sinhvien'),
('3120560047', 'V QUANG NG KHOA ', '2002-03-21', 'i hc', '064b7030f839aaf4bb196cb23980b340', NULL, NULL, NULL, 0, 'DKP1201', 'sinhvien'),
('3120560048', 'BI NGUYN TRUNG KIN ', '2002-04-07', 'i hc', 'db6cf253c864ebe7b606ac55c88be51c', NULL, NULL, NULL, 0, 'DKP1202', 'sinhvien'),
('3120560049', 'HUNH TRUNG KIN ', '2002-09-17', 'i hc', 'e72bdfb175c4c5fc2dcb8dcedc17c270', NULL, NULL, NULL, 0, 'DKP1201', 'sinhvien'),
('3120560050', 'INH DNG K ', '2002-07-07', 'i hc', 'ce7a316e2b57eda9e713bad02b068b7d', NULL, NULL, NULL, 0, 'DKP1202', 'sinhvien'),
('3120560051', 'TRN GIA LM ', '2002-10-16', 'i hc', '793dee9e54df52120f3bb609ca24e7fd', NULL, NULL, NULL, 0, 'DKP1201', 'sinhvien'),
('3120560053', 'TRNG HOI LINH ', '2002-09-21', 'i hc', '6a828c957bda335ad250040abb25b0a9', NULL, NULL, NULL, 0, 'DKP1201', 'sinhvien'),
('3120560054', 'L NGUYN PHC LC ', '2002-01-28', 'i hc', 'e712efc8ffa76ec11201703019e92078', NULL, NULL, NULL, 0, 'DKP1202', 'sinhvien'),
('3120560055', 'HUNH THNH LI ', '2002-09-20', 'i hc', '1640176bcf1a207a23d827157881f388', NULL, NULL, NULL, 0, 'DKP1201', 'sinhvien'),
('3120560056', 'NGUYN B LI ', '2002-07-24', 'i hc', '5e094211c20bba461401759094762ca5', NULL, NULL, NULL, 0, 'DKP1202', 'sinhvien'),
('3120560057', 'NGUYN DUY LI ', '2002-10-24', 'i hc', '38559a55787210721f651866607e0ba0', NULL, NULL, NULL, 0, 'DKP1201', 'sinhvien'),
('3120560058', 'HUNH TUYT MAI ', '2002-03-15', 'i hc', '281da7ddfe9cb61c80e61896c1d99a6f', NULL, NULL, NULL, 0, 'DKP1202', 'sinhvien'),
('3120560059', 'VNG CNG MNH ', '2002-02-18', 'i hc', '715bd42932c24308788c0ff52f112fba', NULL, NULL, NULL, 0, 'DKP1201', 'sinhvien'),
('3120560060', 'CHNG DO MINH ', '2002-02-16', 'i hc', '152c44e1bf399a1d2b74c61cee59f2b2', NULL, NULL, NULL, 0, 'DKP1202', 'sinhvien'),
('3120560061', 'NGUYN QUANG MINH ', '2002-02-03', 'i hc', '1943590dc481b24239ec73c101812619', NULL, NULL, NULL, 0, 'DKP1201', 'sinhvien'),
('3120560062', 'HONG NAM ', '2002-07-24', 'i hc', 'ece4342af981dd8ed1b9fa467577804f', NULL, NULL, NULL, 0, 'DKP1202', 'sinhvien'),
('3120560063', 'NGUYN THNH PHNG NGHI ', '2002-07-13', 'i hc', '4b7188f154e715fcdb1935998af81947', NULL, NULL, NULL, 0, 'DKP1201', 'sinhvien'),
('3120560065', 'TRN KIN NGHA ', '2002-01-17', 'i hc', '9d311696e510fb1a115f326d71c01bbb', NULL, NULL, NULL, 0, 'DKP1202', 'sinhvien'),
('3120560066', 'TRN TRNG MINH NGHA ', '2002-07-21', 'i hc', 'f2c6ec870aef369517036d87888a9a9e', NULL, NULL, NULL, 0, 'DKP1201', 'sinhvien'),
('3120560067', 'NG NGUYN THANH NGUYN ', '2002-12-15', 'i hc', '46ad923a4ccbd01e538dcf716623a1e4', NULL, NULL, NULL, 0, 'DKP1202', 'sinhvien'),
('3120560068', 'V MINH NHT ', '2002-05-05', 'i hc', 'cb727567e9b62cfaa6f8137ed9ad65c9', NULL, NULL, NULL, 0, 'DKP1201', 'sinhvien'),
('3120560069', 'BI TH YN NHI ', '2002-08-09', 'i hc', '519f1f346b07c08b436a12b1a6ef28e5', NULL, NULL, NULL, 0, 'DKP1202', 'sinhvien');
INSERT INTO `sinhvien` (`maSinhVien`, `hoTenSinhVien`, `ngaySinh`, `he`, `matKhauSinhVien`, `email`, `sdt`, `anhDaiDien`, `totNghiep`, `maLop`, `quyen`) VALUES
('3120560070', 'L PHAN HUNH NH ', '2002-01-11', 'i hc', 'a436cf4869f57fbff5edab037c110487', NULL, NULL, NULL, 0, 'DKP1201', 'sinhvien'),
('3120560071', 'NHM GIA PHT ', '2002-10-30', 'i hc', 'add1889c160d6c7f3093cac1f63d0510', NULL, NULL, NULL, 0, 'DKP1202', 'sinhvien'),
('3120560072', 'HUNH KH PHI ', '2002-06-28', 'i hc', 'c57d26e3207dca9574dc5d067487838a', NULL, NULL, NULL, 0, 'DKP1201', 'sinhvien'),
('3120560073', 'NGUYN VN S PH ', '2002-11-30', 'i hc', '6cb67edfaa3479880e5b4a9222489c8c', NULL, NULL, NULL, 0, 'DKP1202', 'sinhvien'),
('3120560074', 'NGUYN CHU TON HU PHC ', '2002-12-15', 'i hc', '251bb80a4b53484573447b0848f5786c', NULL, NULL, NULL, 0, 'DKP1201', 'sinhvien'),
('3120560075', 'NGUYN HOI PHC ', '2002-11-02', 'i hc', 'c33337af76cc9cb264ae4adbda7aaf5f', NULL, NULL, NULL, 0, 'DKP1202', 'sinhvien'),
('3120560076', 'NGUYN THANH PHC ', '2002-04-01', 'i hc', '0170e3945166d3704f23293aff5138aa', NULL, NULL, NULL, 0, 'DKP1201', 'sinhvien'),
('3120560079', 'TRN HNG QUANG ', '2002-01-14', 'i hc', '82cb540c98420683d4a0774033bed3f7', NULL, NULL, NULL, 0, 'DKP1201', 'sinhvien'),
('3120560080', 'PHM L MINH QUN ', '2002-11-24', 'i hc', 'de09a1c29d68bb65aaf02df76e74ca07', NULL, NULL, NULL, 0, 'DKP1202', 'sinhvien'),
('3120560081', 'TRNG DIP MNH QUN ', '2002-01-17', 'i hc', '52ae82df219e454f701820fb29f43485', NULL, NULL, NULL, 0, 'DKP1201', 'sinhvien'),
('3120560082', 'LM VN QUC ', '2002-03-13', 'i hc', 'd564dc7edb993ae0f7ca7b7d259b40d0', NULL, NULL, NULL, 0, 'DKP1202', 'sinhvien'),
('3120560083', 'S KHC QUYNH ', '2002-03-15', 'i hc', 'e1f4b615149fcded3679d71b8baf4d82', NULL, NULL, NULL, 0, 'DKP1201', 'sinhvien'),
('3120560085', 'NGUYN QUC TI ', '2002-12-14', 'i hc', 'b2069ede6776119b95bfdf4198460e4e', NULL, NULL, NULL, 0, 'DKP1202', 'sinhvien'),
('3120560086', 'L VN TM ', '2002-02-02', 'i hc', '5f8257d1fddd2c3be231646a53a7462b', NULL, NULL, NULL, 0, 'DKP1201', 'sinhvien'),
('3120560087', 'NGUYN THNH TM ', '2002-02-20', 'i hc', '2e58089fba320728cc13fcb17db644d4', NULL, NULL, NULL, 0, 'DKP1202', 'sinhvien'),
('3120560088', 'TRN NGUYN VIT THI ', '2002-10-01', 'i hc', '31ad7785968ed247ab566cb5284cb2c0', NULL, NULL, NULL, 0, 'DKP1201', 'sinhvien'),
('3120560089', 'CHU QUC THANH ', '2002-05-14', 'i hc', 'cb0e8ea6bb26a0bbef43c9ae81b9779d', NULL, NULL, NULL, 0, 'DKP1202', 'sinhvien'),
('3120560090', 'NGUYN MINH THAO ', '2002-07-29', 'i hc', '24f9494224545e49a9650c9452a3e996', NULL, NULL, NULL, 0, 'DKP1201', 'sinhvien'),
('3120560093', 'HONG L ANH THNG ', '2002-06-30', 'i hc', 'ddf6c8442afd167b38fdcb8ab46fd41a', NULL, NULL, NULL, 0, 'DKP1201', 'sinhvien'),
('3120560094', 'TRN THY ', '2002-01-02', 'i hc', '58a838ab72cae12e415876a6f331db17', NULL, NULL, NULL, 0, 'DKP1202', 'sinhvien'),
('3120560096', 'NGUYN PHC TON ', '2002-07-10', 'i hc', '5f186d7509ba59ca363c8951ebcce3da', NULL, NULL, NULL, 0, 'DKP1202', 'sinhvien'),
('3120560097', 'HUNH NG THNH TR ', '2002-01-02', 'i hc', '27de59fc831f3ee993d5724750526e1a', NULL, NULL, NULL, 0, 'DKP1201', 'sinhvien'),
('3120560098', 'NGUYN MINH TR ', '2002-04-20', 'i hc', '008588d8afd719d3a375343891c1b1d2', NULL, NULL, NULL, 0, 'DKP1202', 'sinhvien'),
('3120560099', 'V C TRNG ', '2002-03-04', 'i hc', 'a8590c3e442aedb0f1790314dc97f20a', NULL, NULL, NULL, 0, 'DKP1201', 'sinhvien'),
('3120560100', 'NGUYN THNH TRUNG ', '2002-10-05', 'i hc', 'ee79093b939c4d2e0ac1808b9e8fd167', NULL, NULL, NULL, 0, 'DKP1202', 'sinhvien'),
('3120560102', 'BI QUANG TRNG ', '2002-03-17', 'i hc', '4e6767e17fb4804d669a3d0a331de4a2', NULL, NULL, NULL, 0, 'DKP1202', 'sinhvien'),
('3120560103', 'LNG QU TUN ', '1999-10-13', 'i hc', '74686e7f810b8460c784e65136465bc7', NULL, NULL, NULL, 0, 'DKP1201', 'sinhvien'),
('3120560104', 'HUNH TH VINH ', '2002-11-06', 'i hc', '1f00195eefe861c6e773d98f4ac6e681', NULL, NULL, NULL, 0, 'DKP1202', 'sinhvien'),
('3120560105', 'NGUYN VN VINH ', '2002-12-19', 'i hc', '66577433817fd05c791b7bc6b2e46afd', NULL, NULL, NULL, 0, 'DKP1201', 'sinhvien'),
('3120560106', 'TRN HONG V ', '2002-05-22', 'i hc', 'd74542d7eb3b14a55b6d33c15fc3de98', NULL, NULL, NULL, 0, 'DKP1202', 'sinhvien'),
('3120560107', 'HUNH B VNG ', '2002-11-03', 'i hc', '55341cba507ff306da0b1a6e304636b6', NULL, NULL, NULL, 0, 'DKP1201', 'sinhvien'),
('3120560108', 'TRN PHNG VY ', '2002-02-28', 'i hc', '705e824e2703e673bef5e924a874be21', NULL, NULL, NULL, 0, 'DKP1202', 'sinhvien'),
('3121410001', 'V HONG THANH AN ', '2003-11-21', 'i hc', '2921470d9951992d725b3542931ae49f', NULL, NULL, NULL, 0, 'DCT1212', 'sinhvien'),
('3121410002', 'DNG QUC N ', '2003-11-14', 'i hc', '4353f7b4155e91c64c67926314ded1c8', NULL, NULL, NULL, 0, 'DCT1213', 'sinhvien'),
('3121410003', 'PHAN DUY ', '2003-05-13', 'i hc', 'e7aaf89bea26ae24ea6bd950b60b6c06', NULL, NULL, NULL, 0, 'DCT1214', 'sinhvien'),
('3121410004', 'NG ANH T ', '2002-04-30', 'i hc', '1b884855ce9bd22646162af6833b6965', NULL, NULL, NULL, 0, 'DCT1215', 'sinhvien'),
('3121410005', 'NGUYN QUANG T ', '2003-09-25', 'i hc', '24cda03d935faf05f33c1b2c59b90cda', NULL, NULL, NULL, 0, 'DCT1216', 'sinhvien'),
('3121410006', 'CON KIN HUY ', '2003-03-08', 'i hc', '12753cec26c95c4afa3a468a0a7c93f6', NULL, NULL, NULL, 0, 'DCT1217', 'sinhvien'),
('3121410007', ' MINH KHANG ', '2003-04-14', 'i hc', '07f88ca589a473157aa2a72bb9b89bb0', NULL, NULL, NULL, 0, 'DCT1218', 'sinhvien'),
('3121410008', 'NG GIA KHANG ', '2003-06-02', 'i hc', '811cfb143590232d54502b7636ca60bc', NULL, NULL, NULL, 0, 'DCT1219', 'sinhvien'),
('3121410009', 'NGUYN VIT KHI ', '2003-09-20', 'i hc', '15f264576c119e2d8aef8eeafcb6b43e', NULL, NULL, NULL, 0, 'DCT1211', 'sinhvien'),
('3121410010', 'PHAN TRNG NGHA ', '2003-03-06', 'i hc', '5d20beca6f320ea81f0a40c7448845b9', NULL, NULL, NULL, 0, 'DCT1212', 'sinhvien'),
('3121410011', 'BI L BCH NHUNG ', '2003-12-07', 'i hc', '0848b23999db9d03f9e93947fe5c8819', NULL, NULL, NULL, 0, 'DCT1213', 'sinhvien'),
('3121410012', 'TRN V MINH QUANG ', '2003-07-29', 'i hc', 'e71923424f6d7c3048dec51b5370657b', NULL, NULL, NULL, 0, 'DCT1214', 'sinhvien'),
('3121410013', 'HNG BNH THI ', '2003-10-24', 'i hc', 'bd0e8e5765a8a7ac8a7902a31301c66e', NULL, NULL, NULL, 0, 'DCT1215', 'sinhvien'),
('3121410014', 'NGUYN KHNH THIN ', '2003-11-05', 'i hc', 'f09275c56ffbefe7326a30ef5bf3a8ea', NULL, NULL, NULL, 0, 'DCT1216', 'sinhvien'),
('3121410015', 'TRN PHAN MINH THNG ', '2003-07-01', 'i hc', '4f78c10bfcbebb78738c2fa56dca9422', NULL, NULL, NULL, 0, 'DCT1217', 'sinhvien'),
('3121410016', 'NGUYN AN THUN ', '2003-08-03', 'i hc', '927d5fdad674231ac85298f05582a898', NULL, NULL, NULL, 0, 'DCT1218', 'sinhvien'),
('3121410017', 'NGUYN TH TUYT TH ', '2003-07-29', 'i hc', '6c348923c5e6698b764344b70c5703ef', NULL, NULL, NULL, 0, 'DCT1219', 'sinhvien'),
('3121410018', 'INH HONG TIN ', '2003-05-12', 'i hc', '42c54d8b6f9bab9e28baf82d02a0dc52', NULL, NULL, NULL, 0, 'DCT1211', 'sinhvien'),
('3121410019', 'TRN TRUNG TIN ', '2003-07-24', 'i hc', 'f0f25d23141d1f95ae9e8dc36ed1178e', NULL, NULL, NULL, 0, 'DCT1212', 'sinhvien'),
('3121410020', 'L HUY TN ', '2003-11-15', 'i hc', 'bdd26a0bfcd9158dab310a9a0e1c4df9', NULL, NULL, NULL, 0, 'DCT1213', 'sinhvien'),
('3121410021', 'TRN BO TRN ', '2003-10-31', 'i hc', '64957dfa604a302fee19704e7159e968', NULL, NULL, NULL, 0, 'DCT1214', 'sinhvien'),
('3121410022', 'NGUYN C TR ', '2003-04-02', 'i hc', '0f60bb21c4184dc5fadab6a123220777', NULL, NULL, NULL, 0, 'DCT1215', 'sinhvien'),
('3121410023', 'TIN MINH VY ', '2003-06-10', 'i hc', '86dbcd828388b8a7f5cdc82dc4147671', NULL, NULL, NULL, 0, 'DCT1216', 'sinhvien'),
('3121410024', 'HUNH NHT DNG ', '2003-11-07', 'i hc', '360b9dcc779ca68d057e6a04bb55fe17', NULL, NULL, NULL, 0, 'DCT1217', 'sinhvien'),
('3121410025', 'TRN VN HIU ', '2003-12-03', 'i hc', 'eb073c49f94be5547e03ff4a3aad754f', NULL, NULL, NULL, 0, 'DCT1218', 'sinhvien'),
('3121410026', 'NGUYN KHNH HA ', '2003-11-06', 'i hc', '9c25e73266e98cd60043b69af9af5faa', NULL, NULL, NULL, 0, 'DCT1219', 'sinhvien'),
('3121410028', 'H HONG HUY ', '2003-05-16', 'i hc', '4a7f95396d929cb5ba7066c74880083a', NULL, NULL, NULL, 0, 'DCT1211', 'sinhvien'),
('3121410030', 'TRNG GIA HUY ', '2003-01-06', 'i hc', 'dbf37714bbb95d76a03616041b002bad', NULL, NULL, NULL, 0, 'DCT1212', 'sinhvien'),
('3121410033', 'NGUYN NGC THANH NGUYN ', '2003-10-18', 'i hc', '19c55d06e708d7edc993cc602288a98a', NULL, NULL, NULL, 0, 'DCT1213', 'sinhvien'),
('3121410034', 'NGUYN HONG PHC ', '2003-08-23', 'i hc', '4a09725cdf3d2ad5a0ccdd0d24a18c7f', NULL, NULL, NULL, 0, 'DCT1214', 'sinhvien'),
('3121410035', 'V BO PHNG ', '2003-07-14', 'i hc', '8c4493c5206a8d6665bc69ef7fcd42b0', NULL, NULL, NULL, 0, 'DCT1215', 'sinhvien'),
('3121410038', 'NGUYN C TY ', '2003-03-08', 'i hc', '80f91359aa4aeb6ff2ca691f258f8747', NULL, NULL, NULL, 0, 'DCT1216', 'sinhvien'),
('3121410039', 'L HONG NHT THO ', '2003-10-03', 'i hc', '3f05fbf2803c8a3445eec8fa9e6d6151', NULL, NULL, NULL, 0, 'DCT1217', 'sinhvien'),
('3121410040', 'NGUYN THANH THNH ', '2003-07-16', 'i hc', 'b3bc278b494a1afc1f1d7ff9a41e7373', NULL, NULL, NULL, 0, 'DCT1218', 'sinhvien'),
('3121410041', 'NGUYN NGC TN ', '2003-07-17', 'i hc', 'ae62f521370605e2ca757354598e9450', NULL, NULL, NULL, 0, 'DCT1219', 'sinhvien'),
('3121410042', 'NGUYN NGC TUN V ', '2003-07-02', 'i hc', '096865222729af21d01fae966fa31441', NULL, NULL, NULL, 0, 'DCT1211', 'sinhvien'),
('3121410043', 'NGUYN TN GIA VNG ', '2003-03-08', 'i hc', 'd7144806fa3cfee7c6bad1b820adda02', NULL, NULL, NULL, 0, 'DCT1212', 'sinhvien'),
('3121410044', 'CAO YN TUN AN ', '2003-11-23', 'i hc', '3b5d311d3737361e6b973825b2a7bc9a', NULL, NULL, NULL, 0, 'DCT1213', 'sinhvien'),
('3121410045', 'INH HU AN ', '2003-09-13', 'i hc', 'a602aff727cc2a37dd2d4f9e3e21c4e6', NULL, NULL, NULL, 0, 'DCT1214', 'sinhvien'),
('3121410046', 'HUNH DNG THI AN ', '2003-12-11', 'i hc', '7abccf88d9ad566a231b26eb5e4dae4c', NULL, NULL, NULL, 0, 'DCT1215', 'sinhvien'),
('3121410048', 'NGUYN H KHNH AN ', '2003-01-28', 'i hc', 'c1764376d399373f4a372b73de32fd84', NULL, NULL, NULL, 0, 'DCT1216', 'sinhvien'),
('3121410049', 'TRN C AN ', '2003-08-06', 'i hc', 'dfe74a44c78ab7ed4f9bec769e4f1e5b', NULL, NULL, NULL, 0, 'DCT1217', 'sinhvien'),
('3121410050', 'L TH PHNG ANH ', '2003-10-29', 'i hc', '0a0947668dc13b967cc7fd7a22db938c', NULL, NULL, NULL, 0, 'DCT1218', 'sinhvien'),
('3121410051', 'NG TR ANH ', '2003-02-17', 'i hc', '890fdce73bb0e52b8703a887fb2e8cbf', NULL, NULL, NULL, 0, 'DCT1219', 'sinhvien'),
('3121410052', 'NGUYN HI ANH ', '2003-10-21', 'i hc', '93732248257863e6514b74a214ddafc0', NULL, NULL, NULL, 0, 'DCT1211', 'sinhvien'),
('3121410053', 'NGUYN HONG ANH ', '2003-10-16', 'i hc', '84e22f3e6745aa8cdd0a58ba802af4ea', NULL, NULL, NULL, 0, 'DCT1212', 'sinhvien'),
('3121410054', 'NGUYN NG TH ANH ', '2003-10-22', 'i hc', '17b651438b649b7df5df6e87cfad7cfd', NULL, NULL, NULL, 0, 'DCT1213', 'sinhvien'),
('3121410055', 'NGUYN TH ANH ', '2003-03-12', 'i hc', '0e937a41600a1588bdab49f535bdc951', NULL, NULL, NULL, 0, 'DCT1214', 'sinhvien'),
('3121410056', 'NGUYN TRUNG ANH ', '2003-09-30', 'i hc', '93b2816939552b3c01968e77b52814c0', NULL, NULL, NULL, 0, 'DCT1215', 'sinhvien'),
('3121410057', 'NGUYN TUN ANH ', '2003-02-26', 'i hc', 'a5dc94eb626d3926d6042c2550044b7f', NULL, NULL, NULL, 0, 'DCT1216', 'sinhvien'),
('3121410058', 'PH TUN ANH ', '2003-08-29', 'i hc', 'fbdd66e43f69ff72c4e10330cb93c59d', NULL, NULL, NULL, 0, 'DCT1217', 'sinhvien'),
('3121410059', 'TRN HUNH C ANH ', '2003-01-26', 'i hc', '766db5bb683fbb6ad1aabec6d1525510', NULL, NULL, NULL, 0, 'DCT1218', 'sinhvien'),
('3121410060', 'V CNG ANH ', '2003-12-28', 'i hc', 'c91b9987e55c05b0ed27b094e4db55bf', NULL, NULL, NULL, 0, 'DCT1219', 'sinhvien'),
('3121410061', 'NGUYN NGC NH ', '2003-01-29', 'i hc', '646e627e2378cc24b8781467fbe08069', NULL, NULL, NULL, 0, 'DCT1211', 'sinhvien'),
('3121410062', 'INH NGC N ', '2003-04-14', 'i hc', '55cdf2975130d861ae5858367d638976', NULL, NULL, NULL, 0, 'DCT1212', 'sinhvien'),
('3121410063', 'NGUYN THIN N ', '2003-11-11', 'i hc', '813b3a6518db578d2ffde212507ce773', NULL, NULL, NULL, 0, 'DCT1213', 'sinhvien'),
('3121410065', 'HONG GIA BCH ', '2003-10-10', 'i hc', '23edfa16f1c53d6dc70a914f5147128b', NULL, NULL, NULL, 0, 'DCT1214', 'sinhvien'),
('3121410066', 'BI HNG BO ', '2003-03-31', 'i hc', 'c8e37417a0d68ded507c6bacb61ba138', NULL, NULL, NULL, 0, 'DCT1215', 'sinhvien'),
('3121410067', 'CHU GIA BO ', '2003-06-02', 'i hc', '933b229823335f738d3356de02fc2733', NULL, NULL, NULL, 0, 'DCT1216', 'sinhvien'),
('3121410068', 'H L GIA BO ', '2003-10-24', 'i hc', '1fb8461044aa0f47b742078a2f894f6d', NULL, NULL, NULL, 0, 'DCT1217', 'sinhvien'),
('3121410069', 'HONG GIA BO ', '2003-01-01', 'i hc', '368e41569e9ef80c4bd4097d0a24bb11', NULL, NULL, NULL, 0, 'DCT1218', 'sinhvien'),
('3121410070', 'HONG GIA BO ', '2003-02-21', 'i hc', '4f46abfaf64211c59efe2d7f91658594', NULL, NULL, NULL, 0, 'DCT1219', 'sinhvien'),
('3121410071', 'HUNH GIA BO ', '2003-12-26', 'i hc', '860ed3f2797d2e0b706e45cffaf68a1f', NULL, NULL, NULL, 0, 'DCT1211', 'sinhvien'),
('3121410072', 'NGUYN GIA BO ', '2003-04-29', 'i hc', '98188bee3404661600e052484b32c505', NULL, NULL, NULL, 0, 'DCT1212', 'sinhvien'),
('3121410073', 'NGUYN HU BO ', '2002-05-16', 'i hc', '5ac22ad603a43c2fccfb31f84c609a40', NULL, NULL, NULL, 0, 'DCT1213', 'sinhvien'),
('3121410074', 'NGUYN HU QUC BO ', '2003-09-20', 'i hc', '66b83e110f80f24300e3d3af99610ea4', NULL, NULL, NULL, 0, 'DCT1214', 'sinhvien'),
('3121410075', 'NGUYN QUC BO ', '2003-04-20', 'i hc', 'fad57d342e30a2d496dc17e2dfc3d967', NULL, NULL, NULL, 0, 'DCT1215', 'sinhvien'),
('3121410076', 'NGUYN TR BO ', '2003-05-01', 'i hc', '54fbe7e6e1cbbe63981d91ba887da090', NULL, NULL, NULL, 0, 'DCT1216', 'sinhvien'),
('3121410077', 'NGUYN TNG BO ', '2003-10-18', 'i hc', '0748b14c9112473c947897682e2a5521', NULL, NULL, NULL, 0, 'DCT1217', 'sinhvien'),
('3121410078', 'PHAN CH BO ', '2003-04-19', 'i hc', 'a5bf8ae725077112c266ee38204b5b57', NULL, NULL, NULL, 0, 'DCT1218', 'sinhvien'),
('3121410079', 'TIT GIA BO ', '2003-10-14', 'i hc', '88bac7a3dcf1d09c62c29184eaa1d34f', NULL, NULL, NULL, 0, 'DCT1219', 'sinhvien'),
('3121410080', 'TRN QUC BO ', '2003-04-02', 'i hc', '2001bc353d0d3472968205562f942dfd', NULL, NULL, NULL, 0, 'DCT1211', 'sinhvien'),
('3121410081', 'TRN TH BO ', '2002-12-27', 'i hc', '1febc4262e02868b65e729d4652a21fd', NULL, NULL, NULL, 0, 'DCT1212', 'sinhvien'),
('3121410082', 'NGUYN THANH BNH ', '2003-12-15', 'i hc', '9e013182bf35e6e0e46d40013fc95e15', NULL, NULL, NULL, 0, 'DCT1213', 'sinhvien'),
('3121410084', 'NGUYN NH CAO ', '2003-10-03', 'i hc', '12dc91a306421d75bb27e3df8464f00e', NULL, NULL, NULL, 0, 'DCT1215', 'sinhvien'),
('3121410085', 'VN PHM TUN CT ', '2003-01-30', 'i hc', 'a58c0d7650d045e3a3eee7212cdbc399', NULL, NULL, NULL, 0, 'DCT1216', 'sinhvien'),
('3121410086', 'NGUYN HONG DIM CHI ', '2003-03-04', 'i hc', '29d5288da76c55658b02e4ea42fe3467', NULL, NULL, NULL, 0, 'DCT1217', 'sinhvien'),
('3121410087', 'MAI TRUNG ', '2003-09-27', 'i hc', '42a24659e316c4807e674c26020e84c4', NULL, NULL, NULL, 0, 'DCT1218', 'sinhvien'),
('3121410088', 'INH HONG CHIN ', '2003-04-15', 'i hc', '1aca2269fcd1b00faf39ea1d20709491', NULL, NULL, NULL, 0, 'DCT1219', 'sinhvien'),
('3121410090', 'NGUYN TRNG CHIN ', '2003-03-19', 'i hc', '2588a9b18519fe3441c472ef4c0910bc', NULL, NULL, NULL, 0, 'DCT1211', 'sinhvien'),
('3121410091', ' NAM CNG CHNH ', '2003-08-01', 'i hc', '69849fb8004fec06e9e031040c35cb56', NULL, NULL, NULL, 0, 'DCT1212', 'sinhvien'),
('3121410092', 'L VIT CHNG ', '2003-07-05', 'i hc', '40ba8ff91d438b00f671b7cb521e9bcf', NULL, NULL, NULL, 0, 'DCT1213', 'sinhvien'),
('3121410093', 'TRN THIN CHNG ', '2003-03-16', 'i hc', '1e4ec6b5ecf8e4d511364099891eb170', NULL, NULL, NULL, 0, 'DCT1214', 'sinhvien'),
('3121410094', 'L VN CNG ', '2003-10-17', 'i hc', '5bafa68d018fc173857987df46e26ad1', NULL, NULL, NULL, 0, 'DCT1215', 'sinhvien'),
('3121410095', 'H QUC CNG ', '2003-07-05', 'i hc', '21121c98046bf24b50607459e68dcbe2', NULL, NULL, NULL, 0, 'DCT1216', 'sinhvien'),
('3121410096', 'L GIA CNG ', '2003-10-12', 'i hc', '56f7ee1281ce601056557aa2c0013af4', NULL, NULL, NULL, 0, 'DCT1217', 'sinhvien'),
('3121410097', 'NGUYN K CNG ', '2003-11-07', 'i hc', 'edfbd849fcede66428a1f0a34a99dc06', NULL, NULL, NULL, 0, 'DCT1218', 'sinhvien'),
('3121410099', 'TRN CNG ', '2003-11-01', 'i hc', '99d7c2a85e4970a7fd7f69f45fa63261', NULL, NULL, NULL, 0, 'DCT1219', 'sinhvien'),
('3121410100', 'TRN C CNG ', '2003-02-19', 'i hc', '94f99f7b7a6ea2ffcc9869ea0778e57e', NULL, NULL, NULL, 0, 'DCT1211', 'sinhvien'),
('3121410101', 'PHAN DUY CU ', '2003-02-16', 'i hc', '4f5c2a73904bf1c02e02925399a55586', NULL, NULL, NULL, 0, 'DCT1212', 'sinhvien'),
('3121410102', ' THNH DANH ', '2003-07-04', 'i hc', '87a8294e741e6ddf86d8ccae69251c85', NULL, NULL, NULL, 0, 'DCT1213', 'sinhvien'),
('3121410103', 'NGUYN ANH DANH ', '2003-09-20', 'i hc', '34c3ecde65a3b6a3fc2b2979249b6b75', NULL, NULL, NULL, 0, 'DCT1214', 'sinhvien'),
('3121410104', 'TRN XUN DANH ', '2003-10-19', 'i hc', '75fb359b85b364148479c51d43322a6f', NULL, NULL, NULL, 0, 'DCT1215', 'sinhvien'),
('3121410106', 'NGUYN TIN DUN ', '2003-01-22', 'i hc', 'd55fec4cca35cb9bd3bfa2a5cf561e82', NULL, NULL, NULL, 0, 'DCT1216', 'sinhvien'),
('3121410107', 'BI C ANH DNG ', '2003-11-22', 'i hc', '2f32bdb90d33af4211e99f49fe9b8b2d', NULL, NULL, NULL, 0, 'DCT1217', 'sinhvien'),
('3121410108', 'ON ANH DNG ', '2003-09-21', 'i hc', '472b388708e627e4008ac038595a3430', NULL, NULL, NULL, 0, 'DCT1218', 'sinhvien'),
('3121410109', 'MAI NGUYN QUC DNG ', '2003-11-11', 'i hc', '93e447b6f94b59a0d9377b36ab7e93dc', NULL, NULL, NULL, 0, 'DCT1219', 'sinhvien'),
('3121410111', 'NGUYN TIN DNG ', '2003-12-19', 'i hc', 'eded464a8f586ab4d6919b3e0e615923', NULL, NULL, NULL, 0, 'DCT1211', 'sinhvien'),
('3121410112', 'NGUYN TR DNG ', '2003-08-12', 'i hc', 'a3462249f2c8eb5342e6b7d3c016aeca', NULL, NULL, NULL, 0, 'DCT1212', 'sinhvien'),
('3121410113', 'BI V TIN DUY ', '2003-11-03', 'i hc', 'ae99762d6583231bb098d3bb1da4408a', NULL, NULL, NULL, 0, 'DCT1213', 'sinhvien'),
('3121410114', 'CAO MINH TRNG DUY ', '2003-06-16', 'i hc', 'ddd4d635d47f78c00fbb9310ab7f670e', NULL, NULL, NULL, 0, 'DCT1214', 'sinhvien'),
('3121410115', 'INH MINH DUY ', '2003-05-24', 'i hc', 'd3171057145890cc8397c21a955ca4e1', NULL, NULL, NULL, 0, 'DCT1215', 'sinhvien'),
('3121410116', 'INH QUANG DUY ', '2003-01-20', 'i hc', '7a91c6730aeb651e846cb31e9d62f0f9', NULL, NULL, NULL, 0, 'DCT1216', 'sinhvien'),
('3121410117', 'L ANH DUY ', '2003-05-11', 'i hc', '615832354ed01915d1cd5204d60e1cac', NULL, NULL, NULL, 0, 'DCT1217', 'sinhvien'),
('3121410118', 'NGUYN NH HOAN DUY ', '2003-11-13', 'i hc', 'a958fccc2b3409992f1832c52262941d', NULL, NULL, NULL, 0, 'DCT1218', 'sinhvien'),
('3121410119', 'NGUYN HONG DUY ', '2003-09-17', 'i hc', '81d113037c9d729abf28a2711b4baf0b', NULL, NULL, NULL, 0, 'DCT1219', 'sinhvien'),
('3121410120', 'NGUYN L BO DUY ', '2003-04-08', 'i hc', 'b31efe597b25d5f743f65ba3589e9701', NULL, NULL, NULL, 0, 'DCT1211', 'sinhvien'),
('3121410121', 'PHM C DUY ', '2003-03-22', 'i hc', '71aee94df8433386abd0d80a0cf1d81d', NULL, NULL, NULL, 0, 'DCT1212', 'sinhvien'),
('3121410122', 'PHM TRN MINH DUY ', '2003-05-28', 'i hc', '0d7fd7deea8c94e74abd7d10068c6451', NULL, NULL, NULL, 0, 'DCT1213', 'sinhvien'),
('3121410123', 'PHAN QUANG DUY ', '2003-05-28', 'i hc', '03ff8ff7a6c7d7ca2462f87d1dc20931', NULL, NULL, NULL, 0, 'DCT1214', 'sinhvien'),
('3121410124', 'TRN KHNH DUY ', '2003-10-26', 'i hc', 'cc0a8d126dc80bf65ba81a1a1cef6764', NULL, NULL, NULL, 0, 'DCT1215', 'sinhvien'),
('3121410125', 'TRN NHT DUY ', '2003-05-10', 'i hc', '569104c8078102a9b78ff02fa004f3ea', NULL, NULL, NULL, 0, 'DCT1216', 'sinhvien'),
('3121410126', 'TRN V ANH DUY ', '2003-05-02', 'i hc', '2f75dd89213fbe0ea85a1a2248a29685', NULL, NULL, NULL, 0, 'DCT1217', 'sinhvien'),
('3121410127', 'NGUYN THY DUYN ', '2003-09-22', 'i hc', '43bc85531336a36acbc96f25977b8f07', NULL, NULL, NULL, 0, 'DCT1218', 'sinhvien'),
('3121410128', 'PHM VN D ', '2003-04-09', 'i hc', '470de08edf9d801d91bb3365f1b2ccc4', NULL, NULL, NULL, 0, 'DCT1219', 'sinhvien'),
('3121410129', 'L NGC DNG ', '2003-06-22', 'i hc', 'bd080a604bae6f55bde33049cfed3982', NULL, NULL, NULL, 0, 'DCT1211', 'sinhvien'),
('3121410130', 'PHM KHNH DNG ', '2003-04-05', 'i hc', 'ada680e4a36b676a932f0257f285ec94', NULL, NULL, NULL, 0, 'DCT1212', 'sinhvien'),
('3121410131', 'TRN HI DNG ', '2003-06-25', 'i hc', '4e6ba88589990d3f685590973c2f5d44', NULL, NULL, NULL, 0, 'DCT1213', 'sinhvien'),
('3121410132', 'TRN HI DNG ', '2003-11-26', 'i hc', 'f4635e2d6f0aa3fd0841d272f9684c45', NULL, NULL, NULL, 0, 'DCT1214', 'sinhvien'),
('3121410133', 'CHU V I ', '2003-01-24', 'i hc', '5e50c1ea19da5d1caf9f238d46f36c54', NULL, NULL, NULL, 0, 'DCT1215', 'sinhvien'),
('3121410134', 'LM QUC I ', '2003-07-07', 'i hc', 'e540f51629d57e8687f55a7f6926f31d', NULL, NULL, NULL, 0, 'DCT1216', 'sinhvien'),
('3121410135', 'NGUYN NGC THNH I ', '2003-12-21', 'i hc', '1115d3f680578d22fc8120bd2ca04112', NULL, NULL, NULL, 0, 'DCT1217', 'sinhvien'),
('3121410136', 'NGUYN QUC I ', '2003-09-28', 'i hc', '68d91ae6284d6d7c4be82c8968b31b5c', NULL, NULL, NULL, 0, 'DCT1218', 'sinhvien'),
('3121410137', 'NGUYN O LINH AN ', '2003-01-01', 'i hc', 'f194299ed0bebc0e9a55ce5e00116811', NULL, NULL, NULL, 0, 'DCT1219', 'sinhvien'),
('3121410138', 'NGUYN ZI AN ', '2003-03-06', 'i hc', '653cf1e20995c869e4a6fb10795dfbbf', NULL, NULL, NULL, 0, 'DCT1211', 'sinhvien'),
('3121410139', 'TNG HNG NGUYN N ', '2003-06-06', 'i hc', '1cae7a45ca00aceb39fab4ef038dfdac', NULL, NULL, NULL, 0, 'DCT1212', 'sinhvien'),
('3121410140', 'NG VI HONG T ', '2003-01-04', 'i hc', 'bba8d2e7bb54cf4a31fc3045fd2cbd70', NULL, NULL, NULL, 0, 'DCT1213', 'sinhvien'),
('3121410142', 'HUNH TUN T ', '2003-08-08', 'i hc', '28096cc9f5deb8a0ad1f36c5e113a943', NULL, NULL, NULL, 0, 'DCT1214', 'sinhvien'),
('3121410143', 'MAI THNH T ', '2003-09-11', 'i hc', '4dc2aff3dcdbbe3a18c3a539d85acc8f', NULL, NULL, NULL, 0, 'DCT1215', 'sinhvien'),
('3121410144', 'NG TN T ', '2003-05-30', 'i hc', '69c0a2ad8204c0db7c42b5c42ad98fff', NULL, NULL, NULL, 0, 'DCT1216', 'sinhvien'),
('3121410145', 'NGUYN TN T ', '2003-08-30', 'i hc', '4036e04fe86f9af56fa77c31d550e8a2', NULL, NULL, NULL, 0, 'DCT1217', 'sinhvien'),
('3121410146', 'NGUYN THNH T ', '2003-05-16', 'i hc', '648ac954050cd82dc41c3362b8fce073', NULL, NULL, NULL, 0, 'DCT1218', 'sinhvien'),
('3121410147', 'NGUYN TRN TN T ', '2003-07-29', 'i hc', '0b91a2e8a27c2671cff797ef1ea42d83', NULL, NULL, NULL, 0, 'DCT1219', 'sinhvien'),
('3121410148', 'NGUYN V TIN T ', '2003-02-07', 'i hc', '01c41c6885edcb3da9389fc214bc1859', NULL, NULL, NULL, 0, 'DCT1211', 'sinhvien'),
('3121410149', 'PHM TN T ', '2003-06-10', 'i hc', '404474995587648f4358cd8ac974a084', NULL, NULL, NULL, 0, 'DCT1212', 'sinhvien'),
('3121410150', 'HUNH HI NG ', '2003-08-24', 'i hc', '89ca98ef9085ff4c7ca6e82beb621e32', NULL, NULL, NULL, 0, 'DCT1213', 'sinhvien'),
('3121410152', 'TRN DUY NG ', '2003-05-29', 'i hc', '153344a24c36a5dccd40eaf4e5a7a040', NULL, NULL, NULL, 0, 'DCT1214', 'sinhvien'),
('3121410153', 'NG QUC IN ', '2003-06-23', 'i hc', '0c70f3607b2330fed93249ddb09c715d', NULL, NULL, NULL, 0, 'DCT1215', 'sinhvien'),
('3121410154', 'NGUYN PHNG IN ', '2003-02-02', 'i hc', '77ece750a3b29622c5f819840b7a505c', NULL, NULL, NULL, 0, 'DCT1216', 'sinhvien'),
('3121410155', 'NGUYN QUANG IN ', '2003-09-08', 'i hc', 'b51d6f5197ff203db6260f9ebbb0d4c7', NULL, NULL, NULL, 0, 'DCT1217', 'sinhvien'),
('3121410156', 'V MINH IN ', '2003-09-15', 'i hc', '06de15589dc4831df974d8127adf88f9', NULL, NULL, NULL, 0, 'DCT1218', 'sinhvien'),
('3121410157', 'NGUYN PHC  ', '2003-08-04', 'i hc', 'e002d54abffa3cdf6a31e0b5219da5ea', NULL, NULL, NULL, 0, 'DCT1219', 'sinhvien'),
('3121410160', 'HUNH LM C ', '2003-11-05', 'i hc', '541d3fe911f12f9bf61ae77c21767a31', NULL, NULL, NULL, 0, 'DCT1211', 'sinhvien'),
('3121410161', 'NGUYN CNG C ', '2003-11-15', 'i hc', '37da4a1b48f14c893ccea44bf6fa79ff', NULL, NULL, NULL, 0, 'DCT1212', 'sinhvien'),
('3121410162', 'NGUYN HUNH HNG C ', '2003-11-12', 'i hc', '4e2fd88b18723ef4bccc88bcc6d563d8', NULL, NULL, NULL, 0, 'DCT1213', 'sinhvien'),
('3121410163', 'NGUYN HU C ', '2003-08-20', 'i hc', 'e33f2c2aedb982cd2b4ee557b79d3299', NULL, NULL, NULL, 0, 'DCT1214', 'sinhvien'),
('3121410164', 'PHM MINH C ', '2003-11-14', 'i hc', '96b31e976de6a3c311fdb74a80087466', NULL, NULL, NULL, 0, 'DCT1215', 'sinhvien'),
('3121410165', 'TRN TRUNG C ', '2003-09-13', 'i hc', 'b9b3c47befc745a981c9b7a1758d50fa', NULL, NULL, NULL, 0, 'DCT1216', 'sinhvien'),
('3121410166', 'L TH THANH M ', '2003-02-03', 'i hc', '2aa2f7ba9ec8302bd6419a276b27912b', NULL, NULL, NULL, 0, 'DCT1217', 'sinhvien'),
('3121410167', 'DNG HUNH GIA ', '2003-03-04', 'i hc', '92a91b8cb3e82fe3a3561cd9752dcf08', NULL, NULL, NULL, 0, 'DCT1218', 'sinhvien'),
('3121410168', 'PHM TR TRNG GIANG ', '2003-11-24', 'i hc', 'dafd4f41834b45a51b71e10b7776ee15', NULL, NULL, NULL, 0, 'DCT1219', 'sinhvien'),
('3121410169', 'L NGC GIU ', '2003-11-24', 'i hc', '2c842884b24cc5470ed62d10173a377b', NULL, NULL, NULL, 0, 'DCT1211', 'sinhvien'),
('3121410170', 'NGUYN QUANG H ', '2003-11-30', 'i hc', '881fde13315f3ef096966419126b9e5d', NULL, NULL, NULL, 0, 'DCT1212', 'sinhvien'),
('3121410171', 'PHNG VN H ', '2003-11-07', 'i hc', '8ca75d15dee1af7367741ca561e075d1', NULL, NULL, NULL, 0, 'DCT1213', 'sinhvien'),
('3121410172', 'NG XUN HI ', '2003-12-22', 'i hc', '0c1b66d6ece26665a7c65b79b30db9e1', NULL, NULL, NULL, 0, 'DCT1214', 'sinhvien'),
('3121410173', 'HU NGC HI ', '2003-03-01', 'i hc', 'a2e2ef779a1f4c617fec06989ae6913f', NULL, NULL, NULL, 0, 'DCT1215', 'sinhvien'),
('3121410174', 'H TH HI ', '2003-01-13', 'i hc', 'c269e2ced1dc212e3b635753a8a1b543', NULL, NULL, NULL, 0, 'DCT1216', 'sinhvien'),
('3121410175', 'NGUYN NGC HI ', '2003-08-24', 'i hc', 'a3fbff7060b2258bd255329a3429eed2', NULL, NULL, NULL, 0, 'DCT1217', 'sinhvien'),
('3121410176', 'NGUYN THANH HI ', '2003-05-19', 'i hc', 'b764683fecb3417a61186ac869c3f040', NULL, NULL, NULL, 0, 'DCT1218', 'sinhvien'),
('3121410177', 'NGUYN TH NGC HI ', '2003-08-03', 'i hc', 'ef31c4d1bd7b7a957c76b1f6ba78fd10', NULL, NULL, NULL, 0, 'DCT1219', 'sinhvien'),
('3121410178', 'TRNH VN HI ', '2003-02-09', 'i hc', 'c29e2c723fadbc8a4ea3b7d1c36b335c', NULL, NULL, NULL, 0, 'DCT1211', 'sinhvien'),
('3121410180', 'HONG NHT HO ', '2003-01-12', 'i hc', '980c46e8e4f37bdda8a463e8d9813736', NULL, NULL, NULL, 0, 'DCT1212', 'sinhvien'),
('3121410181', 'NGUYN HUNH TUN HO ', '2003-10-29', 'i hc', '2fb93a481fdae10256bf95ec3abcf8f0', NULL, NULL, NULL, 0, 'DCT1213', 'sinhvien'),
('3121410182', 'TRN V HO ', '2003-02-18', 'i hc', '29bd1aa93b00362cc68f0c3b3085d3d4', NULL, NULL, NULL, 0, 'DCT1214', 'sinhvien'),
('3121410183', 'NGUYN TH THU HNG ', '2003-01-20', 'i hc', '5cd26e42967668f468597b754e00f466', NULL, NULL, NULL, 0, 'DCT1215', 'sinhvien'),
('3121410184', 'NGUYN HU HU ', '2003-03-04', 'i hc', '1bb32e2b6e516569b0d944713c33e76f', NULL, NULL, NULL, 0, 'DCT1216', 'sinhvien'),
('3121410186', 'NGUYN H M HIN ', '2003-02-12', 'i hc', '51d8569964dcc248f226b36be3b8599d', NULL, NULL, NULL, 0, 'DCT1217', 'sinhvien'),
('3121410188', 'CAO VN HIN ', '2002-03-17', 'i hc', 'a536480111fe6463fe8241188697dd03', NULL, NULL, NULL, 0, 'DCT1218', 'sinhvien'),
('3121410189', 'NGUYN DUY HIN ', '2003-09-26', 'i hc', '80e399248f54153ea20ecef1f18a1567', NULL, NULL, NULL, 0, 'DCT1219', 'sinhvien'),
('3121410190', 'NGUYN HONG HIP ', '2003-08-31', 'i hc', '2a2f09e8c84b87131f17fd89033e8871', NULL, NULL, NULL, 0, 'DCT1211', 'sinhvien'),
('3121410191', 'TRNG I HIP ', '2003-11-05', 'i hc', 'b67ad01e29b036c743bcbd644e7fad50', NULL, NULL, NULL, 0, 'DCT1212', 'sinhvien'),
('3121410192', 'L V HIU ', '2003-11-24', 'i hc', '72175c5912f5a69707e7c6163191ac52', NULL, NULL, NULL, 0, 'DCT1213', 'sinhvien'),
('3121410193', 'MAI XUN HIU ', '2003-11-09', 'i hc', 'f6488fdaa9b3b3a1b93b052937a913f8', NULL, NULL, NULL, 0, 'DCT1214', 'sinhvien'),
('3121410194', 'NGUYN C HU HIU ', '2003-10-24', 'i hc', 'c9207c42896e555fc0582b55205ec882', NULL, NULL, NULL, 0, 'DCT1215', 'sinhvien'),
('3121410195', 'NGUYN HUNH MINH HIU ', '2003-08-18', 'i hc', '184e15b338402644ea21fdd9e6f4e211', NULL, NULL, NULL, 0, 'DCT1216', 'sinhvien'),
('3121410196', 'NGUYN XUN HIU ', '2003-07-12', 'i hc', '4f93b3f6348df97e18b6d9f70a1fd22d', NULL, NULL, NULL, 0, 'DCT1217', 'sinhvien'),
('3121410197', 'PHM TRUNG HIU ', '2003-09-02', 'i hc', '5c26e47103e692829d617dfdf292e283', NULL, NULL, NULL, 0, 'DCT1218', 'sinhvien'),
('3121410198', 'TRN H PHC HIU ', '2003-09-09', 'i hc', '91aefb3127370c855db60c2b2193ee2d', NULL, NULL, NULL, 0, 'DCT1219', 'sinhvien'),
('3121410199', 'TRN TRNG HIU ', '2003-10-09', 'i hc', '7f36c70a177e2e1745a2be26d709977f', NULL, NULL, NULL, 0, 'DCT1211', 'sinhvien'),
('3121410200', 'TRN VN HIU ', '2003-11-19', 'i hc', '113e03cd720e88b86355b4f8ede256dd', NULL, NULL, NULL, 0, 'DCT1212', 'sinhvien'),
('3121410201', 'VN PH HIU ', '2003-05-15', 'i hc', '626c3cd4b6d2310d8e19c5dcf08e8b97', NULL, NULL, NULL, 0, 'DCT1213', 'sinhvien'),
('3121410202', 'V TRUNG HIU ', '2003-08-01', 'i hc', '797ea212066dbc1231b576ac0bef1b0e', NULL, NULL, NULL, 0, 'DCT1214', 'sinhvien'),
('3121410204', 'NGUYN TN HIU ', '2003-11-04', 'i hc', 'bde2e3de13062b4994435045e48638ad', NULL, NULL, NULL, 0, 'DCT1215', 'sinhvien'),
('3121410205', 'VI TH HOA ', '2003-03-31', 'i hc', '830321a7b02f5d29978bd9a6d4211304', NULL, NULL, NULL, 0, 'DCT1216', 'sinhvien'),
('3121410206', 'NGUYN TH THU HOI ', '2003-08-16', 'i hc', 'fbf74d8df2bf98c73c1310669f8a431e', NULL, NULL, NULL, 0, 'DCT1217', 'sinhvien'),
('3121410208', ' NGC XUN HONG ', '2003-11-22', 'i hc', '1af5ea212d01495f8a4af43ed0b4c651', NULL, NULL, NULL, 0, 'DCT1218', 'sinhvien'),
('3121410209', 'H DNG HONG ', '2003-11-29', 'i hc', '8008a608fddf4f59f60c4e52d2f48a7d', NULL, NULL, NULL, 0, 'DCT1219', 'sinhvien'),
('3121410210', 'L LONG HONG ', '2003-10-11', 'i hc', 'ca4a7ac62c4afe1c141c44cf3e9e12d9', NULL, NULL, NULL, 0, 'DCT1211', 'sinhvien'),
('3121410211', 'LU VN HONG ', '2003-01-07', 'i hc', 'd49dedc44fe57d242d51fe2b9d801dc4', NULL, NULL, NULL, 0, 'DCT1212', 'sinhvien'),
('3121410212', 'NGUYN HUY HONG ', '2003-03-03', 'i hc', 'e680c5c6475273c2574f1ef650bfede8', NULL, NULL, NULL, 0, 'DCT1213', 'sinhvien'),
('3121410213', 'PHAN L HONG ', '2003-01-03', 'i hc', 'f45e6137c8e7a1f7b3890d8759bb478b', NULL, NULL, NULL, 0, 'DCT1214', 'sinhvien'),
('3121410214', 'TRN THI HONG ', '2003-06-09', 'i hc', '1009908ed3ab30745a37a609dfc76fce', NULL, NULL, NULL, 0, 'DCT1215', 'sinhvien'),
('3121410215', 'V INH XUN HONG ', '2003-03-13', 'i hc', '5404f27535b280d3ca82294f23a07aed', NULL, NULL, NULL, 0, 'DCT1216', 'sinhvien'),
('3121410216', 'V MINH HONG ', '2003-07-31', 'i hc', '317d0bf5ac8174fc8bd5fdf71b214379', NULL, NULL, NULL, 0, 'DCT1217', 'sinhvien'),
('3121410218', 'L VN HNG ', '2003-05-19', 'i hc', '90c7d1b8aef7e428eeac513798396ca7', NULL, NULL, NULL, 0, 'DCT1218', 'sinhvien'),
('3121410220', 'NGUYN QUANG HNG ', '2003-10-17', 'i hc', '22b13f1a28c26887f9b0a3c51d059836', NULL, NULL, NULL, 0, 'DCT1219', 'sinhvien'),
('3121410222', 'CAO NGUYN C HUY ', '2003-11-23', 'i hc', 'ff99556aee468da74e54bca820c39b56', NULL, NULL, NULL, 0, 'DCT1211', 'sinhvien'),
('3121410223', 'NG L ANH HUY ', '2003-05-24', 'i hc', '7264236c55b72ae680045052239990d1', NULL, NULL, NULL, 0, 'DCT1212', 'sinhvien'),
('3121410224', 'INH NG NHT HUY ', '2003-12-21', 'i hc', '698c038189d2dc3f525026e56c26d2f0', NULL, NULL, NULL, 0, 'DCT1213', 'sinhvien'),
('3121410225', 'H NG HUY ', '2003-09-06', 'i hc', '0f1fcdba6025f27d2655586a2ce489d0', NULL, NULL, NULL, 0, 'DCT1214', 'sinhvien'),
('3121410226', 'HUNH HONG HUY ', '2003-11-18', 'i hc', '295dbe3d8f0695b261fafa70d5cba75b', NULL, NULL, NULL, 0, 'DCT1215', 'sinhvien'),
('3121410227', 'KIU C HUY ', '2003-09-18', 'i hc', 'ba8ec3c027d5e220fb27cfb1dc6ffb74', NULL, NULL, NULL, 0, 'DCT1216', 'sinhvien'),
('3121410228', 'L CHNH HUY ', '2003-09-03', 'i hc', 'c6c63e8a216d2e06ffe98e8288e3378c', NULL, NULL, NULL, 0, 'DCT1217', 'sinhvien'),
('3121410230', 'NGUYN C HUY ', '2003-07-06', 'i hc', 'bcb4f155873b97fcc376325e0dc3c07f', NULL, NULL, NULL, 0, 'DCT1218', 'sinhvien'),
('3121410231', 'NGUYN NGC QUC HUY ', '2003-09-08', 'i hc', '680fb4fed1aea63cc24428617cbe083f', NULL, NULL, NULL, 0, 'DCT1219', 'sinhvien'),
('3121410232', 'PHAN QUC HUY ', '2003-02-18', 'i hc', '132039d892b133c64a8a90be761a3f16', NULL, NULL, NULL, 0, 'DCT1211', 'sinhvien'),
('3121410233', 'TT ANH HUY ', '2003-08-05', 'i hc', 'c1de5b36967bc1c151d1661ca6a58908', NULL, NULL, NULL, 0, 'DCT1212', 'sinhvien'),
('3121410234', 'TRN GIA HUY ', '2003-05-31', 'i hc', '3771c221492e242c266e9c2fcd11100e', NULL, NULL, NULL, 0, 'DCT1213', 'sinhvien'),
('3121410235', 'TRN LNG THIU HUY ', '2003-06-09', 'i hc', 'a58de8a18780448e4a540a1f45c41e01', NULL, NULL, NULL, 0, 'DCT1214', 'sinhvien'),
('3121410236', 'BIN THNH HNG ', '2003-01-03', 'i hc', '270e076abaad8e07e2dc2334702e3ee3', NULL, NULL, NULL, 0, 'DCT1215', 'sinhvien'),
('3121410237', 'CAO HUY HNG ', '2003-06-19', 'i hc', 'f1c2114ef483efcdeadd51268209c184', NULL, NULL, NULL, 0, 'DCT1216', 'sinhvien'),
('3121410238', ' PHC HNG ', '2003-01-07', 'i hc', '5ccad39810a1be943314fd00c5748e19', NULL, NULL, NULL, 0, 'DCT1217', 'sinhvien'),
('3121410239', 'HYNH QUC HNG ', '2003-09-10', 'i hc', 'ed3d271fbea053a8df3bc3a38ba95f2e', NULL, NULL, NULL, 0, 'DCT1218', 'sinhvien'),
('3121410240', 'L NGUYN QUC HNG ', '2003-06-13', 'i hc', '5813677d9162d5e3dce349cb2adfa208', NULL, NULL, NULL, 0, 'DCT1219', 'sinhvien'),
('3121410241', 'NGUYN THNH HNG ', '2003-05-14', 'i hc', 'a633a0b0dc3c9e3ce00cbad0552ca55b', NULL, NULL, NULL, 0, 'DCT1211', 'sinhvien'),
('3121410242', 'NGUYN VIT HNG ', '2003-02-26', 'i hc', '6218a671cc8ffb84f3342d53cfbd5714', NULL, NULL, NULL, 0, 'DCT1212', 'sinhvien'),
('3121410244', 'L TRNH THIN HNG ', '2003-07-26', 'i hc', '874475c2480b3ef8cd5aa3319dc6fa10', NULL, NULL, NULL, 0, 'DCT1213', 'sinhvien'),
('3121410245', 'NGUYN MINH HU ', '2003-03-19', 'i hc', '9a244d1dbde37f6a33c68fb7a5db8400', NULL, NULL, NULL, 0, 'DCT1214', 'sinhvien'),
('3121410246', 'PHAN THANH HU ', '2003-03-15', 'i hc', '7334a2ed0ec09fcf3d19c26c64c95bc1', NULL, NULL, NULL, 0, 'DCT1215', 'sinhvien'),
('3121410247', 'H PHU KM ', '2003-02-22', 'i hc', '33e98e6dbf89fa28bf9db07513c0c6fc', NULL, NULL, NULL, 0, 'DCT1216', 'sinhvien'),
('3121410248', 'NGUYN MINH KHA ', '2003-06-17', 'i hc', '99ca0d008f1572fa943ed7a467558227', NULL, NULL, NULL, 0, 'DCT1217', 'sinhvien'),
('3121410249', 'TRN QUANG KHI ', '2003-12-23', 'i hc', '545bdec3ebd4fd6c6badf9d9f475069b', NULL, NULL, NULL, 0, 'DCT1218', 'sinhvien'),
('3121410250', 'DNG DUY KHANG ', '2003-07-29', 'i hc', 'dab50b6a5aeb62dfe8202344e90e25d7', NULL, NULL, NULL, 0, 'DCT1219', 'sinhvien'),
('3121410252', 'L DUY KHANG ', '2003-10-04', 'i hc', 'ef6edd91b9e9fe43110f9a4ac5cd79b1', NULL, NULL, NULL, 0, 'DCT1211', 'sinhvien'),
('3121410253', 'L HONG KHANG ', '2003-10-10', 'i hc', 'b8a328a63fd4ba577753a1919ed7ec5c', NULL, NULL, NULL, 0, 'DCT1212', 'sinhvien'),
('3121410254', 'NGUYN HONG KHANG ', '2003-10-07', 'i hc', '2ae5fc265a70be7f82c64b03d261f3b6', NULL, NULL, NULL, 0, 'DCT1213', 'sinhvien'),
('3121410255', 'NGUYN TRN KHANG ', '2003-11-19', 'i hc', '1548ff5e967ec727ce1f708ea2445874', NULL, NULL, NULL, 0, 'DCT1214', 'sinhvien'),
('3121410257', 'TRN HONG KHANH ', '2003-09-07', 'i hc', 'a5630548c59a1dd3de05a2cce575abc3', NULL, NULL, NULL, 0, 'DCT1215', 'sinhvien'),
('3121410258', 'L DUY KHNH ', '2003-07-11', 'i hc', '88f8f7e78abefe2bef5c83a9ec146916', NULL, NULL, NULL, 0, 'DCT1216', 'sinhvien'),
('3121410259', 'NGUYN QUC KHNH ', '2003-04-13', 'i hc', '1e2353431c5fc3ae1d5931c810c6e7e1', NULL, NULL, NULL, 0, 'DCT1217', 'sinhvien'),
('3121410260', 'NGUYN QU KHNH ', '2003-02-09', 'i hc', '0dece6039f012dc35dc641d18270e5dd', NULL, NULL, NULL, 0, 'DCT1218', 'sinhvien'),
('3121410261', 'V TIN KHNH ', '2003-01-14', 'i hc', 'c2786a4a7ea18c07163e7c2320ce7642', NULL, NULL, NULL, 0, 'DCT1219', 'sinhvien'),
('3121410262', 'DNG DUY KHIM ', '2003-05-24', 'i hc', 'd099cc7590bc7a6bb6c26d8deb6bc170', NULL, NULL, NULL, 0, 'DCT1211', 'sinhvien'),
('3121410263', 'HONG S KHIM ', '2003-05-30', 'i hc', 'ee5fbffd379c79af2f2a84d6be4f8785', NULL, NULL, NULL, 0, 'DCT1212', 'sinhvien'),
('3121410265', 'NGUYN HUY KHIM ', '2003-11-21', 'i hc', '7eab278d8328aeab87e1cda2d212e5a6', NULL, NULL, NULL, 0, 'DCT1213', 'sinhvien'),
('3121410266', 'NG NG KHOA ', '2003-10-28', 'i hc', '0d04f8ed4019fb0e9b958c48e92cc4b7', NULL, NULL, NULL, 0, 'DCT1214', 'sinhvien'),
('3121410267', 'NG TRN NG KHOA ', '2003-12-28', 'i hc', 'a7aa4437ac2ca1adf53ea8bf7470b34e', NULL, NULL, NULL, 0, 'DCT1215', 'sinhvien'),
('3121410268', ' NG KHOA ', '2003-04-17', 'i hc', 'c21b7d2d814f26e6fb3263adb94739b9', NULL, NULL, NULL, 0, 'DCT1216', 'sinhvien'),
('3121410269', ' MINH KHOA ', '2003-11-15', 'i hc', '2de36be0ba474b95e6a145fcd8134c19', NULL, NULL, NULL, 0, 'DCT1217', 'sinhvien'),
('3121410270', 'H NGC NG KHOA ', '2003-10-20', 'i hc', 'fd60f62638b920e9f0139f526f733c8c', NULL, NULL, NULL, 0, 'DCT1218', 'sinhvien'),
('3121410271', 'NGUYN ANH KHOA ', '2003-09-03', 'i hc', 'c6c9cb17ff3a388f6973c27b32fcd690', NULL, NULL, NULL, 0, 'DCT1219', 'sinhvien'),
('3121410272', 'NGUYN ANH KHOA ', '2003-05-08', 'i hc', '8caaf153707b8cefc6d1c2b16b060793', NULL, NULL, NULL, 0, 'DCT1211', 'sinhvien'),
('3121410273', 'NGUYN NG KHOA ', '2003-10-09', 'i hc', '5e3a0a2e9ad17180c3e89b2dab53cb3f', NULL, NULL, NULL, 0, 'DCT1212', 'sinhvien'),
('3121410274', 'NGUYN NHT KHOA ', '2003-02-05', 'i hc', 'e6c6508d7a5b910557c9971ce0c53275', NULL, NULL, NULL, 0, 'DCT1213', 'sinhvien'),
('3121410275', 'TRN NG KHOA ', '2003-10-21', 'i hc', 'a2f17c1ca95f6d8f5b7a8bc15c937d45', NULL, NULL, NULL, 0, 'DCT1214', 'sinhvien'),
('3121410276', 'VNH BO NG KHOA ', '2003-05-31', 'i hc', '007625291b5a66afcc462915d01b25ce', NULL, NULL, NULL, 0, 'DCT1215', 'sinhvien'),
('3121410278', 'HONG TRNG KHI ', '2003-01-25', 'i hc', '211e8b0f2e70f863feeded62fc7299bf', NULL, NULL, NULL, 0, 'DCT1216', 'sinhvien'),
('3121410279', 'NGUYN NG KHI ', '2003-07-03', 'i hc', '745255eb98c9e664d6642fb127656fcf', NULL, NULL, NULL, 0, 'DCT1217', 'sinhvien'),
('3121410280', 'NGUYN THI KHI ', '2003-11-04', 'i hc', '7d7c469c0510d54392f1c217d74b013b', NULL, NULL, NULL, 0, 'DCT1218', 'sinhvien'),
('3121410281', 'PHM NGUYN NGUYN KHI ', '2003-06-16', 'i hc', '4388d5802ffac4a21fbd75aef083134a', NULL, NULL, NULL, 0, 'DCT1219', 'sinhvien'),
('3121410282', 'NGUYN QUC KHU ', '2003-11-10', 'i hc', '644699f89decef4fdb4f5f73c179eb5a', NULL, NULL, NULL, 0, 'DCT1211', 'sinhvien'),
('3121410283', 'U C TRUNG KIN ', '2003-08-06', 'i hc', 'afd2a2afa49005d3a864a4b5d6d8ca33', NULL, NULL, NULL, 0, 'DCT1212', 'sinhvien'),
('3121410284', 'L TRUNG KIN ', '2003-06-18', 'i hc', '21877aaf9e0d340bea7c31cf9f9da6ce', NULL, NULL, NULL, 0, 'DCT1213', 'sinhvien'),
('3121410285', 'NG TUN KIT ', '2003-08-16', 'i hc', 'a26955fa5baa5833fcf3c2b362fbea73', NULL, NULL, NULL, 0, 'DCT1214', 'sinhvien'),
('3121410286', 'LM HO KIT ', '2003-10-10', 'i hc', '2bcef1f258a791b4af568e498624903a', NULL, NULL, NULL, 0, 'DCT1215', 'sinhvien'),
('3121410287', 'LM TUN KIT ', '2003-12-20', 'i hc', '2336531c89da7432b4d1edc773769eb9', NULL, NULL, NULL, 0, 'DCT1216', 'sinhvien'),
('3121410288', 'L TUN KIT ', '2003-10-19', 'i hc', 'e5a29a455c9ccceea723dfb40987bb01', NULL, NULL, NULL, 0, 'DCT1217', 'sinhvien'),
('3121410289', 'LM THIN KIM ', '2003-11-26', 'i hc', 'df721e2642c03f81ab3b86b1ca2e3c6c', NULL, NULL, NULL, 0, 'DCT1218', 'sinhvien'),
('3121410290', 'ON LM ', '2003-08-29', 'i hc', '18ed577c41cd64501763871c0fc9cf83', NULL, NULL, NULL, 0, 'DCT1219', 'sinhvien'),
('3121410291', 'NGUYN TNG LM ', '2003-02-10', 'i hc', '6b524419cd7e04e08b0d025915fb80df', NULL, NULL, NULL, 0, 'DCT1211', 'sinhvien'),
('3121410292', 'NGUYN V QUC LM ', '2003-10-08', 'i hc', 'c00c7e8dd59912dcf2456f8048e30c3b', NULL, NULL, NULL, 0, 'DCT1212', 'sinhvien'),
('3121410293', 'KIM DUY LINH ', '2003-10-16', 'i hc', 'f337fe88319a5b6dcdd7990d548477fe', NULL, NULL, NULL, 0, 'DCT1213', 'sinhvien'),
('3121410294', 'TRN QUANG LINH ', '2003-11-10', 'i hc', '77f804e0e802d4db63d3a5c7fe87b88b', NULL, NULL, NULL, 0, 'DCT1214', 'sinhvien'),
('3121410295', 'V TRN LINH ', '2003-02-10', 'i hc', 'e2bd92f5f230d4ccdae3c9e7d02e5985', NULL, NULL, NULL, 0, 'DCT1215', 'sinhvien'),
('3121410296', 'NGUYN HONG LONG ', '2003-08-30', 'i hc', '094e80ed6dc1d52b61174e1b35a20f13', NULL, NULL, NULL, 0, 'DCT1216', 'sinhvien'),
('3121410297', 'NGUYN THNH LONG ', '2003-01-07', 'i hc', 'f03bc41a302556810cbcfef7f7fdbc3a', NULL, NULL, NULL, 0, 'DCT1217', 'sinhvien'),
('3121410298', 'NGUYN THNH LONG ', '2003-01-26', 'i hc', '03280b59b4aa041f77d0da0f1fd2cd5b', NULL, NULL, NULL, 0, 'DCT1218', 'sinhvien'),
('3121410299', 'NGUYN VN LONG ', '2003-02-20', 'i hc', '2bd6bbc626cbf2450f23229ba5b4054c', NULL, NULL, NULL, 0, 'DCT1219', 'sinhvien'),
('3121410300', 'HONG BO LC ', '2003-01-21', 'i hc', 'be5d1c27e5476210fb3a04b6c33f46ce', NULL, NULL, NULL, 0, 'DCT1211', 'sinhvien'),
('3121410301', 'HUNH THANH LC ', '2003-11-04', 'i hc', '98d2722106c540d20d582b3578fbdae4', NULL, NULL, NULL, 0, 'DCT1212', 'sinhvien'),
('3121410302', 'LAI TN LC ', '2003-11-02', 'i hc', '9547fb4cee55ec6027a82bd8d3706c00', NULL, NULL, NULL, 0, 'DCT1213', 'sinhvien'),
('3121410304', 'TRN DNG C LC ', '2003-05-06', 'i hc', '4b51c67efe70bf834b9f670da7897021', NULL, NULL, NULL, 0, 'DCT1214', 'sinhvien'),
('3121410305', 'NGUYN HU LUN ', '2003-04-24', 'i hc', '48f18036e07d4a9feded204e9ffcb03c', NULL, NULL, NULL, 0, 'DCT1215', 'sinhvien'),
('3121410306', 'NGUYN PHC LUN ', '2003-06-26', 'i hc', 'c881ce41f842dfed91630bed76c5ae45', NULL, NULL, NULL, 0, 'DCT1216', 'sinhvien'),
('3121410307', 'V DUY LUN ', '2003-08-29', 'i hc', '16df89e90a4e5b72445735bf49979c00', NULL, NULL, NULL, 0, 'DCT1217', 'sinhvien'),
('3121410308', 'HUNH GIA LUT ', '2003-11-01', 'i hc', 'f8d2f23647f0447fb14a0dffc893f53b', NULL, NULL, NULL, 0, 'DCT1218', 'sinhvien'),
('3121410309', 'L TRNG LC ', '2003-04-09', 'i hc', '0d8b04f0ec83a496909cbd83d0eaecf9', NULL, NULL, NULL, 0, 'DCT1219', 'sinhvien'),
('3121410310', 'NGUYN HNG LNG ', '2003-08-13', 'i hc', 'd82ee2d1829df409618a13c7943aca40', NULL, NULL, NULL, 0, 'DCT1211', 'sinhvien'),
('3121410313', 'HUNH NGC DIM LY ', '2003-03-16', 'i hc', '4007413b00e21664ecdb3d06e6534db7', NULL, NULL, NULL, 0, 'DCT1213', 'sinhvien'),
('3121410314', 'V XUN MAI ', '2003-09-19', 'i hc', '977bd2ccf2792f28a5fff1b2dd73adbd', NULL, NULL, NULL, 0, 'DCT1214', 'sinhvien'),
('3121410315', 'L NH MNH ', '2003-01-17', 'i hc', '9036d4f075d9c9651bff2541ae206b1e', NULL, NULL, NULL, 0, 'DCT1215', 'sinhvien'),
('3121410316', 'NG S MNH ', '2003-11-04', 'i hc', '0a4133495fb84ed7ca849d1bd6d4811d', NULL, NULL, NULL, 0, 'DCT1216', 'sinhvien'),
('3121410317', 'LNH KNG MN ', '2003-06-24', 'i hc', 'ed5d6fcd9e6f4308998bd559f613a965', NULL, NULL, NULL, 0, 'DCT1217', 'sinhvien'),
('3121410318', 'TRN AN MN ', '2003-02-23', 'i hc', '8ca96bad15e4c18fbd3e281307617971', NULL, NULL, NULL, 0, 'DCT1218', 'sinhvien'),
('3121410319', 'V L MN ', '2003-05-30', 'i hc', 'e2334354ac440309028a28df1531d328', NULL, NULL, NULL, 0, 'DCT1219', 'sinhvien'),
('3121410320', 'L CH MINH ', '2003-08-11', 'i hc', 'fabf20f96afb3073cd99e7ef5bc036d0', NULL, NULL, NULL, 0, 'DCT1211', 'sinhvien'),
('3121410321', 'NGUYN HONG MINH ', '2001-06-04', 'i hc', '37fc1959ad4025c6b19f39f2ef323338', NULL, NULL, NULL, 0, 'DCT1212', 'sinhvien'),
('3121410322', 'PHAN HONG MINH ', '2003-12-08', 'i hc', '16f4c01ecf640ac869ce913cb8b668e6', NULL, NULL, NULL, 0, 'DCT1213', 'sinhvien'),
('3121410323', 'TRN HU MINH ', '2003-11-02', 'i hc', '1743b5ab493dbb19b31e3b5c121e0e1a', NULL, NULL, NULL, 0, 'DCT1214', 'sinhvien'),
('3121410324', 'TRNG GIA MINH ', '2003-01-11', 'i hc', '448f044f7389742249c7f94ef9b7089c', NULL, NULL, NULL, 0, 'DCT1215', 'sinhvien'),
('3121410325', 'V CH MINH ', '2003-07-17', 'i hc', 'f1f769f1e3a602892111db98227a54c4', NULL, NULL, NULL, 0, 'DCT1216', 'sinhvien'),
('3121410326', 'V TH DIM MY ', '2003-01-02', 'i hc', 'dc294e8585aa641f2ffb6bc8a8e38414', NULL, NULL, NULL, 0, 'DCT1217', 'sinhvien'),
('3121410327', 'CAO H HOI NAM ', '2003-03-17', 'i hc', '37630a6b86ff2dae0758c23999dcb2e5', NULL, NULL, NULL, 0, 'DCT1218', 'sinhvien'),
('3121410328', ' NH NAM ', '2003-07-16', 'i hc', '495a5ff20a0055ab7a6b727466782068', NULL, NULL, NULL, 0, 'DCT1219', 'sinhvien'),
('3121410330', 'L HOI NAM ', '2003-09-30', 'i hc', '3acccd7d31f8701e63ce1ecf417789d5', NULL, NULL, NULL, 0, 'DCT1211', 'sinhvien'),
('3121410331', 'NGUYN HONG NAM ', '2003-02-08', 'i hc', 'da69b8ebe8cce2a5156c3d8f9371c714', NULL, NULL, NULL, 0, 'DCT1212', 'sinhvien'),
('3121410332', 'NGUYN HONG HI NAM ', '2003-05-03', 'i hc', 'c494da89027955cb164a1a6014421d59', NULL, NULL, NULL, 0, 'DCT1213', 'sinhvien'),
('3121410333', 'NGUYN HU NAM ', '2003-03-30', 'i hc', 'b7c525d79ff8116ddd023e4a6738a346', NULL, NULL, NULL, 0, 'DCT1214', 'sinhvien'),
('3121410334', 'PHM KHC HOI NAM ', '2003-02-19', 'i hc', '7ebdba894b249949b4ff6bd0fac01d8d', NULL, NULL, NULL, 0, 'DCT1215', 'sinhvien'),
('3121410335', 'THN TRNG HOI NAM ', '2003-01-30', 'i hc', 'e5b5ae2f2621096b3a7e3f47a04b6ad9', NULL, NULL, NULL, 0, 'DCT1216', 'sinhvien'),
('3121410336', 'TRN NG NAM ', '2003-09-01', 'i hc', 'c2232d32c780b5c438ad66c1fc5f8c3c', NULL, NULL, NULL, 0, 'DCT1217', 'sinhvien'),
('3121410337', 'TRN HONG NAM ', '2003-10-16', 'i hc', '4b5ea0a4dcc7f2519308d2efdc94ed41', NULL, NULL, NULL, 0, 'DCT1218', 'sinhvien'),
('3121410339', 'NG L HU NGN ', '2003-02-17', 'i hc', '566559782cf16f2069ca3e6ea6962084', NULL, NULL, NULL, 0, 'DCT1219', 'sinhvien'),
('3121410340', 'NGUYN L KIM NGN ', '2003-12-29', 'i hc', '103c4f43172e9f94fb41f27a2274da0b', NULL, NULL, NULL, 0, 'DCT1211', 'sinhvien'),
('3121410341', 'NGUYN THANH NGN ', '2003-12-07', 'i hc', 'eaa2b9ab338954427ba70b2cc546c5ab', NULL, NULL, NULL, 0, 'DCT1212', 'sinhvien'),
('3121410342', 'TRN TH HI NGN ', '2001-01-09', 'i hc', '76769d2bdebf241548cf4b146885a93f', NULL, NULL, NULL, 0, 'DCT1213', 'sinhvien'),
('3121410343', 'NG NGUYN MAI NGHI ', '2003-10-20', 'i hc', '89817a2d7b57a467e7f969f0f8e85c90', NULL, NULL, NULL, 0, 'DCT1214', 'sinhvien'),
('3121410344', 'HUNH TRNG NGHA ', '2003-05-28', 'i hc', 'd9efe0652d3c8da872fac67178c033f2', NULL, NULL, NULL, 0, 'DCT1215', 'sinhvien'),
('3121410345', 'PHAN TRUNG NGHA ', '2003-02-28', 'i hc', '779ff29fc219534c5fba8dbde28e5116', NULL, NULL, NULL, 0, 'DCT1216', 'sinhvien'),
('3121410346', 'PHM BO NGHIM ', '2003-04-04', 'i hc', 'f6fde8b7f80cbee3f02ec48366ab1229', NULL, NULL, NULL, 0, 'DCT1217', 'sinhvien'),
('3121410347', 'M TH HOI NGC ', '2003-09-06', 'i hc', 'ed4de125426c1b4ca31c47709d112143', NULL, NULL, NULL, 0, 'DCT1218', 'sinhvien'),
('3121410348', 'NGUYN MINH NGC ', '2003-04-30', 'i hc', '4d57cb027597cdcfc70ddc6a25fd6f57', NULL, NULL, NULL, 0, 'DCT1219', 'sinhvien'),
('3121410350', 'NGUYN TRUNG NGUYN ', '2003-04-07', 'i hc', 'b82caa6b5259d05fce6b03cf56c5509e', NULL, NULL, NULL, 0, 'DCT1211', 'sinhvien'),
('3121410352', 'TRN CNG NGUYN ', '2003-11-25', 'i hc', '576f316cdd4da588ea8726dbe30f384f', NULL, NULL, NULL, 0, 'DCT1212', 'sinhvien'),
('3121410353', 'TRN KHI NGUYN ', '2003-10-15', 'i hc', '4ee0bf857f02597af873ad78f4146d68', NULL, NULL, NULL, 0, 'DCT1213', 'sinhvien'),
('3121410354', 'V HONG NGUYN ', '2003-02-17', 'i hc', '674cbc99ac15d653cd6a139104903009', NULL, NULL, NULL, 0, 'DCT1214', 'sinhvien'),
('3121410355', 'L MINH NGUYT ', '2003-11-13', 'i hc', '4f7701406f5e231afd09ad5cd153ae9c', NULL, NULL, NULL, 0, 'DCT1215', 'sinhvien'),
('3121410356', 'THANH ', '2003-10-23', 'i hc', 'd1ef1fee1cb5752d21942a72c92e2083', NULL, NULL, NULL, 0, 'DCT1216', 'sinhvien'),
('3121410357', 'QUCH THANH NH ', '2003-10-06', 'i hc', 'dd49491d3ac00163b9a78e82ee191243', NULL, NULL, NULL, 0, 'DCT1217', 'sinhvien'),
('3121410358', 'HONG VN NHN ', '2003-05-13', 'i hc', '7f0951875e86d06268856f29afcfbd6c', NULL, NULL, NULL, 0, 'DCT1218', 'sinhvien'),
('3121410359', 'L DUY NHN ', '2003-01-12', 'i hc', 'bea3b958f4efb113f3b4133ff4a35da0', NULL, NULL, NULL, 0, 'DCT1219', 'sinhvien'),
('3121410360', 'NGUYN THNH NHN ', '2003-12-30', 'i hc', '22181d42f783cba6ae5211382051124f', NULL, NULL, NULL, 0, 'DCT1211', 'sinhvien'),
('3121410361', 'TRN THY I NHN ', '2003-10-06', 'i hc', 'ce1b544bf035a05e386f96e1f27a2055', NULL, NULL, NULL, 0, 'DCT1212', 'sinhvien'),
('3121410362', 'H MINH NHT ', '2003-08-27', 'i hc', 'b0ecc16199793be6ee4e4eee51621cb5', NULL, NULL, NULL, 0, 'DCT1213', 'sinhvien'),
('3121410363', 'KIM H NHT ', '2003-04-05', 'i hc', '2ef43d4f9f1ae2dd54a621d3b25b7709', NULL, NULL, NULL, 0, 'DCT1214', 'sinhvien'),
('3121410365', 'NGUYN L LONG NHT ', '2003-01-27', 'i hc', 'e909a8d076ac5b18c90d15a83a57bef6', NULL, NULL, NULL, 0, 'DCT1215', 'sinhvien');
INSERT INTO `sinhvien` (`maSinhVien`, `hoTenSinhVien`, `ngaySinh`, `he`, `matKhauSinhVien`, `email`, `sdt`, `anhDaiDien`, `totNghiep`, `maLop`, `quyen`) VALUES
('3121410367', 'HA TUYT NHI ', '2003-03-10', 'i hc', '25c295ef90b6e402a835584a2a693a78', NULL, NULL, NULL, 0, 'DCT1216', 'sinhvien'),
('3121410368', 'NGUYN TRN YN NHI ', '2003-09-20', 'i hc', '843ae2aff9677249ffa28b5a5a3f6a20', NULL, NULL, NULL, 0, 'DCT1217', 'sinhvien'),
('3121410369', 'PHAN HONG YN NHI ', '2003-06-23', 'i hc', '60e114f2211ddee13a25dd53f6c51201', NULL, NULL, NULL, 0, 'DCT1218', 'sinhvien'),
('3121410370', 'U HO NHIN ', '2003-08-04', 'i hc', '28ea966469025cd00e196c00c1e053e3', NULL, NULL, NULL, 0, 'DCT1219', 'sinhvien'),
('3121410372', 'NG L TM NH ', '2003-08-16', 'i hc', 'b28ade8a7846ecac77af483f14df7c48', NULL, NULL, NULL, 0, 'DCT1211', 'sinhvien'),
('3121410373', 'NGUYN HU NINH ', '2003-12-18', 'i hc', '80ec5c5294385e95e8ff8106ec618cef', NULL, NULL, NULL, 0, 'DCT1212', 'sinhvien'),
('3121410374', 'NGUYN VN NINH ', '2003-06-20', 'i hc', 'cb2782382a1f6db6a343ccdedbe06526', NULL, NULL, NULL, 0, 'DCT1213', 'sinhvien'),
('3121410375', 'L QUAN PHT ', '2003-11-24', 'i hc', '98eb671729990c1a7e446d14803df3cc', NULL, NULL, NULL, 0, 'DCT1214', 'sinhvien'),
('3121410376', 'L THANH PHT ', '2003-05-09', 'i hc', 'e6a7f83a509b2cf7e983002a85b00c48', NULL, NULL, NULL, 0, 'DCT1215', 'sinhvien'),
('3121410377', 'NGUYN HONG PHT ', '2003-01-23', 'i hc', '03b8bdd4c0aeb27d5fb847da6e296de6', NULL, NULL, NULL, 0, 'DCT1216', 'sinhvien'),
('3121410378', 'NGUYN THNH PHT ', '2003-09-30', 'i hc', '691182ea55fffe894210b05e212eaf8d', NULL, NULL, NULL, 0, 'DCT1217', 'sinhvien'),
('3121410379', 'NGUYN TIN PHT ', '2003-09-06', 'i hc', '79ee9a98e2bdfa41a364b30258610954', NULL, NULL, NULL, 0, 'DCT1218', 'sinhvien'),
('3121410380', 'TRN TN PHT ', '2003-10-15', 'i hc', '14f4ddac9d10b87f85872c872f792eb5', NULL, NULL, NULL, 0, 'DCT1219', 'sinhvien'),
('3121410381', 'VNG TH YN PHI ', '2003-05-15', 'i hc', '53a96b87db4d0d29ebad0a5412670058', NULL, NULL, NULL, 0, 'DCT1211', 'sinhvien'),
('3121410382', 'LNG GIA PHONG ', '2003-09-27', 'i hc', 'dd5003398a76fc02896c5ba96d6b2917', NULL, NULL, NULL, 0, 'DCT1212', 'sinhvien'),
('3121410383', 'NGUYN THANH PHONG ', '2003-01-28', 'i hc', 'a745d6eec78db92be3f1b48f3fe975c1', NULL, NULL, NULL, 0, 'DCT1213', 'sinhvien'),
('3121410384', 'LU HNG ', '2003-04-05', 'i hc', '70e1f988199b825328837addfce295a2', NULL, NULL, NULL, 0, 'DCT1214', 'sinhvien'),
('3121410385', 'NGUYN HONG PH ', '2003-02-07', 'i hc', '7d2ca8bb13bd0fab6050e87399c6e2c6', NULL, NULL, NULL, 0, 'DCT1215', 'sinhvien'),
('3121410386', 'T C PH ', '2003-06-13', 'i hc', 'fec9cd33d507cc0f9413d9b04d311ccd', NULL, NULL, NULL, 0, 'DCT1216', 'sinhvien'),
('3121410387', 'TRN TRNG PH ', '2003-01-21', 'i hc', '4ba9fa6404203daa160895551ca37b85', NULL, NULL, NULL, 0, 'DCT1217', 'sinhvien'),
('3121410388', 'CHU TRNG PHC ', '2003-11-26', 'i hc', '60a456fead43797542f3ab4840fab197', NULL, NULL, NULL, 0, 'DCT1218', 'sinhvien'),
('3121410389', ' HONG PHC ', '2003-07-29', 'i hc', 'ca5e63a4887bf98c33add932b4865963', NULL, NULL, NULL, 0, 'DCT1219', 'sinhvien'),
('3121410390', 'H DUY PHC ', '2003-04-24', 'i hc', 'e8c8282f5be51d6f90186a2390095321', NULL, NULL, NULL, 0, 'DCT1211', 'sinhvien'),
('3121410391', 'L PHT HONG PHC ', '2003-06-22', 'i hc', '218fcc9a3dc8bc789c3689816fc54fc0', NULL, NULL, NULL, 0, 'DCT1212', 'sinhvien'),
('3121410392', 'L THIN PHC ', '2003-07-31', 'i hc', '1763625dd6c3650ecc75c8224b2be872', NULL, NULL, NULL, 0, 'DCT1213', 'sinhvien'),
('3121410393', 'L THIN PHC ', '2003-03-25', 'i hc', 'bfd51c1715c1fe1e5d65ea7acb8c76c0', NULL, NULL, NULL, 0, 'DCT1214', 'sinhvien'),
('3121410394', 'NGUYN THANH PHC ', '2003-12-31', 'i hc', 'ef56d5c2af26b361a754b93286c8ad33', NULL, NULL, NULL, 0, 'DCT1215', 'sinhvien'),
('3121410395', 'NGUYN VN MINH PHC ', '2003-09-17', 'i hc', 'fc86e2eaf91834cb0f625e479525b71f', NULL, NULL, NULL, 0, 'DCT1216', 'sinhvien'),
('3121410396', 'THI MINH PHC ', '2003-04-29', 'i hc', '7352f392d8d95e70b6a7ef0ad0c2da02', NULL, NULL, NULL, 0, 'DCT1217', 'sinhvien'),
('3121410397', 'V HU PHC ', '2003-03-19', 'i hc', 'df81bcf0677cd86bae53a58ff2fd60ff', NULL, NULL, NULL, 0, 'DCT1218', 'sinhvien'),
('3121410398', 'NGUYN HI MINH PHNG ', '2003-11-15', 'i hc', '5f3bcee6a384f54abdb01767b45ce729', NULL, NULL, NULL, 0, 'DCT1219', 'sinhvien'),
('3121410399', 'TRN UYN PHNG ', '2003-02-23', 'i hc', 'd152a57d80f43daed4f149d2b5fded08', NULL, NULL, NULL, 0, 'DCT1211', 'sinhvien'),
('3121410400', 'NG H MINH QUANG ', '2003-11-24', 'i hc', 'f42919d3d853fcc82b5c24fa37102c61', NULL, NULL, NULL, 0, 'DCT1212', 'sinhvien'),
('3121410401', 'TRN NH PH QUANG ', '2003-07-19', 'i hc', '03842cb77a558cb9a2a44749dbbce1a3', NULL, NULL, NULL, 0, 'DCT1213', 'sinhvien'),
('3121410403', 'DNG NH QUN ', '2003-10-14', 'i hc', '7c2f52d93932121fcb8884aa6b03d4ef', NULL, NULL, NULL, 0, 'DCT1214', 'sinhvien'),
('3121410404', ' MINH QUN ', '2003-06-15', 'i hc', '4218f8408fa4957c93807cdaa6a0b559', NULL, NULL, NULL, 0, 'DCT1215', 'sinhvien'),
('3121410405', ' PHAN UYN QUN ', '2003-01-20', 'i hc', '2f3877a5d3bec67b0ca0a7e2f66188a2', NULL, NULL, NULL, 0, 'DCT1216', 'sinhvien'),
('3121410406', 'NGUYN HONG QUN ', '2003-02-16', 'i hc', '3c9505763bfddfa1c3b93a81a7ec55f6', NULL, NULL, NULL, 0, 'DCT1217', 'sinhvien'),
('3121410407', 'TRN BI QUN ', '2003-03-18', 'i hc', 'f66ce68f0f1e25a47fdfe8d711399d74', NULL, NULL, NULL, 0, 'DCT1218', 'sinhvien'),
('3121410409', 'TRN NHT QUI ', '2003-08-26', 'i hc', '454ff9b4822184590a17505869a386f2', NULL, NULL, NULL, 0, 'DCT1219', 'sinhvien'),
('3121410410', 'HUNH ANH QUC ', '2003-06-29', 'i hc', '55774cb39e48a02c462c536069be6c02', NULL, NULL, NULL, 0, 'DCT1211', 'sinhvien'),
('3121410411', 'QUCH GIA QUY ', '2003-09-22', 'i hc', '6a86233c4766e198b8c679d8ef74f98b', NULL, NULL, NULL, 0, 'DCT1212', 'sinhvien'),
('3121410412', 'DNG MN QU ', '2003-06-15', 'i hc', '7d9de295a5241c7096cf13469b91a789', NULL, NULL, NULL, 0, 'DCT1213', 'sinhvien'),
('3121410413', 'PHAN VN QUYN ', '2003-03-18', 'i hc', '7776dbacbaf60f254bebe4b322704bf6', NULL, NULL, NULL, 0, 'DCT1214', 'sinhvien'),
('3121410414', ' TH NH QUNH ', '2003-08-15', 'i hc', '7bd821aaefa471f9adac5d312de37f36', NULL, NULL, NULL, 0, 'DCT1215', 'sinhvien'),
('3121410415', 'HUNH L SAN ', '2003-12-11', 'i hc', '3e8763eadd501745bfb24d089e63f499', NULL, NULL, NULL, 0, 'DCT1216', 'sinhvien'),
('3121410416', 'H S SANG ', '2003-03-08', 'i hc', '1f837e90a23f116fadb279ece2e48c9c', NULL, NULL, NULL, 0, 'DCT1217', 'sinhvien'),
('3121410417', 'NGUYN NGC SANG ', '2003-08-21', 'i hc', '6715b5a033ee6226f794230f3b94f172', NULL, NULL, NULL, 0, 'DCT1218', 'sinhvien'),
('3121410418', 'PHM NG PHC SANG ', '2003-01-05', 'i hc', '6ad3bba6e38dacc707562b241695c933', NULL, NULL, NULL, 0, 'DCT1219', 'sinhvien'),
('3121410419', 'TRNG CNG NHT SANG ', '2003-09-24', 'i hc', '5caab24fc3940df1c206d0d783e679ac', NULL, NULL, NULL, 0, 'DCT1211', 'sinhvien'),
('3121410420', 'TRN QUC S ', '2003-04-01', 'i hc', 'e67c1edf3aecee0a22de92979bb64246', NULL, NULL, NULL, 0, 'DCT1212', 'sinhvien'),
('3121410421', 'NGUYN TR SIU ', '2003-05-28', 'i hc', 'a2e4409de14b7ec9c373b6e5d387629b', NULL, NULL, NULL, 0, 'DCT1213', 'sinhvien'),
('3121410422', 'TRN NHT SINH ', '2003-12-20', 'i hc', 'b7b20f87f84fc67d4acccbaf4558d82b', NULL, NULL, NULL, 0, 'DCT1214', 'sinhvien'),
('3121410423', 'L HNG SN ', '2003-12-11', 'i hc', 'f5b6d822965b74f0ffc1df7e8ec91e38', NULL, NULL, NULL, 0, 'DCT1215', 'sinhvien'),
('3121410424', 'NGUYN HONG THI SN ', '2003-11-14', 'i hc', 'a0eb85be7f82092d54b01284e28942e1', NULL, NULL, NULL, 0, 'DCT1216', 'sinhvien'),
('3121410425', 'NGUYN NGC SN ', '2003-05-20', 'i hc', '643e8f3ebf7921b2d9ef4bbfbe317050', NULL, NULL, NULL, 0, 'DCT1217', 'sinhvien'),
('3121410426', 'NGUYN VN SN ', '2003-03-01', 'i hc', 'a1e261c6d16d6dd3fa56ba9de2bd9565', NULL, NULL, NULL, 0, 'DCT1218', 'sinhvien'),
('3121410427', 'TRN MINH SN ', '2003-11-19', 'i hc', '7c9f2340613463bf0fd843ef28fa8c2b', NULL, NULL, NULL, 0, 'DCT1219', 'sinhvien'),
('3121410428', 'V VN SN ', '2003-04-01', 'i hc', 'aba41f961e3de64987a06a8dde90c2ba', NULL, NULL, NULL, 0, 'DCT1211', 'sinhvien'),
('3121410429', 'BI THNH TI ', '2003-08-14', 'i hc', '037a87f869168760dc9f1e5d3303c82e', NULL, NULL, NULL, 0, 'DCT1212', 'sinhvien'),
('3121410430', 'LM NGUYN HNG TI ', '2003-08-11', 'i hc', '42b109b8f595ba65e85e2442f253d831', NULL, NULL, NULL, 0, 'DCT1213', 'sinhvien'),
('3121410431', 'L TN TI ', '2003-07-20', 'i hc', 'e232146cc41becd09f8a34bff270f619', NULL, NULL, NULL, 0, 'DCT1214', 'sinhvien'),
('3121410432', 'MAI VN TI ', '2003-08-12', 'i hc', '287e51ec57f89e298b2c000f0edd9dff', NULL, NULL, NULL, 0, 'DCT1215', 'sinhvien'),
('3121410433', 'NGUYN CH TI ', '2003-01-10', 'i hc', 'f0a6043edefaa29197d74d21bbdfef7e', NULL, NULL, NULL, 0, 'DCT1216', 'sinhvien'),
('3121410434', 'NGUYN PHT TI ', '2003-02-04', 'i hc', '570770742ebb5f8c47c7fa6cd8ea2146', NULL, NULL, NULL, 0, 'DCT1217', 'sinhvien'),
('3121410435', 'NGUYN PH TI ', '2003-04-25', 'i hc', 'b31327e4d283c5dc3b587d96c4fa24b1', NULL, NULL, NULL, 0, 'DCT1218', 'sinhvien'),
('3121410436', 'NGUYN TN TI ', '2003-07-06', 'i hc', 'bce3aed2106417890ed06463aa2da9e8', NULL, NULL, NULL, 0, 'DCT1219', 'sinhvien'),
('3121410437', 'LNG NGC TM ', '2001-02-06', 'i hc', 'a57c2797819b42e3fc0cd0704d7012b3', NULL, NULL, NULL, 0, 'DCT1211', 'sinhvien'),
('3121410438', 'PHM VN TM ', '2003-03-17', 'i hc', 'e7ab9c265fd51e1dbc2df1a58da9e716', NULL, NULL, NULL, 0, 'DCT1212', 'sinhvien'),
('3121410441', 'MC NGHA TN ', '2003-07-20', 'i hc', '3fb5e286b3ff8d30ee4fa835f7d5c835', NULL, NULL, NULL, 0, 'DCT1213', 'sinhvien'),
('3121410442', 'NG THANH TN ', '2002-07-29', 'i hc', '7ae50fa405c53c8e221c985f00a849d1', NULL, NULL, NULL, 0, 'DCT1214', 'sinhvien'),
('3121410443', 'NGUYN DUY TN ', '2003-08-28', 'i hc', 'c05693a88d59d42002dd85448a97a7a9', NULL, NULL, NULL, 0, 'DCT1215', 'sinhvien'),
('3121410444', 'NGUYN VN TN ', '2002-10-19', 'i hc', '3d7945ac13ff029a1cd941d0dba6f475', NULL, NULL, NULL, 0, 'DCT1216', 'sinhvien'),
('3121410445', 'BI CNG THCH ', '2003-01-31', 'i hc', '4387933e988bd6bb3ed04a3a3060c857', NULL, NULL, NULL, 0, 'DCT1217', 'sinhvien'),
('3121410446', 'NG KIM THCH ', '2003-11-21', 'i hc', '2cfaedb627bee1534e85f57c1f845e58', NULL, NULL, NULL, 0, 'DCT1218', 'sinhvien'),
('3121410447', 'DNG NGUYN NGHA THI ', '2003-12-03', 'i hc', '6065432f1fd615e401dd1a1a28ee9c66', NULL, NULL, NULL, 0, 'DCT1219', 'sinhvien'),
('3121410448', 'NG HUNH MINH THI ', '2003-04-03', 'i hc', 'a7fe6a7df5296c7bc70fffd46d199da2', NULL, NULL, NULL, 0, 'DCT1211', 'sinhvien'),
('3121410449', 'HONG PHM THI ', '2003-04-29', 'i hc', '594796aad24fd4146705f86855b89425', NULL, NULL, NULL, 0, 'DCT1212', 'sinhvien'),
('3121410451', 'TRN C THANH ', '2003-07-21', 'i hc', 'ee6cb2bf3d234b9a05cbbec52bc3e443', NULL, NULL, NULL, 0, 'DCT1213', 'sinhvien'),
('3121410453', 'HA MINH THNH ', '2003-10-21', 'i hc', 'a2d3ace59d3cbcd15b9869f38ef92954', NULL, NULL, NULL, 0, 'DCT1214', 'sinhvien'),
('3121410455', 'PHM C THNH ', '2003-07-03', 'i hc', '41c89b60411131d2fc7c2e15fd8d44da', NULL, NULL, NULL, 0, 'DCT1215', 'sinhvien'),
('3121410456', 'TRNG GIA THNH ', '2003-08-06', 'i hc', 'f94f44ddd3321e2bebac8cb575725ad5', NULL, NULL, NULL, 0, 'DCT1216', 'sinhvien'),
('3121410457', 'V VN THNH ', '2003-03-25', 'i hc', '8630fbbfdb19b47348bab0b3e8e963ff', NULL, NULL, NULL, 0, 'DCT1217', 'sinhvien'),
('3121410458', 'NGUYN QUC THNH ', '2003-01-06', 'i hc', '969f98aabec0c99704dbf6e1344e87b2', NULL, NULL, NULL, 0, 'DCT1218', 'sinhvien'),
('3121410459', 'L NGC BCH THO ', '2003-09-18', 'i hc', '3e15623b84e12cd289ae0f8830c92e33', NULL, NULL, NULL, 0, 'DCT1219', 'sinhvien'),
('3121410460', 'TRNH NH THNG ', '2003-03-07', 'i hc', '6c43981bbd19477c8c5da9880f7fb592', NULL, NULL, NULL, 0, 'DCT1211', 'sinhvien'),
('3121410461', 'L MINH THNG ', '2003-03-07', 'i hc', 'dae42b747f631f6811d83de93c102286', NULL, NULL, NULL, 0, 'DCT1212', 'sinhvien'),
('3121410462', 'NGUYN PHC THNG ', '2003-07-11', 'i hc', '00072bcdfd424113f91074ea4b20f59b', NULL, NULL, NULL, 0, 'DCT1213', 'sinhvien'),
('3121410464', 'TRNH MINH THNG ', '2003-01-11', 'i hc', '172dd9ec0c55b2b503df0517bd3df78e', NULL, NULL, NULL, 0, 'DCT1214', 'sinhvien'),
('3121410465', 'V CHUNG THNG ', '2003-08-03', 'i hc', '0661429a41b2eb0736bd9ee5180560bc', NULL, NULL, NULL, 0, 'DCT1215', 'sinhvien'),
('3121410466', 'NGUYN CH THIN ', '2003-07-09', 'i hc', '45fb8734e838fdce45a19e102b608487', NULL, NULL, NULL, 0, 'DCT1216', 'sinhvien'),
('3121410467', 'NGUYN TRN HONG THIN ', '2003-02-25', 'i hc', '8a127ceca26bc2e1bef5b1b86c5fdd26', NULL, NULL, NULL, 0, 'DCT1217', 'sinhvien'),
('3121410468', 'NGUYN VN HONG THIN ', '2003-11-17', 'i hc', '18782255a00c84af824792d8e7361462', NULL, NULL, NULL, 0, 'DCT1218', 'sinhvien'),
('3121410469', 'PHM NGUYN PHC THIN ', '2003-02-26', 'i hc', '36d0318af521786b22e4813850ea1732', NULL, NULL, NULL, 0, 'DCT1219', 'sinhvien'),
('3121410470', 'TRN TRUNG THIN ', '1998-12-26', 'i hc', 'bc70868e6a178881af4cc2c1287d7605', NULL, NULL, NULL, 0, 'DCT1211', 'sinhvien'),
('3121410471', 'TRNG HONG THIN ', '2003-09-09', 'i hc', '7a27fec3a8c180bcba899e0126b4426c', NULL, NULL, NULL, 0, 'DCT1212', 'sinhvien'),
('3121410472', 'VN THNH THIN ', '2003-12-22', 'i hc', '3a033c41abf02cd3eae4dda80aa35c23', NULL, NULL, NULL, 0, 'DCT1213', 'sinhvien'),
('3121410473', 'DNG TRN MINH THNH ', '2003-11-21', 'i hc', '9bef10847384d819f26bb37be3a7244b', NULL, NULL, NULL, 0, 'DCT1214', 'sinhvien'),
('3121410474', 'NGUYN PH THNH ', '2003-12-27', 'i hc', '908581be75b815b44a0ac20bd155b7aa', NULL, NULL, NULL, 0, 'DCT1215', 'sinhvien'),
('3121410475', 'V C THNH ', '2002-12-05', 'i hc', '9870ee23077faeda7a32ee32602e35d1', NULL, NULL, NULL, 0, 'DCT1216', 'sinhvien'),
('3121410476', 'V QUC THNH ', '2003-02-12', 'i hc', 'ced63e1268099c0ef197a8d61e39499c', NULL, NULL, NULL, 0, 'DCT1217', 'sinhvien'),
('3121410477', 'T QUANG THNG ', '2003-03-28', 'i hc', 'd1087e4b4b8d41f85f9c0a475bf5721b', NULL, NULL, NULL, 0, 'DCT1218', 'sinhvien'),
('3121410478', 'TRN TH THU ', '2003-11-07', 'i hc', '56a1725425483fbd637fb07ca8e6449f', NULL, NULL, NULL, 0, 'DCT1219', 'sinhvien'),
('3121410479', 'NGUYN DUY THUN ', '2003-01-01', 'i hc', 'fb00407ac43d5d03773ca79dd986a68e', NULL, NULL, NULL, 0, 'DCT1211', 'sinhvien'),
('3121410480', 'NG QUC THUN ', '2003-12-30', 'i hc', 'd5c19db4dc3ee1f3d11b702491c4b8ab', NULL, NULL, NULL, 0, 'DCT1212', 'sinhvien'),
('3121410481', 'L MINH THUN ', '2003-06-03', 'i hc', '290bd41b41a75d855766ab5c5ecca220', NULL, NULL, NULL, 0, 'DCT1213', 'sinhvien'),
('3121410482', 'NGUYN MINH THUN ', '2003-09-04', 'i hc', '8b70ceb80a8cb663a0705a281ecc6e74', NULL, NULL, NULL, 0, 'DCT1214', 'sinhvien'),
('3121410483', 'PHM DNG NGC THUN ', '2003-11-19', 'i hc', 'd320c0a0b922feaa502d46ccc9cf215c', NULL, NULL, NULL, 0, 'DCT1215', 'sinhvien'),
('3121410484', 'PHAN NGUYN TRUNG THUN ', '2003-07-21', 'i hc', '995bd4974d6532d86073c94b575a6572', NULL, NULL, NULL, 0, 'DCT1216', 'sinhvien'),
('3121410485', 'V MINH THUN ', '2001-05-18', 'i hc', '1254a836db1890aa0ec2a9cfeb27dad3', NULL, NULL, NULL, 0, 'DCT1217', 'sinhvien'),
('3121410487', 'TRN TH THY ', '2003-02-05', 'i hc', 'cc60aec7f4fbed3d4427ec7ac7688aea', NULL, NULL, NULL, 0, 'DCT1218', 'sinhvien'),
('3121410488', 'BI NGUYN MINH TH ', '2003-05-11', 'i hc', '10dca70fafef198e1c0a35c77019ac99', NULL, NULL, NULL, 0, 'DCT1219', 'sinhvien'),
('3121410489', 'NGUYN TH ANH TH ', '2003-08-15', 'i hc', '95fbb4111756a61ab3f824622af576d6', NULL, NULL, NULL, 0, 'DCT1211', 'sinhvien'),
('3121410490', 'PHAN TH ANH TH ', '2003-09-10', 'i hc', 'bab4bad84fd6621d502e104e4b32fff1', NULL, NULL, NULL, 0, 'DCT1212', 'sinhvien'),
('3121410491', 'BI NGC THC ', '2003-12-15', 'i hc', 'bed79621eb2a838c028f98550c52dc9b', NULL, NULL, NULL, 0, 'DCT1213', 'sinhvien'),
('3121410493', 'V L KIM TIN ', '2003-02-05', 'i hc', '9b46a04903c073ec95214c71ef0f1b8b', NULL, NULL, NULL, 0, 'DCT1214', 'sinhvien'),
('3121410494', 'BI VN TIN ', '2003-11-28', 'i hc', '5d41a2cf927c3cf66676201b6483c87b', NULL, NULL, NULL, 0, 'DCT1215', 'sinhvien'),
('3121410495', 'ON MINH TIN ', '2002-08-09', 'i hc', '6e7932b5e25d5cc049984acbe6340648', NULL, NULL, NULL, 0, 'DCT1216', 'sinhvien'),
('3121410496', 'HONG TRNG TIN ', '2003-02-15', 'i hc', '64f17914b7dd995b183e1d3f66760035', NULL, NULL, NULL, 0, 'DCT1217', 'sinhvien'),
('3121410497', 'HUNH QUC TIN ', '2003-06-01', 'i hc', '6fccd6b57e93e6eafa726b63f4332995', NULL, NULL, NULL, 0, 'DCT1218', 'sinhvien'),
('3121410498', 'HUNH TRNG TIN ', '2003-01-18', 'i hc', '83c182e69bffa3aef45b23358f4ed14f', NULL, NULL, NULL, 0, 'DCT1219', 'sinhvien'),
('3121410499', 'NGUYN NG V TIN ', '2003-06-13', 'i hc', 'b4544863be7094f05ffe9ce2a7d8ce14', NULL, NULL, NULL, 0, 'DCT1211', 'sinhvien'),
('3121410501', 'NGUYN THANH TIN ', '2003-01-10', 'i hc', 'b0f9753af21b5f2062f871b1ae8c45ae', NULL, NULL, NULL, 0, 'DCT1212', 'sinhvien'),
('3121410502', 'PHAN HUNH MINH TIN ', '2003-07-21', 'i hc', 'fa27bef2c9cfb2182f9893963e1889e0', NULL, NULL, NULL, 0, 'DCT1213', 'sinhvien'),
('3121410503', 'TRNG CNG TIN ', '2003-11-19', 'i hc', 'aced583f097e27ae3acab3742a35687d', NULL, NULL, NULL, 0, 'DCT1214', 'sinhvien'),
('3121410504', 'V MINH TIN ', '2003-05-16', 'i hc', 'c3db873bcfea69ac9bbc9b084a5c069d', NULL, NULL, NULL, 0, 'DCT1215', 'sinhvien'),
('3121410505', 'NG C TIN ', '2003-09-10', 'i hc', '57be88470d4f1beffb42d3ab5a66380c', NULL, NULL, NULL, 0, 'DCT1216', 'sinhvien'),
('3121410506', 'MAI V TRUNG TN ', '2003-08-31', 'i hc', '3b274816512a4eb9d9970183a5be77d9', NULL, NULL, NULL, 0, 'DCT1217', 'sinhvien'),
('3121410507', 'NGUYN THANH TN ', '2003-12-07', 'i hc', '0276f2a879c752e9633f306a5e6bac80', NULL, NULL, NULL, 0, 'DCT1218', 'sinhvien'),
('3121410508', 'PHAN C TN ', '2002-11-20', 'i hc', '362d24566993f17bbe838d737a165165', NULL, NULL, NULL, 0, 'DCT1219', 'sinhvien'),
('3121410509', 'TNG DNG TN ', '2003-04-02', 'i hc', '7be9bdcf48c0a509bd391d4353f87c1f', NULL, NULL, NULL, 0, 'DCT1211', 'sinhvien'),
('3121410510', 'V C TNH ', '2003-01-02', 'i hc', '5c864c273aa397b2740560286bdf7490', NULL, NULL, NULL, 0, 'DCT1212', 'sinhvien'),
('3121410511', 'NG NGC TNH ', '2003-05-21', 'i hc', '941413adf597b57505edf99d4117e143', NULL, NULL, NULL, 0, 'DCT1213', 'sinhvien'),
('3121410512', 'H S TNH ', '2003-02-04', 'i hc', '65556c63162c76141ce2f7cb166884e7', NULL, NULL, NULL, 0, 'DCT1214', 'sinhvien'),
('3121410513', 'L C TON ', '2003-09-03', 'i hc', 'a1ca187e191dcbc571a5b07e2afd915d', NULL, NULL, NULL, 0, 'DCT1215', 'sinhvien'),
('3121410514', 'PHM QUC TON ', '2003-09-19', 'i hc', '53d4e22b3a726a94b5022ff868e96bed', NULL, NULL, NULL, 0, 'DCT1216', 'sinhvien'),
('3121410515', 'NG NGC OAN TRANG ', '2003-10-04', 'i hc', 'f5fa9291a02cf76007cf78017725072f', NULL, NULL, NULL, 0, 'DCT1217', 'sinhvien'),
('3121410516', 'NGUYN B S TRM ', '2003-10-31', 'i hc', '00509d2f476028edb214b873d6fd14b0', NULL, NULL, NULL, 0, 'DCT1218', 'sinhvien'),
('3121410517', 'NGUYN TH BCH TRM ', '2003-10-06', 'i hc', 'cea002b31de3ffc474f594735bf94964', NULL, NULL, NULL, 0, 'DCT1219', 'sinhvien'),
('3121410518', 'V H NGC TRM ', '2003-05-24', 'i hc', '761c44fa2e1d097e75bb90d8e252ac8f', NULL, NULL, NULL, 0, 'DCT1211', 'sinhvien'),
('3121410519', 'MAI NGUYN NGC TRN ', '2002-09-09', 'i hc', '17b0d3f2d6fa83f7ca14cbcfd3317ac6', NULL, NULL, NULL, 0, 'DCT1212', 'sinhvien'),
('3121410520', 'L BI MINH TR ', '2003-05-01', 'i hc', 'c99eaac34b39c4e61cef6210c7aeda7d', NULL, NULL, NULL, 0, 'DCT1213', 'sinhvien'),
('3121410521', 'L BU TR ', '2003-12-04', 'i hc', 'ba3747827a106ca7c08cde06b8727aba', NULL, NULL, NULL, 0, 'DCT1214', 'sinhvien'),
('3121410522', 'NG HONG MINH TR ', '2003-12-05', 'i hc', 'e3fa61592d3e33c96b8a1d4432755ddf', NULL, NULL, NULL, 0, 'DCT1215', 'sinhvien'),
('3121410524', 'NGUYN MINH TR ', '2003-10-14', 'i hc', '3abe43eca3d149050a6a84de57e434e9', NULL, NULL, NULL, 0, 'DCT1217', 'sinhvien'),
('3121410525', 'NGUYN MINH TR ', '2003-03-01', 'i hc', 'd6241bc76567623c9e8e1da1a4dde919', NULL, NULL, NULL, 0, 'DCT1218', 'sinhvien'),
('3121410527', 'T MINH TRIT ', '2003-04-17', 'i hc', '58bdec5c413cf0ad4c2081503010e63d', NULL, NULL, NULL, 0, 'DCT1219', 'sinhvien'),
('3121410528', 'HUNH NGC TRIU ', '2003-01-31', 'i hc', '6c306bc22c495c6adb8cd3dcfa38eb28', NULL, NULL, NULL, 0, 'DCT1211', 'sinhvien'),
('3121410529', 'NGUYN QUC TRNG ', '2003-06-27', 'i hc', 'c8ab7ffaf33eb1ab0e5c0ea19c034c48', NULL, NULL, NULL, 0, 'DCT1212', 'sinhvien'),
('3121410531', 'V THANH TRNG ', '2003-09-10', 'i hc', '0d4207e7801d2d22d5c2593f50f6e1fe', NULL, NULL, NULL, 0, 'DCT1213', 'sinhvien'),
('3121410532', 'HONG V THANH TRC ', '2003-12-12', 'i hc', '8a89871a10d096516368ca34d74a9a65', NULL, NULL, NULL, 0, 'DCT1214', 'sinhvien'),
('3121410533', 'NGUYN TH PHNG TRC ', '2003-03-24', 'i hc', 'f1350b032b806d3ef959bb0e3c0e791c', NULL, NULL, NULL, 0, 'DCT1215', 'sinhvien'),
('3121410534', 'NGUYN XUN TRC ', '2003-12-10', 'i hc', '2d47e333b8c7a334f786b0ad48af0b1b', NULL, NULL, NULL, 0, 'DCT1216', 'sinhvien'),
('3121410535', 'NGUYN HU TRUNG ', '2003-08-14', 'i hc', 'cd54d5eb06e26407b43b2350b03852d2', NULL, NULL, NULL, 0, 'DCT1217', 'sinhvien'),
('3121410536', 'NGUYN VNH TRUNG ', '2003-06-09', 'i hc', '1fe852e1a1607ed10099808158337ef8', NULL, NULL, NULL, 0, 'DCT1218', 'sinhvien'),
('3121410537', 'PHM MINH TRUNG ', '2003-06-04', 'i hc', 'ef0e7459cfb4b725e47900a0a3cbc418', NULL, NULL, NULL, 0, 'DCT1219', 'sinhvien'),
('3121410538', 'TRNG NGUYN QUC TRUNG ', '2003-09-06', 'i hc', 'afa967d6cd5337a68b2f8988ca0f8107', NULL, NULL, NULL, 0, 'DCT1211', 'sinhvien'),
('3121410539', 'V C TRUNG ', '2003-11-25', 'i hc', '7052c8437246d53a2ed475953af19eab', NULL, NULL, NULL, 0, 'DCT1212', 'sinhvien'),
('3121410540', 'H LM TRNG ', '2003-11-20', 'i hc', 'bae7889e03cac3c4a059452214371b76', NULL, NULL, NULL, 0, 'DCT1213', 'sinhvien'),
('3121410541', 'NGUYN MINH TRNG ', '2003-05-18', 'i hc', '8a17e26ef2ab5b8a67c303a4dc922a76', NULL, NULL, NULL, 0, 'DCT1214', 'sinhvien'),
('3121410542', 'NGUYN NHT TRNG ', '2003-06-16', 'i hc', 'fb73e933d7f1f6deb506976bddc20c6d', NULL, NULL, NULL, 0, 'DCT1215', 'sinhvien'),
('3121410543', 'PHM HONG AN TRNG ', '2003-04-25', 'i hc', '753fe1732f0221148896fe64fa69729f', NULL, NULL, NULL, 0, 'DCT1216', 'sinhvien'),
('3121410544', 'TRN QUANG TRNG ', '2003-05-19', 'i hc', '105a47d05398e57aa42e199cae839b4d', NULL, NULL, NULL, 0, 'DCT1217', 'sinhvien'),
('3121410545', 'TRNH QUANG TRNG ', '2003-04-02', 'i hc', '997bec798480a770d80f6970e0478418', NULL, NULL, NULL, 0, 'DCT1218', 'sinhvien'),
('3121410546', 'DNG THNH TRNG ', '2003-01-27', 'i hc', '981a32d10d187c75f658e36e189c998a', NULL, NULL, NULL, 0, 'DCT1219', 'sinhvien'),
('3121410547', 'L VN TRNG ', '2003-08-22', 'i hc', 'edef1d9e2f4e1521f1ad9bab12076f26', NULL, NULL, NULL, 0, 'DCT1211', 'sinhvien'),
('3121410548', 'H NGC MINH T ', '2003-10-09', 'i hc', 'caccec7e0bf277651c0eab21f48c621f', NULL, NULL, NULL, 0, 'DCT1212', 'sinhvien'),
('3121410549', 'NGUYN THANH T ', '2003-12-10', 'i hc', '1a6381351987a9f5b04ce3b5d0e8ed8c', NULL, NULL, NULL, 0, 'DCT1213', 'sinhvien'),
('3121410550', 'PHM TH CM T ', '2003-02-06', 'i hc', 'b19349ee29a4b0067bd218569573116e', NULL, NULL, NULL, 0, 'DCT1214', 'sinhvien'),
('3121410551', 'TRNG VN T ', '2002-08-18', 'i hc', '16a65691af3568fa6969a04be3552dd4', NULL, NULL, NULL, 0, 'DCT1215', 'sinhvien'),
('3121410552', 'V NGC T ', '2003-07-30', 'i hc', '92fc12951e5c88f45317088248771359', NULL, NULL, NULL, 0, 'DCT1216', 'sinhvien'),
('3121410553', 'BI CNG TUN ', '2003-07-17', 'i hc', 'ff7044a636f30c4fba0d1002cbb1f53d', NULL, NULL, NULL, 0, 'DCT1217', 'sinhvien'),
('3121410554', ' NGUYN HONG TUN ', '2003-05-09', 'i hc', '7ceff4d30198e9daf3127d7d9a7ee66a', NULL, NULL, NULL, 0, 'DCT1218', 'sinhvien'),
('3121410555', 'MCH HO TUN ', '2003-08-04', 'i hc', '0f7bb0ecc0073784452bd87d49c300f3', NULL, NULL, NULL, 0, 'DCT1219', 'sinhvien'),
('3121410556', 'NGUYN HONG TUN ', '2003-01-06', 'i hc', 'eab1779fba6638983d25f26a03e6ed3a', NULL, NULL, NULL, 0, 'DCT1211', 'sinhvien'),
('3121410557', 'NGUYN HONG TUN ', '2003-08-01', 'i hc', '9b6b11fa5f2f12126f261b7d887b369c', NULL, NULL, NULL, 0, 'DCT1212', 'sinhvien'),
('3121410558', 'NGUYN HONG TUN ', '2003-10-12', 'i hc', '2de25ddb52952ed1b42f35d837ce8cab', NULL, NULL, NULL, 0, 'DCT1213', 'sinhvien'),
('3121410559', 'NGUYN MINH TUN ', '2003-12-10', 'i hc', 'fa70fc273bcbb2d477eabf4544298d85', NULL, NULL, NULL, 0, 'DCT1214', 'sinhvien'),
('3121410560', 'PHM HONG ANH TUN ', '2003-06-17', 'i hc', '36d113401bba5b1183cff8c8bde5e560', NULL, NULL, NULL, 0, 'DCT1215', 'sinhvien'),
('3121410561', 'PHM QUC TUN ', '2003-12-04', 'i hc', '6511e3e50ff1dda14bbbf90018d9d8d8', NULL, NULL, NULL, 0, 'DCT1216', 'sinhvien'),
('3121410562', 'TNG QUC TUN ', '2003-07-03', 'i hc', '33b2b71af91873a8eee840bce52005ad', NULL, NULL, NULL, 0, 'DCT1217', 'sinhvien'),
('3121410563', 'V THI TUN ', '2003-11-27', 'i hc', 'a8331bc54f251c55b69427185667c8d8', NULL, NULL, NULL, 0, 'DCT1218', 'sinhvien'),
('3121410564', 'V MNH TUN ', '2003-01-31', 'i hc', '05921a524520379e86e272e77d5d7f6e', NULL, NULL, NULL, 0, 'DCT1219', 'sinhvien'),
('3121410565', ' TH TNG ', '2003-01-13', 'i hc', '0eeddf9ac2796b1ff6fe633b84523cbb', NULL, NULL, NULL, 0, 'DCT1211', 'sinhvien'),
('3121410566', 'NGUYN CHUNG V TNG ', '2003-07-20', 'i hc', 'dd2c2e892034f735f72dc2afe7ee5852', NULL, NULL, NULL, 0, 'DCT1212', 'sinhvien'),
('3121410567', 'V BCH SN TNG ', '2002-03-07', 'i hc', 'acfd325a8d07b3b60caa9a415b3056f5', NULL, NULL, NULL, 0, 'DCT1213', 'sinhvien'),
('3121410568', 'V QUANG TNG ', '2003-09-11', 'i hc', 'c449967d35df6d4f1b712e18ee14a049', NULL, NULL, NULL, 0, 'DCT1214', 'sinhvien'),
('3121410569', 'HONG TH TUYT ', '2003-11-01', 'i hc', 'abe0f22ff377b60e366b33301a433610', NULL, NULL, NULL, 0, 'DCT1215', 'sinhvien'),
('3121410570', 'NGUYN THANH THIN T ', '2003-10-18', 'i hc', 'b4411d4b763a679a09cee5f0a469daea', NULL, NULL, NULL, 0, 'DCT1216', 'sinhvien'),
('3121410571', 'V NH VN ', '2003-10-05', 'i hc', 'ad51e27480c5e312dcb730505b34fee9', NULL, NULL, NULL, 0, 'DCT1217', 'sinhvien'),
('3121410573', 'NGUYN CNH VIT ', '2003-12-30', 'i hc', 'f113cd4a7c1eeeba85fc2eb1eb272ff7', NULL, NULL, NULL, 0, 'DCT1218', 'sinhvien'),
('3121410574', 'NGUYN TRN I VIT ', '2003-11-14', 'i hc', '5541ccb1008f41d7d27ec74c4815edbe', NULL, NULL, NULL, 0, 'DCT1219', 'sinhvien'),
('3121410575', 'LNG MINH VINH ', '2003-06-16', 'i hc', 'a25f2f70764e94d6bba5852f23c6f20f', NULL, NULL, NULL, 0, 'DCT1211', 'sinhvien'),
('3121410577', 'O DUY V ', '2003-10-08', 'i hc', '780a5d48b42378bf539d47ce9d2c6c45', NULL, NULL, NULL, 0, 'DCT1213', 'sinhvien'),
('3121410578', 'L ANH V ', '2003-10-31', 'i hc', '9891408431dcf4540aa77ec51836f272', NULL, NULL, NULL, 0, 'DCT1214', 'sinhvien'),
('3121410579', 'NGUYN PHONG V ', '2003-02-18', 'i hc', 'e2d44fb4bdfd233b23734204db4faaf2', NULL, NULL, NULL, 0, 'DCT1215', 'sinhvien'),
('3121410580', 'NGUYN TH V ', '2003-08-29', 'i hc', 'd25dc24710c40a5f164067fd956aefd2', NULL, NULL, NULL, 0, 'DCT1216', 'sinhvien'),
('3121410581', 'TRN NGC V ', '2003-02-24', 'i hc', '99fc47eb2db7b0ae7a06567d3a91b3de', NULL, NULL, NULL, 0, 'DCT1217', 'sinhvien'),
('3121410582', 'TRNH LONG V ', '2003-07-16', 'i hc', 'e16cf2d61721f49a9933b33764b0bbd5', NULL, NULL, NULL, 0, 'DCT1218', 'sinhvien'),
('3121410583', 'NGUYN NHT VNG ', '2003-08-17', 'i hc', 'f7cf4ee8cfebe8718a5df804f972d081', NULL, NULL, NULL, 0, 'DCT1219', 'sinhvien'),
('3121410584', 'H NGUYN YN VY ', '2003-11-27', 'i hc', '2543c1cb6b744869857880bd6bbf8a07', NULL, NULL, NULL, 0, 'DCT1212', 'sinhvien'),
('3121410585', 'NGUYN YN VY ', '2003-06-26', 'i hc', 'b5ce814c7d00c229d51d14f32b9546da', NULL, NULL, NULL, 0, 'DCT1213', 'sinhvien'),
('3121410586', 'VN L BO VY ', '2003-05-26', 'i hc', '95a2b7da982e660556b2e04a885365e6', NULL, NULL, NULL, 0, 'DCT1214', 'sinhvien'),
('3121410587', 'NGUYN TH XINH ', '2003-05-02', 'i hc', 'b30beb55993c8c033eb220e02c587c8f', NULL, NULL, NULL, 0, 'DCT1215', 'sinhvien'),
('3121410588', 'TNG NGHA XNG ', '2002-12-26', 'i hc', '976830aebc86ee5d868b29228a43194e', NULL, NULL, NULL, 0, 'DCT1216', 'sinhvien'),
('3121410589', 'HUNH CNG  ', '2003-12-17', 'i hc', 'bc50a74dfd4edfbd77862119332a5142', NULL, NULL, NULL, 0, 'DCT1217', 'sinhvien'),
('3121410590', 'PHM HONG  ', '2003-07-09', 'i hc', 'f4ceaec8eb8f20c9c3820f3c63cd60a8', NULL, NULL, NULL, 0, 'DCT1218', 'sinhvien'),
('3121411001', 'NGUYN GIA HUY ', '2003-04-07', 'i hc', '8dc2ab686638ff70b95132d8a8da6c3e', NULL, NULL, NULL, 0, 'DCT1219', 'sinhvien'),
('3121411002', 'TRN TUN KIT ', '2003-03-04', 'i hc', 'b23694ae0bfff9a95afbfbbd51e2bf0b', NULL, NULL, NULL, 0, 'DCT1219', 'sinhvien'),
('3121411003', 'NGUYN TI THNH LN ', '2003-08-05', 'i hc', 'd46a7b63a9bc01a24aa3ca42b8056023', NULL, NULL, NULL, 0, 'DCT1219', 'sinhvien'),
('3121411004', 'L TN PHT ', '2003-12-12', 'i hc', 'd8cc5b107c36df911d81a63a0888052c', NULL, NULL, NULL, 0, 'DCT1219', 'sinhvien'),
('3121411006', 'NG TUN V ', '2003-09-04', 'i hc', '84a762b9138a05e6ece3305972731113', NULL, NULL, NULL, 0, 'DCT1219', 'sinhvien'),
('3121411007', 'L QUC THNG ', '2003-04-12', 'i hc', 'c1b2149569fc7dd49077ab9b0dbe3c2f', NULL, NULL, NULL, 0, 'DCT1219', 'sinhvien'),
('3121411009', 'TRN NG MINH T ', '2003-10-26', 'i hc', '7be5e45a695c86e1e90ad33e8fd1d424', NULL, NULL, NULL, 0, 'DCT1219', 'sinhvien'),
('3121411011', 'PHM THI AN ', '2003-04-14', 'i hc', '368b4bfc98d82d66db7e2c007bc3d07a', NULL, NULL, NULL, 0, 'DCT1219', 'sinhvien'),
('3121411012', 'NG QUANG DUY ANH ', '2003-01-29', 'i hc', '5bfdce05d5e4c24017e92c014f689766', NULL, NULL, NULL, 0, 'DCT1219', 'sinhvien'),
('3121411013', 'LNG HONG ANH ', '2003-04-01', 'i hc', '2ae5fa2ea4714406d61b1407971a2c0c', NULL, NULL, NULL, 0, 'DCT1219', 'sinhvien'),
('3121411016', 'NGUYN QUNH ANH ', '2003-05-26', 'i hc', '1bfc55ea61d6af82aa64a05898476939', NULL, NULL, NULL, 0, 'DCT1219', 'sinhvien'),
('3121411017', 'PHAN TUN ANH ', '2003-04-19', 'i hc', 'fdb72ffca9e086ac6177d2212b95da7b', NULL, NULL, NULL, 0, 'DCT1219', 'sinhvien'),
('3121411018', 'TRN  HONG ANH ', '2003-09-21', 'i hc', '588c7c4072617c6715eada660da22d76', NULL, NULL, NULL, 0, 'DCT1219', 'sinhvien'),
('3121411019', 'PHM NGC NH ', '2003-09-17', 'i hc', 'ca2c29efd27c39bd9f52093b97ffddd7', NULL, NULL, NULL, 0, 'DCT1219', 'sinhvien'),
('3121411020', 'PHM HONG N ', '2003-07-07', 'i hc', 'd226eb8285a0f43e1fac568a550cd551', NULL, NULL, NULL, 0, 'DCT1219', 'sinhvien'),
('3121411021', 'H QUC BO ', '2003-03-30', 'i hc', '28acf5e2654eba8be421af8af3e3e325', NULL, NULL, NULL, 0, 'DCT1219', 'sinhvien'),
('3121411022', 'L GIA BO ', '2003-05-28', 'i hc', '4e7a524c06551c61778df5a5918252b6', NULL, NULL, NULL, 0, 'DCT1219', 'sinhvien'),
('3121411024', 'TRN GIA BO ', '2003-04-07', 'i hc', 'b4bd83a5f421aff57f3c8e9aec1b43dd', NULL, NULL, NULL, 0, 'DCT1219', 'sinhvien'),
('3121411025', 'TRN GIA BO ', '2003-08-01', 'i hc', 'bbed67632eea7446d6e120bf3ee0fa84', NULL, NULL, NULL, 0, '', 'sinhvien'),
('3121411026', 'NGUYN THANH BNH ', '2003-10-03', 'i hc', '361b558687ce998bae85296471911d0d', NULL, NULL, NULL, 0, 'DCT1219', 'sinhvien'),
('3121411027', 'L VIT CAO ', '2003-04-06', 'i hc', 'ed54ad9f0b8d8c64f68eb8ac8d7b60b0', NULL, NULL, NULL, 0, 'DCT1219', 'sinhvien'),
('3121411028', 'TRN MINH CHIN ', '2003-08-07', 'i hc', '4b3af06c7bad068c5b944c6b043d4bdd', NULL, NULL, NULL, 0, 'DCT1219', 'sinhvien'),
('3121411029', 'NGUYN THANH CHNH ', '2003-01-27', 'i hc', '7ad4b80e3410d7fb6fc66f44f03ef70e', NULL, NULL, NULL, 0, 'DCT1219', 'sinhvien'),
('3121411030', 'NGUYN HONG CHNG ', '2003-10-24', 'i hc', 'eaf6e6f8ae582dcf5f67b2e775863f8d', NULL, NULL, NULL, 0, 'DCT1219', 'sinhvien'),
('3121411031', 'NGUYN TNG CHNG ', '2003-11-13', 'i hc', '1ee4b165c28bd19ecb00d71cd0debe1d', NULL, NULL, NULL, 0, 'DCT1219', 'sinhvien'),
('3121411032', 'NGUYN NGC KIM CNG ', '2003-02-08', 'i hc', '6b6a013ad34f2b06961f2a7eeb3be70a', NULL, NULL, NULL, 0, 'DCT1219', 'sinhvien'),
('3121411033', 'VNG TIU CNG ', '2003-10-10', 'i hc', 'e4744f6c4929f4799a458a52b749f65e', NULL, NULL, NULL, 0, 'DCT1219', 'sinhvien'),
('3121411034', 'NGUYN CNH HONG DANH ', '2003-11-03', 'i hc', 'dea286de14e5a87f5bfd723ff92adb64', NULL, NULL, NULL, 0, 'DCT1219', 'sinhvien'),
('3121411035', 'NGUYN CNG DANH ', '2003-11-05', 'i hc', 'b15e50ec2c16a6faa0490016eb02fd40', NULL, NULL, NULL, 0, 'DCT1219', 'sinhvien'),
('3121411037', 'L VN DIN ', '2003-04-28', 'i hc', '11ac60be3553b93d4af775ee489e948a', NULL, NULL, NULL, 0, 'DCT1219', 'sinhvien'),
('3121411039', 'NGUYN MNH DNG ', '2003-03-13', 'i hc', '4f8760e56b7d324cfbeeda8f39108002', NULL, NULL, NULL, 0, 'DCT1219', 'sinhvien'),
('3121411040', 'NG PHAN HONG DUY ', '2003-12-15', 'i hc', '1e91dac44503091998438eeea5d2a434', NULL, NULL, NULL, 0, 'DCT1219', 'sinhvien'),
('3121411041', 'L ANH DUY ', '2003-10-21', 'i hc', '775529551ae7009193403949460e9997', NULL, NULL, NULL, 0, 'DCT1219', 'sinhvien'),
('3121411042', 'PHNG PHM QUANG DUY ', '2003-10-03', 'i hc', '87242f6fd3a44125d5bf8db7244dbc72', NULL, NULL, NULL, 0, 'DCT1219', 'sinhvien'),
('3121411043', 'TNG C DUY ', '2003-09-30', 'i hc', '2d236c2130190e1aa6d28d4c40810eb0', NULL, NULL, NULL, 0, 'DCT1219', 'sinhvien'),
('3121411044', 'V QUC DUY ', '2003-11-20', 'i hc', '65b13836503a07ab3c18757c5e186f3d', NULL, NULL, NULL, 0, 'DCT1219', 'sinhvien'),
('3121411045', 'NG NGUYN QUC DNG ', '2003-12-15', 'i hc', 'c2b465355e21654f8642f1695e28b49c', NULL, NULL, NULL, 0, 'DCT1219', 'sinhvien'),
('3121411046', 'T NG DNG ', '2003-12-24', 'i hc', '0afd4c8bfa598095b251001e3c930825', NULL, NULL, NULL, 0, 'DCT1219', 'sinhvien'),
('3121411047', 'TRNG ', '2003-03-03', 'i hc', '48f1e8d15ef81f2a92b3a834e121bccf', NULL, NULL, NULL, 0, 'DCT1219', 'sinhvien'),
('3121411048', 'BI HU T ', '2003-04-22', 'i hc', 'bb859e95443e9dbcbb7dd5dd1ffff33e', NULL, NULL, NULL, 0, 'DCT1219', 'sinhvien'),
('3121411051', 'NGUYN TIN T ', '2003-09-22', 'i hc', '1cf6300db22061eb9a82b0b1f8c30def', NULL, NULL, NULL, 0, 'DCT1219', 'sinhvien'),
('3121411052', 'NHM MINH T ', '2003-12-02', 'i hc', '514222ae0caa90b9075e281a1d761584', NULL, NULL, NULL, 0, 'DCT1219', 'sinhvien'),
('3121411054', 'TRNH MINH T ', '2003-05-16', 'i hc', 'cb343a71f7a9ca594ae548fa9c68b464', NULL, NULL, NULL, 0, 'DCT1219', 'sinhvien'),
('3121411055', 'O HONG NG ', '2003-02-14', 'i hc', 'b6eb861646f890629ce2ab3d5c8d37dd', NULL, NULL, NULL, 0, 'DCT1219', 'sinhvien'),
('3121411056', 'NG NGN NG ', '2003-12-17', 'i hc', 'fcc5e6050566632793aef403d9eff61a', NULL, NULL, NULL, 0, 'DCT1219', 'sinhvien'),
('3121411058', 'NGUYN HU C ', '2003-03-24', 'i hc', '68a81ed53edd37f1b9e1e7c004d54baa', NULL, NULL, NULL, 0, 'DCT1219', 'sinhvien'),
('3121411060', 'NGUYN TR C ', '2003-08-04', 'i hc', 'd2554c037faf0800ebdd986677257441', NULL, NULL, NULL, 0, 'DCT1219', 'sinhvien'),
('3121411061', 'PHAN NGUYN HNG C ', '2003-12-19', 'i hc', '01d47a9133bea3c751c340b2acc6e4a5', NULL, NULL, NULL, 0, 'DCT1219', 'sinhvien'),
('3121411062', 'O NGC H ', '2003-01-27', 'i hc', '4c5958b7664360042b90ca6bfe896002', NULL, NULL, NULL, 0, 'DCT1219', 'sinhvien'),
('3121411063', 'NGUYN MINH HI ', '2003-03-17', 'i hc', '950da6a7cc84806ff490c3c303ade1f7', NULL, NULL, NULL, 0, 'DCT1219', 'sinhvien'),
('3121411064', 'L I CH HO ', '2003-08-21', 'i hc', 'ab184497f64d2eb87e97225e9874fdff', NULL, NULL, NULL, 0, 'DCT1219', 'sinhvien'),
('3121411066', 'TRN NG GIA HN ', '2003-10-14', 'i hc', '90dcac3f7fa47faf43c79d61dd368b3a', NULL, NULL, NULL, 0, 'DCT1219', 'sinhvien'),
('3121411067', 'MAI HI HU ', '2003-04-19', 'i hc', 'e63d7b0e3b6882841eb7afb84e173829', NULL, NULL, NULL, 0, 'DCT1219', 'sinhvien'),
('3121411068', 'TRN HU HU ', '2003-04-24', 'i hc', '184c20a9b1848b6ba1f011704cb81dce', NULL, NULL, NULL, 0, 'DCT1219', 'sinhvien'),
('3121411069', 'L NH HIN ', '2003-09-24', 'i hc', '236891330b18892b85aa32b601118ca7', NULL, NULL, NULL, 0, 'DCT1219', 'sinhvien'),
('3121411070', 'HUNH L TRUNG HIU ', '2001-04-12', 'i hc', 'ae3d0e0866c32fa2ca326cd4c7f64848', NULL, NULL, NULL, 0, 'DCT1219', 'sinhvien'),
('3121411071', 'NGUYN QUANG HIU ', '2003-12-25', 'i hc', '8e45022858ed6e499690af85b6664498', NULL, NULL, NULL, 0, 'DCT1219', 'sinhvien'),
('3121411072', 'PHAN MINH HIU ', '2003-06-23', 'i hc', 'e4cd4c25df4507af2fcd82c7008a5909', NULL, NULL, NULL, 0, 'DCT1219', 'sinhvien'),
('3121411075', 'L VN HON ', '2003-12-26', 'i hc', '6bf41aea056a37ea05875b85cf9fd826', NULL, NULL, NULL, 0, 'DCT1219', 'sinhvien'),
('3121411076', 'H NG HONG ', '2003-12-21', 'i hc', '071dff39ddf5d8e5cd47553122b51959', NULL, NULL, NULL, 0, 'DCT1219', 'sinhvien'),
('3121411077', 'NGUYN HU HUY HONG ', '2003-03-24', 'i hc', 'f72938abd3f2ec722af11dfe761df571', NULL, NULL, NULL, 0, 'DCT1219', 'sinhvien'),
('3121411078', 'TRNH VIT HONG ', '2003-04-15', 'i hc', '96f557d11a4d103a7df4fc36d2b2c5ca', NULL, NULL, NULL, 0, 'DCT1219', 'sinhvien'),
('3121411079', 'V HUY HONG ', '2003-11-10', 'i hc', '69b6806f62b286f5129bbf6602443726', NULL, NULL, NULL, 0, 'DCT1219', 'sinhvien'),
('3121411080', 'NGUYN HUNH MINH HC ', '2003-03-27', 'i hc', 'a87661cc81220ce50a4c7ad1738c6dda', NULL, NULL, NULL, 0, 'DCT1219', 'sinhvien'),
('3121411081', 'TRNG QUANG HNG ', '2003-12-01', 'i hc', '591d1ce4ea4ee28390df3209864b3ff5', NULL, NULL, NULL, 0, 'DCT1219', 'sinhvien'),
('3121411083', 'L MINH HUY ', '2003-07-09', 'i hc', 'cdf6e96cc9599058f79515f5cb7b8d07', NULL, NULL, NULL, 0, 'DCT1219', 'sinhvien'),
('3121411084', 'NGUYN CNG HUY ', '2003-10-25', 'i hc', '57793d94dc42aed7a2df9a67782c9b0a', NULL, NULL, NULL, 0, 'DCT1219', 'sinhvien'),
('3121411085', 'NGUYN  HUY ', '2003-08-13', 'i hc', '71e3f14e8bc2d40b5d0ab414af221747', NULL, NULL, NULL, 0, 'DCT1219', 'sinhvien'),
('3121411086', 'NGUYN HONG BO HUY ', '2003-10-04', 'i hc', '3bc8511109a092c8ca5b787cc5683fea', NULL, NULL, NULL, 0, 'DCT1219', 'sinhvien'),
('3121411087', 'NGUYN TRN GIA HUY ', '2003-06-05', 'i hc', 'eefa7d38461e8c6cf2a88ae6755d7322', NULL, NULL, NULL, 0, 'DCT1219', 'sinhvien'),
('3121411088', 'L TH THANH HUYN ', '2003-12-10', 'i hc', '10a5f07cc5fdf8357c26115514dbd6f2', NULL, NULL, NULL, 0, 'DCT1219', 'sinhvien'),
('3121411090', 'NGUYN NGC HUYN ', '2003-05-07', 'i hc', 'befc3281f2cbaba2d90df20bac9c455b', NULL, NULL, NULL, 0, 'DCT1219', 'sinhvien'),
('3121411091', 'NG PHC HNG ', '2003-04-09', 'i hc', 'b1cdd927715e37a589d394a18659283c', NULL, NULL, NULL, 0, 'DCT1219', 'sinhvien'),
('3121411092', 'NGUYN CHN HNG ', '2003-10-11', 'i hc', '791c62f4dbdc0b765f642c12d5a0f9f2', NULL, NULL, NULL, 0, 'DCT1219', 'sinhvien'),
('3121411093', 'V DNG KHC HNG ', '2003-05-13', 'i hc', 'ad3afb90d830a4b1e57c08b1673e3e8c', NULL, NULL, NULL, 0, 'DCT1219', 'sinhvien'),
('3121411096', 'TRN H KHANG ', '2003-08-15', 'i hc', '5ec9442e7410a4a5095ddd7caf16e7f0', NULL, NULL, NULL, 0, 'DCT1219', 'sinhvien'),
('3121411097', 'TRN THM KHANG ', '2003-04-03', 'i hc', 'cef3e4bb085b68e5f8654f382de4ce23', NULL, NULL, NULL, 0, 'DCT1219', 'sinhvien'),
('3121411098', 'M HUY KHANH ', '2003-03-04', 'i hc', '5166247e6e9689f515d65536eaf0b8ca', NULL, NULL, NULL, 0, 'DCT1219', 'sinhvien'),
('3121411099', 'HUNH DUY KHNH ', '2003-06-22', 'i hc', 'ab4712a4b3c184636ff46a192d944dcc', NULL, NULL, NULL, 0, 'DCT1219', 'sinhvien'),
('3121411100', 'PHM QUANG KHIM ', '2003-02-11', 'i hc', '73ed013368d95b15d18b75b2f436db60', NULL, NULL, NULL, 0, 'DCT1219', 'sinhvien'),
('3121411101', 'HA C KHOA ', '2003-04-30', 'i hc', '6dc076e52d7244777679ee5a74f8b4e3', NULL, NULL, NULL, 0, 'DCT1219', 'sinhvien'),
('3121411102', 'KHU MINH KHOA ', '2003-02-04', 'i hc', 'a563475ab446566d87e6a9bb95f4d9dc', NULL, NULL, NULL, 0, 'DCT1219', 'sinhvien'),
('3121411103', 'L BI MINH KHOA ', '2003-01-31', 'i hc', 'f98692850dc84b939f09dbf946d824d5', NULL, NULL, NULL, 0, 'DCT1219', 'sinhvien'),
('3121411104', 'NGUYN HONG NG KHOA ', '2003-03-10', 'i hc', '4db9d4d89e348a7c94a68bd13c15d421', NULL, NULL, NULL, 0, 'DCT1219', 'sinhvien'),
('3121411106', 'ON MINH KHI ', '2003-04-15', 'i hc', 'c06c8cc2c8412cc218dbc63572db4809', NULL, NULL, NULL, 0, 'DCT1219', 'sinhvien'),
('3121411107', 'L MINH KHI ', '2003-10-20', 'i hc', '5eb1a438a321a5294b6dd61bff3d67e5', NULL, NULL, NULL, 0, 'DCT1219', 'sinhvien'),
('3121411108', 'NGUYN NGC KHI ', '2003-11-10', 'i hc', 'a3b1705e9dff2add821c9415bd00d5bd', NULL, NULL, NULL, 0, 'DCT1219', 'sinhvien'),
('3121411110', 'L TRUNG KIN ', '2003-07-12', 'i hc', '5dd434665cdea18e21d3e8947763e1e6', NULL, NULL, NULL, 0, 'DCT1219', 'sinhvien'),
('3121411111', 'MAI C KIN ', '2003-08-08', 'i hc', '50871c2cf5e6280faaba227fffaa680c', NULL, NULL, NULL, 0, 'DCT1219', 'sinhvien'),
('3121411112', 'MAI NGUYN TRUNG KIN ', '2003-09-25', 'i hc', '5ed4b005d2cab08460784fb4b1b8a339', NULL, NULL, NULL, 0, 'DCT1219', 'sinhvien'),
('3121411113', 'NGUYN TRUNG KIN ', '2003-11-08', 'i hc', '2074d8a9fe9cdfa1b59dcb696664fade', NULL, NULL, NULL, 0, 'DCT1219', 'sinhvien'),
('3121411115', 'NGUYN TUN KIT ', '2003-09-02', 'i hc', 'eb7f8ae94d52ef5ab70116a0c5ac83ae', NULL, NULL, NULL, 0, 'DCT1219', 'sinhvien'),
('3121411116', 'NGUYN TUN KIT ', '2003-01-21', 'i hc', '4fbbe9e4e6c88cb56b4f233048f66cbf', NULL, NULL, NULL, 0, 'DCT1219', 'sinhvien'),
('3121411117', 'NGUYN VN KIT ', '2003-03-22', 'i hc', '10efaaec04825c794aa4c86b9fc567ad', NULL, NULL, NULL, 0, 'DCT1219', 'sinhvien'),
('3121411120', 'L TRN NH LAI ', '2003-06-28', 'i hc', 'c93b8bbf2319ed0a9f490aeeeb89c11b', NULL, NULL, NULL, 0, 'DCT1219', 'sinhvien'),
('3121411122', 'V KHNH LINH ', '2003-11-04', 'i hc', 'c30afeb4009fe5a01fd8f11d12f63c87', NULL, NULL, NULL, 0, 'DCT1219', 'sinhvien'),
('3121411123', ' KIM LOAN ', '2003-03-17', 'i hc', '6209dee32c7c85b77b211d5ef092ba7d', NULL, NULL, NULL, 0, 'DCT1219', 'sinhvien'),
('3121411124', 'NGUYN HONG LONG ', '2003-08-10', 'i hc', '2e42ef4a41bdbb79741a25e23ced8154', NULL, NULL, NULL, 0, 'DCT1219', 'sinhvien'),
('3121411125', 'NGUYN TUN LONG ', '2003-04-11', 'i hc', '03ee97a16e3ae1423ca798d116461c19', NULL, NULL, NULL, 0, 'DCT1219', 'sinhvien'),
('3121411126', 'NGUYN NH LC ', '2003-02-16', 'i hc', 'be9c100b96094ad8e4faf162d197b22f', NULL, NULL, NULL, 0, 'DCT1219', 'sinhvien'),
('3121411127', 'L TRNG LUN ', '2003-10-23', 'i hc', '4afd82067fcea6f800109dca3f930c38', NULL, NULL, NULL, 0, 'DCT1219', 'sinhvien'),
('3121411129', ' TRN MINH MN ', '2003-09-05', 'i hc', 'd3681a7dee92bd0748c6b388a3ed8b00', NULL, NULL, NULL, 0, 'DCT1219', 'sinhvien'),
('3121411130', 'HUNH NGC MN ', '2003-01-26', 'i hc', 'f33489cf9c2f32c1f173eb955a179fac', NULL, NULL, NULL, 0, 'DCT1219', 'sinhvien'),
('3121411131', 'TRN CHU HI MI ', '2003-07-04', 'i hc', '32c772588ae835720512e647dd79b1ae', NULL, NULL, NULL, 0, 'DCT1219', 'sinhvien'),
('3121411132', 'LM KIN MINH ', '2003-10-20', 'i hc', '814541acaeb94f6a304776189a5c5588', NULL, NULL, NULL, 0, 'DCT1219', 'sinhvien'),
('3121411133', 'NGUYN L HONG MINH ', '2003-08-29', 'i hc', '3439a00d205cd80421af42a00d92ca85', NULL, NULL, NULL, 0, 'DCT1219', 'sinhvien'),
('3121411134', 'INH VN NAM ', '2003-03-11', 'i hc', '6df360ce5ba47ed1ebf9871e4408b424', NULL, NULL, NULL, 0, 'DCT1219', 'sinhvien'),
('3121411135', 'L C NAM ', '2003-08-25', 'i hc', '6a1ad8461d2fde10022e1116a8497f45', NULL, NULL, NULL, 0, 'DCT1219', 'sinhvien'),
('3121411136', 'NG NHT NAM ', '2003-10-11', 'i hc', 'e7d54fadca0bfd96eb45d9284308be5b', NULL, NULL, NULL, 0, 'DCT1219', 'sinhvien'),
('3121411137', 'NGUYN HI NAM ', '2003-11-16', 'i hc', '2c24ebdc8638274b02389b16b1954187', NULL, NULL, NULL, 0, 'DCT1219', 'sinhvien'),
('3121411138', 'NGUYN TRNG NAM ', '2003-09-04', 'i hc', 'd104d23b80186e38bb289f59cfa4e21a', NULL, NULL, NULL, 0, 'DCT1219', 'sinhvien'),
('3121411141', 'TRN PHAN HOI NAM ', '2003-03-31', 'i hc', 'b250d65832297595e5a1781ad406216f', NULL, NULL, NULL, 0, 'DCT1219', 'sinhvien'),
('3121411142', 'NGUYN VN NGN ', '2003-12-18', 'i hc', 'b1a6c6e36dac06501662dbe5911c3563', NULL, NULL, NULL, 0, 'DCT1219', 'sinhvien'),
('3121411143', 'L TH THANH NGN ', '2003-02-18', 'i hc', 'dbf237a14fe8938dc44cc146ef08e9f9', NULL, NULL, NULL, 0, 'DCT1219', 'sinhvien'),
('3121411144', 'L GIA NGHI ', '2003-05-08', 'i hc', '657e12e51fe2fd768ad7a2c14a0b0659', NULL, NULL, NULL, 0, 'DCT1219', 'sinhvien'),
('3121411147', 'HUNH TH TUYT NGC ', '2003-08-03', 'i hc', '3e8fc53df55f59e6269892347bb7ca79', NULL, NULL, NULL, 0, 'DCT1219', 'sinhvien'),
('3121411148', 'DNG NGC NGUYN ', '2003-05-03', 'i hc', '21cff979dbb30af2d8e03a41ad407bfe', NULL, NULL, NULL, 0, 'DCT1219', 'sinhvien'),
('3121411149', 'NGUYN NGC HNH NGUYN ', '2003-05-29', 'i hc', 'bd67f5a3f896e2d111fdd2036951f66c', NULL, NULL, NULL, 0, 'DCT1219', 'sinhvien'),
('3121411150', 'NGUYN TH THO NGUYN ', '2003-07-15', 'i hc', 'ab255961724867d125f7a08c31c1a895', NULL, NULL, NULL, 0, 'DCT1219', 'sinhvien'),
('3121411151', 'PHAN TI NGUYN ', '2003-12-20', 'i hc', '3578bbac88a5611ce7928bed339ecdc5', NULL, NULL, NULL, 0, 'DCT1219', 'sinhvien'),
('3121411152', 'TRN NG NGUYN ', '2003-10-21', 'i hc', '43421ae404fc0a1e694fe1a3fe8eb52e', NULL, NULL, NULL, 0, 'DCT1219', 'sinhvien'),
('3121411153', 'L TRNG NHN ', '2003-06-27', 'i hc', '72c0f7134441286ef40b2c1c3bb96c4e', NULL, NULL, NULL, 0, 'DCT1219', 'sinhvien'),
('3121411154', 'PHM THANH NHN ', '2003-05-25', 'i hc', 'f450448e2fb0c930fbe177d579a36cbb', NULL, NULL, NULL, 0, 'DCT1219', 'sinhvien'),
('3121411155', 'V HU NHN ', '2003-08-28', 'i hc', '1ce6116ba49d58f0e6e7007e95587c0b', NULL, NULL, NULL, 0, 'DCT1219', 'sinhvien'),
('3121411156', 'V VN NHN ', '2003-02-13', 'i hc', '1fe1129591cd7480cf162765b4786764', NULL, NULL, NULL, 0, 'DCT1219', 'sinhvien'),
('3121411157', ' TRN QUANG NHT ', '2003-11-26', 'i hc', 'e3fe0d076d5aa83ccef3894378e1d317', NULL, NULL, NULL, 0, 'DCT1219', 'sinhvien'),
('3121411158', 'NGUYN MINH NHT ', '2003-09-30', 'i hc', '28096bbcdc7335b595d9b9d20dc7c17e', NULL, NULL, NULL, 0, 'DCT1219', 'sinhvien'),
('3121411159', 'PHNG TN NHT ', '2003-11-21', 'i hc', '9f4c33a5c72e9445004e1122d54720a3', NULL, NULL, NULL, 0, 'DCT1219', 'sinhvien'),
('3121411161', 'L TN PHT ', '2003-10-05', 'i hc', '05382422daac2fb2638aaa4d6337a7a8', NULL, NULL, NULL, 0, 'DCT1219', 'sinhvien'),
('3121411164', 'NGUYN HONG THIN PH ', '2003-05-12', 'i hc', 'dc183024fbd0c15fbf2ce104c42fd318', NULL, NULL, NULL, 0, 'DCT1219', 'sinhvien'),
('3121411165', 'TIU QUANG PH ', '2003-05-07', 'i hc', 'ae772add87624a64c96a60ed1c76ece6', NULL, NULL, NULL, 0, 'DCT1219', 'sinhvien'),
('3121411166', 'TRN GIA PH ', '2003-09-25', 'i hc', '6bdd1f460114e948e0e1e15dbda1a9f2', NULL, NULL, NULL, 0, 'DCT1219', 'sinhvien'),
('3121411167', 'NGUYN HNG PHC ', '2002-09-08', 'i hc', 'eec84cb93b745e504373920cc7dec43e', NULL, NULL, NULL, 0, 'DCT1219', 'sinhvien'),
('3121411168', 'NGUYN HNG PHC ', '2003-04-21', 'i hc', '7a9fa2d4fafa103b3563a8c66ecbcf71', NULL, NULL, NULL, 0, 'DCT1219', 'sinhvien'),
('3121411169', 'VNG ANH PHC ', '2003-02-22', 'i hc', '2c94f6eb298b5e253e797d25b2eb941c', NULL, NULL, NULL, 0, 'DCT1219', 'sinhvien'),
('3121411170', 'HONG NGC I PHC ', '2003-11-03', 'i hc', '19a1a02f0fd2c864bb5011c17001890a', NULL, NULL, NULL, 0, 'DCT1219', 'sinhvien'),
('3121411171', 'V BNH PHC ', '2003-07-29', 'i hc', '12f09b6547aa702ca289a21f18fd28fb', NULL, NULL, NULL, 0, 'DCT1219', 'sinhvien'),
('3121411174', 'VN XUN QUANG ', '2003-09-13', 'i hc', '10ac521c33d1066a72f01f3e3e8caea6', NULL, NULL, NULL, 0, 'DCT1219', 'sinhvien'),
('3121411176', 'L DUY QUN ', '2003-11-19', 'i hc', '0650a09118fea2c08d12e04d05e51e1d', NULL, NULL, NULL, 0, 'DCT1219', 'sinhvien'),
('3121411177', 'L NGC QUN ', '2003-05-08', 'i hc', '5f2f33bf4fba5948954291f9ca31c8f3', NULL, NULL, NULL, 0, 'DCT1219', 'sinhvien'),
('3121411178', 'PHM CAO MINH QUN ', '2003-03-07', 'i hc', '2c487b918a1cfada14f7c9a8f2575bf1', NULL, NULL, NULL, 0, 'DCT1219', 'sinhvien'),
('3121411179', 'PHAN NGUYN ANH QUN ', '2003-10-13', 'i hc', '4fba3d9a1c61cdf3644467dddd3a3cf1', NULL, NULL, NULL, 0, 'DCT1219', 'sinhvien'),
('3121411180', 'NGUYN NG C QU ', '2003-12-12', 'i hc', '301aaa3f531a2795941446805a0e0238', NULL, NULL, NULL, 0, 'DCT1219', 'sinhvien'),
('3121411181', ' TRNH XUN SANG ', '2003-02-02', 'i hc', 'e2bb729f4b5521309a5b241294a7e1d6', NULL, NULL, NULL, 0, 'DCT1219', 'sinhvien'),
('3121411182', 'DNG VN SNL ', '2003-05-13', 'i hc', '312c02bd2f70fdc86aece6a464a4efa4', NULL, NULL, NULL, 0, 'DCT1219', 'sinhvien'),
('3121411183', 'DNG MINH SN ', '2003-07-16', 'i hc', 'd1ecf3790dba80eb390fd02c7a404b5d', NULL, NULL, NULL, 0, 'DCT1219', 'sinhvien'),
('3121411184', 'HUNH PHM HONG SN ', '2003-08-04', 'i hc', 'fa5ae9bfec9bf44cfa8163d0c854057e', NULL, NULL, NULL, 0, 'DCT1219', 'sinhvien'),
('3121411186', 'NGUYN C TI ', '2003-10-30', 'i hc', '6f7befe22e2be2c069d00a1b35a66354', NULL, NULL, NULL, 0, 'DCT1219', 'sinhvien'),
('3121411187', 'NGUYN NGC TI ', '2003-09-17', 'i hc', 'ca293fef0e190de9b4c16deb39b6b910', NULL, NULL, NULL, 0, 'DCT1219', 'sinhvien'),
('3121411188', 'TRN TN TI ', '2002-10-24', 'i hc', 'a3cd10a07234801b8ec80dc5564b4429', NULL, NULL, NULL, 0, 'DCT1219', 'sinhvien'),
('3121411189', 'TRNG TN TI ', '2003-01-24', 'i hc', 'a05e6681fa07a5e8d9c30fe6f18d0fb1', NULL, NULL, NULL, 0, 'DCT1219', 'sinhvien');
INSERT INTO `sinhvien` (`maSinhVien`, `hoTenSinhVien`, `ngaySinh`, `he`, `matKhauSinhVien`, `email`, `sdt`, `anhDaiDien`, `totNghiep`, `maLop`, `quyen`) VALUES
('3121411192', 'NGUYN CH TN ', '2003-03-18', 'i hc', 'e476bad59746b99c41f62b3dd3008de7', NULL, NULL, NULL, 0, 'DCT1219', 'sinhvien'),
('3121411194', 'L QUC THNH ', '2003-05-30', 'i hc', '0a2f091979c86c0101ec08af6ff9ed4c', NULL, NULL, NULL, 0, 'DCT1219', 'sinhvien'),
('3121411195', 'NGUYN MINH THNH ', '2003-06-30', 'i hc', '0f8ddab2f0cc4ac5eda040356d8f1f57', NULL, NULL, NULL, 0, 'DCT1219', 'sinhvien'),
('3121411197', 'HUNH NGUYN THANH THO ', '2003-06-13', 'i hc', '65ee5a915f156959be624c016a5437bc', NULL, NULL, NULL, 0, 'DCT1219', 'sinhvien'),
('3121411198', 'TRN HU THNG ', '2003-08-10', 'i hc', '2b705e3d9626d2912e30133ce7b1f40b', NULL, NULL, NULL, 0, 'DCT1219', 'sinhvien'),
('3121411199', 'NGUYN KHNH THI ', '2003-11-02', 'i hc', '1e66c4ecf9b784d12d6301a7691aba8a', NULL, NULL, NULL, 0, 'DCT1219', 'sinhvien'),
('3121411202', 'TRN QUANG THNH ', '2003-09-01', 'i hc', 'ee2ebd50724a8320d828efef5ebc9f40', NULL, NULL, NULL, 0, 'DCT1219', 'sinhvien'),
('3121411203', 'V NH THNH ', '2003-07-31', 'i hc', 'd5703ef3e1676a15bf390b8082f8bd20', NULL, NULL, NULL, 0, 'DCT1219', 'sinhvien'),
('3121411204', ' PHC THUN ', '2003-03-16', 'i hc', '0fe74673baae592830439f48e8ccfefc', NULL, NULL, NULL, 0, 'DCT1219', 'sinhvien'),
('3121411205', 'D GIA TIN ', '2003-06-02', 'i hc', 'a1b0cffd9a799faf3d9863241be0458a', NULL, NULL, NULL, 0, 'DCT1219', 'sinhvien'),
('3121411206', 'NGUYN HONG TIN ', '2003-11-08', 'i hc', 'b70f5143c359b077f6b6cf1df3838eb0', NULL, NULL, NULL, 0, 'DCT1219', 'sinhvien'),
('3121411207', 'V TRN QUYT TIN ', '2003-11-04', 'i hc', 'e907378fd3b4641e58bc1877d0dbadf9', NULL, NULL, NULL, 0, 'DCT1219', 'sinhvien'),
('3121411209', 'PHAN PHC TN ', '2003-11-03', 'i hc', 'b908da1abb269716bfa5b4d9a37b0e55', NULL, NULL, NULL, 0, 'DCT1219', 'sinhvien'),
('3121411210', 'PHM KHNH TON ', '2003-10-23', 'i hc', '9b3dd3acd220c293538353c6dece7263', NULL, NULL, NULL, 0, 'DCT1219', 'sinhvien'),
('3121411211', 'L MINH TR ', '2003-06-23', 'i hc', '3eb47ccf294cb4a8b1a0a2bfaaadbcf8', NULL, NULL, NULL, 0, 'DCT1219', 'sinhvien'),
('3121411213', 'NGUYN B KHNH TRNH ', '2003-08-29', 'i hc', 'ee175630e7d14ccdfb7085f350ed24c1', NULL, NULL, NULL, 0, 'DCT1219', 'sinhvien'),
('3121411214', 'THANH ', '2003-08-20', 'i hc', 'b3cc916b1c06a6dd89a8c70eaba36d95', NULL, NULL, NULL, 0, 'DCT1219', 'sinhvien'),
('3121411215', 'L MINH TRUNG ', '2003-06-09', 'i hc', '565417fd594124302167c69b1bf43185', NULL, NULL, NULL, 0, 'DCT1219', 'sinhvien'),
('3121411216', 'NGUYN NGC QUC TRUNG ', '2003-07-08', 'i hc', '293feab1d37397ddfed2afdbf9e60ac6', NULL, NULL, NULL, 0, 'DCT1219', 'sinhvien'),
('3121411217', 'NGUYN THIN TRUNG ', '2003-10-22', 'i hc', '645c826e6c5751cc8be830463ba7f9c7', NULL, NULL, NULL, 0, 'DCT1219', 'sinhvien'),
('3121411218', 'PHM HONG LAM TRNG ', '2003-04-25', 'i hc', '59b89f72af63cdb99f309dc00340477d', NULL, NULL, NULL, 0, 'DCT1219', 'sinhvien'),
('3121411219', 'NG ANH T ', '2003-05-10', 'i hc', '65c1872ee27514c7aaf07227be900030', NULL, NULL, NULL, 0, 'DCT1219', 'sinhvien'),
('3121411220', 'HUNH ANH TUN ', '2003-05-29', 'i hc', 'abdb5b81693da09a7c301e0047aa99c1', NULL, NULL, NULL, 0, 'DCT1219', 'sinhvien'),
('3121411222', 'YN BI THI TUN ', '2003-08-13', 'i hc', 'ee8e5d343d207515ef1bcd8d3c559d86', NULL, NULL, NULL, 0, 'DCT1219', 'sinhvien'),
('3121411223', 'L C TNG ', '2003-03-08', 'i hc', '42acac249b3e86b5f9b05c64a8bc195f', NULL, NULL, NULL, 0, 'DCT1219', 'sinhvien'),
('3121411224', 'NG NH THANH TI ', '2003-01-07', 'i hc', '6b567bb21775ec1fbf440b08581bb7cd', NULL, NULL, NULL, 0, 'DCT1219', 'sinhvien'),
('3121411225', 'NGUYN GIANG KIT TNG ', '2003-09-09', 'i hc', '3828842af0bdd186085b8ac9e7275522', NULL, NULL, NULL, 0, 'DCT1219', 'sinhvien'),
('3121411226', 'TRN QUANG VINH ', '2003-12-11', 'i hc', 'd51bbacea208efeb638cb3a24ed915bc', NULL, NULL, NULL, 0, 'DCT1219', 'sinhvien'),
('3121411227', 'NGUYN TRNG VNG ', '2003-01-16', 'i hc', '79515c80880f4a6717ee831da9013755', NULL, NULL, NULL, 0, 'DCT1219', 'sinhvien'),
('3121411228', 'NGUYN LONG V ', '2003-12-20', 'i hc', '5d17851c459c5a5dafb18b4aa8fa6582', NULL, NULL, NULL, 0, 'DCT1219', 'sinhvien'),
('3121411229', 'PHM THANH VNG ', '2003-09-04', 'i hc', '312307c7e8b717847e0a78d9d926acf1', NULL, NULL, NULL, 0, 'DCT1219', 'sinhvien'),
('3121411230', 'NGUYN NGC NH  ', '2003-07-04', 'i hc', '6cd90f8327f4638e8320f38439399f5e', NULL, NULL, NULL, 0, 'DCT1219', 'sinhvien'),
('3121560001', 'NG HU KIN ', '2003-03-31', 'i hc', '0fb3a5e3c32d723df751c4a0236d39c1', NULL, NULL, NULL, 0, 'DKP1211', 'sinhvien'),
('3121560010', 'NGUYN QUC ANH ', '2003-01-01', 'i hc', 'd895dedc6bc630caa49321508f78576d', NULL, NULL, NULL, 0, 'DKP1211', 'sinhvien'),
('3121560014', 'PHM GIA BO ', '2003-12-09', 'i hc', '033d238c729602760d3729c41da4a06e', NULL, NULL, NULL, 0, 'DKP1211', 'sinhvien'),
('3121560016', 'VNG QUC BO ', '2003-03-25', 'i hc', 'd4547893d35879e4dffee306d5ef718d', NULL, NULL, NULL, 0, 'DKP1211', 'sinhvien'),
('3121560020', 'NGUYN TIN DANH ', '2003-05-03', 'i hc', '41c7d7340218542f00abfdbf4faa5184', NULL, NULL, NULL, 0, 'DKP1211', 'sinhvien'),
('3121560022', 'NGUYN THANH DUY ', '2003-11-19', 'i hc', '5e09fe6c95bba4535bda673968dbbaff', NULL, NULL, NULL, 0, 'DKP1211', 'sinhvien'),
('3121560024', 'NGUYN QUANG DNG ', '2003-04-06', 'i hc', '4c74e6386e39f1678f824e5cf73b6f9f', NULL, NULL, NULL, 0, 'DKP1211', 'sinhvien'),
('3121560026', 'NGUYN HU T ', '2003-03-21', 'i hc', '54909d88fe3f81dbfc713ba42d9dd43f', NULL, NULL, NULL, 0, 'DKP1211', 'sinhvien'),
('3121560030', 'L NGUYN TH HIN ', '2003-05-22', 'i hc', '44f1588e88a45ad998b160af8ba881dc', NULL, NULL, NULL, 0, 'DKP1211', 'sinhvien'),
('3121560032', 'NG ', '2003-09-13', 'i hc', '4912d94bea110e55d2c2bbab37ff8ea3', NULL, NULL, NULL, 0, 'DKP1211', 'sinhvien'),
('3121560034', 'VNG HUY HONG ', '2003-10-19', 'i hc', '694a395d8b3ff864bece80b4134114c4', NULL, NULL, NULL, 0, 'DKP1211', 'sinhvien'),
('3121560036', 'L NGUYN MINH HUY ', '2003-11-07', 'i hc', '97e01f347e17b5fb4ed4b4382ad85a4f', NULL, NULL, NULL, 0, 'DKP1211', 'sinhvien'),
('3121560038', 'NGUYN PHC HUY ', '2003-12-03', 'i hc', '308b15641e3809c20023485cc302a460', NULL, NULL, NULL, 0, 'DKP1211', 'sinhvien'),
('3121560040', 'V QUC HUY ', '2003-08-22', 'i hc', '6baa4b54f0a862191b9c994de9a2db8b', NULL, NULL, NULL, 0, 'DKP1211', 'sinhvien'),
('3121560044', 'H  HONG KHANG ', '2003-03-02', 'i hc', '50ffa0cd2c0cc66e115abd0cef23f7f7', NULL, NULL, NULL, 0, 'DKP1211', 'sinhvien'),
('3121560046', 'QUCH NGUYN NG KHOA ', '2003-02-21', 'i hc', 'd1f04bd26e88fffc395a92428cfdc196', NULL, NULL, NULL, 0, 'DKP1211', 'sinhvien'),
('3121560048', 'KHNG MINH LC ', '2003-11-11', 'i hc', '1d9936836866f80918162b09c3c22ed9', NULL, NULL, NULL, 0, 'DKP1211', 'sinhvien'),
('3121560052', 'TNG HONG LNG ', '2003-12-11', 'i hc', 'e10adc3949ba59abbe56e057f20f883e', NULL, NULL, NULL, 0, 'DKP1211', 'sinhvien'),
('3121560056', 'NG TRN NAM ', '2003-10-16', 'i hc', '6dcc82ffde3e6f07140b506b3d6fab73', NULL, NULL, NULL, 0, 'DKP1211', 'sinhvien'),
('3121560058', 'NGUYN TRNG HOI NAM ', '2003-03-13', 'i hc', 'a17df6721cfdb8c0c5b2106a6aa187c2', NULL, NULL, NULL, 0, 'DKP1211', 'sinhvien'),
('3121560062', 'NGUYN THANH NH ', '2003-07-10', 'i hc', 'd020c45d96cfa857c56bacc593c30a94', NULL, NULL, NULL, 0, 'DKP1211', 'sinhvien'),
('3121560065', 'TRN ANH PHP ', '2003-11-22', 'i hc', 'a12de961813f24116af8b419e6e129d5', NULL, NULL, NULL, 0, 'DKP1211', 'sinhvien'),
('3121560067', 'NGUYN MINH PHI ', '2003-10-27', 'i hc', '1a77ece2bc9d4ea74a896a10e91f3cfc', NULL, NULL, NULL, 0, 'DKP1211', 'sinhvien');

-- --------------------------------------------------------

--
-- Table structure for table `thamgiahoatdong`
--

CREATE TABLE `thamgiahoatdong` (
  `maThamGiaHoatDong` int(11) NOT NULL,
  `maHoatDong` varchar(11) COLLATE utf8_unicode_ci NOT NULL,
  `maSinhVienThamGia` varchar(255) COLLATE utf8_unicode_ci NOT NULL,
  `thoiGianDiemDanh` datetime DEFAULT NULL
) ENGINE=InnoDB DEFAULT CHARSET=utf8 COLLATE=utf8_unicode_ci;

--
-- Dumping data for table `thamgiahoatdong`
--

INSERT INTO `thamgiahoatdong` (`maThamGiaHoatDong`, `maHoatDong`, `maSinhVienThamGia`, `thoiGianDiemDanh`) VALUES
(7, 'HD4', '3118410316', NULL),
(9, 'HD7', '3118410262', NULL),
(10, 'HD8', '3118410262', NULL),
(11, 'HD10', '3118410262', NULL),
(12, 'HD10', '3118410316', NULL),
(13, 'HD8', '3119410262', NULL),
(14, 'HD6', '3119410262', NULL),
(15, 'HD10', '3119410262', NULL),
(16, 'HD11', '3119410262', NULL),
(18, 'HD11', '3118410262', '2022-06-24 04:58:40'),
(19, 'HD11', '3118410103', '2022-12-27 11:49:23'),
(20, 'HD10', '3118410103', '2022-12-27 11:50:03');

-- --------------------------------------------------------

--
-- Table structure for table `thongbaodanhgia`
--

CREATE TABLE `thongbaodanhgia` (
  `maThongBao` int(11) NOT NULL,
  `ngaySinhVienDanhGia` date NOT NULL,
  `ngaySinhVienKetThucDanhGia` date NOT NULL,
  `ngayCoVanDanhGia` date NOT NULL,
  `ngayCoVanKetThucDanhGia` date NOT NULL,
  `ngayKhoaDanhGia` date NOT NULL,
  `ngayKhoaKetThucDanhGia` date NOT NULL,
  `ngayKhieuNai` date DEFAULT NULL,
  `ngayKetThucKhieuNai` date DEFAULT NULL,
  `tuDongThongBao` tinyint(1) NOT NULL DEFAULT 0,
  `ngayThongBao` date NOT NULL,
  `maHocKyDanhGia` varchar(11) COLLATE utf8_unicode_ci NOT NULL,
  `kichHoat` tinyint(1) NOT NULL DEFAULT 1,
  `taiKhoanCTSV` varchar(255) COLLATE utf8_unicode_ci DEFAULT NULL
) ENGINE=InnoDB DEFAULT CHARSET=utf8 COLLATE=utf8_unicode_ci;

--
-- Dumping data for table `thongbaodanhgia`
--

INSERT INTO `thongbaodanhgia` (`maThongBao`, `ngaySinhVienDanhGia`, `ngaySinhVienKetThucDanhGia`, `ngayCoVanDanhGia`, `ngayCoVanKetThucDanhGia`, `ngayKhoaDanhGia`, `ngayKhoaKetThucDanhGia`, `ngayKhieuNai`, `ngayKetThucKhieuNai`, `tuDongThongBao`, `ngayThongBao`, `maHocKyDanhGia`, `kichHoat`, `taiKhoanCTSV`) VALUES
(2, '2022-11-20', '2022-11-21', '2022-11-26', '2022-12-01', '2022-12-02', '2022-12-07', '2022-12-08', '2022-12-14', 0, '2022-11-16', 'HK22122', 1, NULL),
(14, '2022-11-06', '2022-11-14', '2023-03-13', '2023-03-18', '2023-03-19', '2023-03-25', '2023-03-26', '2023-03-30', 0, '2022-03-01', 'HK12223', 1, NULL),
(21, '2021-11-21', '2021-11-28', '2021-11-29', '2021-12-07', '2021-12-08', '2021-12-16', '2021-12-17', '2021-12-24', 0, '2021-11-15', 'HK12122', 1, NULL),
(22, '2020-11-08', '2020-11-15', '2020-11-22', '2020-11-29', '2020-12-08', '2020-12-16', '2020-12-23', '2020-12-30', 0, '2020-11-01', 'HK12021', 1, NULL),
(23, '2021-04-08', '2021-04-15', '2021-04-22', '2021-04-29', '2021-05-07', '2021-05-14', '2021-05-21', '2021-05-28', 0, '2021-04-01', 'HK22021', 1, NULL);

-- --------------------------------------------------------

--
-- Table structure for table `tieuchicap1`
--

CREATE TABLE `tieuchicap1` (
  `matc1` int(11) NOT NULL,
  `noidung` varchar(255) COLLATE utf8_unicode_ci NOT NULL,
  `diemtoida` int(11) NOT NULL,
  `kichHoat` tinyint(1) NOT NULL DEFAULT 1
) ENGINE=InnoDB DEFAULT CHARSET=utf8 COLLATE=utf8_unicode_ci;

--
-- Dumping data for table `tieuchicap1`
--

INSERT INTO `tieuchicap1` (`matc1`, `noidung`, `diemtoida`, `kichHoat`) VALUES
(1, 'I - nh gi v  thc v kt qu hc tp (ti a 20 im).', 20, 1),
(2, 'II - nh gi v  thc v kt qu chp hnh quy ch, ni quy, quy nh trong nh trng (ti a 25 im).', 25, 1),
(3, 'III - nh gi v  thc v kt qu tham gia cc hot ng chnh tr - x hi, vn ha, vn ngh, th thao, phng chng cc t nn x hi (ti a 20 im).', 20, 1),
(4, 'IV  nh gi  thc cng dn trong quan h cng ng (ti a 25 im).', 25, 1),
(5, 'V - nh gi v  thc v kt qu tham gia ph trch lp, cc on th trong nh trng (ti a 10 im).', 10, 1),
(6, 'VI. Hot ng khc', 30, 1);

-- --------------------------------------------------------

--
-- Table structure for table `tieuchicap2`
--

CREATE TABLE `tieuchicap2` (
  `matc2` int(11) NOT NULL,
  `noidung` varchar(255) COLLATE utf8_unicode_ci NOT NULL,
  `diemtoida` int(11) NOT NULL,
  `matc1` int(11) NOT NULL,
  `kichHoat` tinyint(1) NOT NULL DEFAULT 1
) ENGINE=InnoDB DEFAULT CHARSET=utf8 COLLATE=utf8_unicode_ci;

--
-- Dumping data for table `tieuchicap2`
--

INSERT INTO `tieuchicap2` (`matc2`, `noidung`, `diemtoida`, `matc1`, `kichHoat`) VALUES
(1, '1.Kt qu hc tp: ', 0, 1, 1),
(2, '2.Tinh thn vt kh trong hc tp:', 0, 1, 1),
(3, '3.Tham gia nghin cu khoa hc (NCKH):', 0, 1, 1),
(4, '4.Tham gia rn luyn nghip v (RLNV):', 0, 1, 1),
(5, '5. Tham gia cc cu lc b hc thut', 0, 1, 1),
(6, '6. Thnh vin i tuyn d thi Olympic cc mn hc:', 0, 1, 1),
(7, '1. Chp hnh tt ni quy, quy ch ca nh trng', 15, 2, 1),
(8, '2. Tham gia y  cc bui hp ca trng, khoa, CVHT, lp t chc', 10, 2, 1),
(9, '3. Mt ln vi phm quy ch, quy nh ca trng (c bin bn x l)', -10, 2, 1),
(10, '4. Vng 01 bui hp do trng, khoa, CVHT, lp t chc khng l do', -5, 2, 1),
(11, '1. Tham gia cc hot ng chnh tr  x hi do nh trng quy nh:', 0, 3, 1),
(12, '2. Tham gia hot ng vn ha, vn ngh, TDTT, phng chng TNXH', 5, 3, 1),
(13, '3. Tham gia trong i tuyn vn ngh, TDTT :', 0, 3, 1),
(14, '1. Chp hnh tt cc ch trng, chnh sch, php lut ca nh nc:', 10, 4, 1),
(15, '2. c biu dng ngi tt, vic tt  nh trng hoc  a phng (c giy chng nhn)', 5, 4, 1),
(16, '3. Tham gia cc hot ng tnh nguyn trung hn: MHX, Tip sc ma thi', 10, 4, 1),
(17, '4. Tham gia cc cng tc x hi v cc hot ng tnh nguyn ngn ngy (c xc nhn ca n v t chc)', 10, 4, 1),
(18, '5. C tinh thn chia s, gip  ngi c kh khn, hon nn', 5, 4, 1),
(19, '6. Tham gia hin mu tnh nguyn', 5, 4, 1),
(20, '7. Tham gia hi thao GDQP AN cp qun, cp TP', 5, 4, 1),
(21, '8. Vi phm ATGT, trt t cng cng (c giy bo gi v trng)', -10, 4, 1),
(22, '1. Lp trng, BCH on trng, BCH Hi sinh vin trng', 10, 5, 1),
(23, '2. Lp ph, BCH on khoa, BCH LCH SV; BCH C, BCH chi hi lp', 8, 5, 1),
(24, '3. T trng, t ph', 3, 5, 1),
(25, '4. ng vin', 8, 5, 1),
(26, '5. i tng ng', 5, 5, 1),
(27, '6. on vin TNCS H Ch Minh', 3, 5, 1),
(28, '7. c on thanh nin, Hi sinh vin biu dng, khen thng', 0, 5, 1),
(29, '*Tham gia cc hat ng c bit do nh trng huy ng', 15, 6, 1),
(30, '*t gii thng trong cc k thi cp tnh thnh tr ln', 15, 6, 1);

-- --------------------------------------------------------

--
-- Table structure for table `tieuchicap3`
--

CREATE TABLE `tieuchicap3` (
  `matc3` int(11) NOT NULL,
  `noidung` varchar(255) COLLATE utf8_unicode_ci NOT NULL,
  `diem` int(11) NOT NULL,
  `matc2` int(11) NOT NULL,
  `kichHoat` tinyint(1) NOT NULL DEFAULT 1
) ENGINE=InnoDB DEFAULT CHARSET=utf8 COLLATE=utf8_unicode_ci;

--
-- Dumping data for table `tieuchicap3`
--

INSERT INTO `tieuchicap3` (`matc3`, `noidung`, `diem`, `matc2`, `kichHoat`) VALUES
(1, 'a. im trung bnh chung hc k t  3,60 n 4,00', 14, 1, 1),
(2, 'b. im trung bnh chung hc k t  3,20 n 3,59', 12, 1, 1),
(3, 'c. im trung bnh chung hc k t  2,50 n 3,19', 10, 1, 1),
(4, 'd. im trung bnh chung hc k t  2,00 n 2,49', 2, 1, 1),
(5, '. im trung bnh chung hc k  di 2,00', 0, 1, 1),
(6, 'a. Kt qu hc tp tng mt bc so vi hc k trc,  TBCHK t  2,00 tr ln', 3, 2, 1),
(7, 'b. Kt qu hc tp tng hai bc so vi hc k trc,  TBCHK t  2,00 tr ln', 6, 2, 1),
(8, 'c. Sinh vin nm th I, nu c kt qu hc tp HK I t 2,00 tr ln', 3, 2, 1),
(9, 'a. Kha lun tt nghip t loi gii tr ln', 6, 3, 1),
(10, 'b.  ti NCKH cp trng t loi gii tr ln.', 6, 3, 1),
(11, 'c.  ti NCKH cp trng t loi t tr ln', 5, 3, 1),
(12, 'a. Tham gia hi thi RLNV cp khoa', 2, 4, 1),
(13, 'b. Tham gia hi thi  RLNV cp trng', 4, 4, 1),
(14, 'c. Tham gia hi thi  RLNV ton quc', 4, 4, 1),
(15, 'd. Tham gia y  cc bui hi tho khoa hc, bo co chuyn ', 2, 4, 1),
(16, 'a. Ban ch nhim cu lc b cp khoa', 4, 5, 1),
(17, 'b. Ban ch nhim cu lc b cp trng', 6, 5, 1),
(18, 'c. Thnh vin tham gia thng xuyn cc cu lc b hc thut', 2, 5, 1),
(19, 'a. Cp khoa', 4, 6, 1),
(20, 'b. Cp trng', 6, 6, 1),
(21, 'c. Cp ton quc', 10, 6, 1),
(22, 'a. Tham gia y  cc bui sinh hot chnh tr x hi theo quy nh', 10, 11, 1),
(23, 'b. Vng mt 01 bui khng l do', -5, 11, 1),
(24, 'a. Cp khoa', 5, 13, 1),
(25, 'b. Cp trng', 10, 13, 1),
(26, 'c. c khen thng cp ton quc', 15, 13, 1),
(27, 'a. Cp khoa', 5, 28, 1),
(28, 'b. Cp trng, cp thnh ph', 10, 28, 1);

-- --------------------------------------------------------

--
-- Table structure for table `user_token`
--

CREATE TABLE `user_token` (
  `stt` int(11) NOT NULL,
  `maSo` varchar(11) NOT NULL,
  `token` text NOT NULL,
  `quyen` varchar(255) NOT NULL,
  `thoiGianDangNhap` timestamp NULL DEFAULT NULL ON UPDATE current_timestamp(),
  `thoiGianHetHan` timestamp NULL DEFAULT NULL
) ENGINE=InnoDB DEFAULT CHARSET=utf8mb4;

--
-- Dumping data for table `user_token`
--

INSERT INTO `user_token` (`stt`, `maSo`, `token`, `quyen`, `thoiGianDangNhap`, `thoiGianHetHan`) VALUES
(377, '3118410316', 'eyJ0eXAiOiJKV1QiLCJhbGciOiJIUzI1NiJ9.eyJpc3MiOiJsb2NhbGhvc3QiLCJpYXQiOjE2NTQwOTMzODAsIm5iZiI6MTY1NDA5MzM5MCwiZXhwIjoxNjU0MTc5NzgwLCJhdWQiOiJzaW5odmllbiIsInNpbmh2aWVuIjp7Im1hU2luaFZpZW4iOiIzMTE4NDEwMzE2IiwiaG9UZW5TaW5oVmllbiI6IlBIQU4gTkdVWVx1MWVjNE4gSFx1MWVkMk5HIE5IVU5HICIsInF1eWVuIjoic2luaHZpZW4ifX0._-jgDdaqwdzRiuSmPlWE7SrLHG0vcQeTU_dOWgaj6lM', 'sinhvien', '2022-06-01 14:23:00', '2022-06-02 14:23:00'),
(383, '3117410023', 'eyJ0eXAiOiJKV1QiLCJhbGciOiJIUzI1NiJ9.eyJpc3MiOiJsb2NhbGhvc3QiLCJpYXQiOjE2NTQzMDkxNDgsIm5iZiI6MTY1NDMwOTE1OCwiZXhwIjoxNjU0Mzk1NTQ4LCJhdWQiOiJzaW5odmllbiIsInNpbmh2aWVuIjp7Im1hU2luaFZpZW4iOiIzMTE3NDEwMDIzIiwiaG9UZW5TaW5oVmllbiI6Ik5HVVlcdTFlYzROIE5HXHUxZWNjQyBCXHUxZWEyTyBDSFx1MDBjMlUgIiwicXV5ZW4iOiJzaW5odmllbiJ9fQ.1RayqQyuBJxc6IAe21-wNlBjoLr5c0lG_xZIg8FZMaY', 'sinhvien', '2022-06-04 02:19:08', '2022-06-05 02:19:08'),
(388, '3117410016', 'eyJ0eXAiOiJKV1QiLCJhbGciOiJIUzI1NiJ9.eyJpc3MiOiJsb2NhbGhvc3QiLCJpYXQiOjE2NTQzMTgyMDksIm5iZiI6MTY1NDMxODIxOSwiZXhwIjoxNjU0NDA0NjA5LCJhdWQiOiJzaW5odmllbiIsInNpbmh2aWVuIjp7Im1hU2luaFZpZW4iOiIzMTE3NDEwMDE2IiwiaG9UZW5TaW5oVmllbiI6IlZcdTAwZDUgVFJcdTAxYWZcdTFlZGNORyBCXHUxZWFlQyAiLCJxdXllbiI6InNpbmh2aWVuIn19.o-uEaqL27sDssqgVfX7puBTc1wOKjhMoNMxyJkVDafI', 'sinhvien', '2022-06-04 04:50:10', '2022-06-05 04:50:10'),
(392, '3118410018', 'eyJ0eXAiOiJKV1QiLCJhbGciOiJIUzI1NiJ9.eyJpc3MiOiJsb2NhbGhvc3QiLCJpYXQiOjE2NTQzMjg3OTQsIm5iZiI6MTY1NDMyODgwNCwiZXhwIjoxNjU0NDE1MTk0LCJhdWQiOiJzaW5odmllbiIsInNpbmh2aWVuIjp7Im1hU2luaFZpZW4iOiIzMTE4NDEwMDE4IiwiaG9UZW5TaW5oVmllbiI6IkxcdTAwY2EgTkdcdTAwZDQgVEhJXHUwMGNhTiBcdTFlYTROICIsInF1eWVuIjoic2luaHZpZW4ifX0.sD7s75bBGZ7NtRSoVzP500SuKc9twWzWDbrQE-3jiE0', 'sinhvien', '2022-06-04 07:46:34', '2022-06-05 07:46:34'),
(511, '', 'eyJ0eXAiOiJKV1QiLCJhbGciOiJIUzI1NiJ9.eyJpc3MiOiJsb2NhbGhvc3QiLCJpYXQiOjE2NTYwMjc2NDIsIm5iZiI6MTY1NjAyNzY1MiwiZXhwIjoxNjU2MTE0MDQyLCJhdWQiOiJraG9hIiwia2hvYSI6eyJ0YWlLaG9hbiI6bnVsbCwiaG9UZW5OaGFuVmllbiI6bnVsbCwicXV5ZW4iOiJraG9hIn19.305CziPbDoKDuwQpw9pXykZuCbXkJ2c9mpSuwH9oTAE', 'khoa', '2022-06-23 23:40:42', '2022-06-24 23:40:42'),
(512, '', 'eyJ0eXAiOiJKV1QiLCJhbGciOiJIUzI1NiJ9.eyJpc3MiOiJsb2NhbGhvc3QiLCJpYXQiOjE2NTYwMjc2NDYsIm5iZiI6MTY1NjAyNzY1NiwiZXhwIjoxNjU2MTE0MDQ2LCJhdWQiOiJraG9hIiwia2hvYSI6eyJ0YWlLaG9hbiI6bnVsbCwiaG9UZW5OaGFuVmllbiI6bnVsbCwicXV5ZW4iOiJraG9hIn19.UVnodZQUxLlX9rpIkMN3kmhS1Sjpq9BC-9pO0ePCDsg', 'khoa', '2022-06-23 23:40:46', '2022-06-24 23:40:46'),
(513, '', 'eyJ0eXAiOiJKV1QiLCJhbGciOiJIUzI1NiJ9.eyJpc3MiOiJsb2NhbGhvc3QiLCJpYXQiOjE2NTYwMjc2OTYsIm5iZiI6MTY1NjAyNzcwNiwiZXhwIjoxNjU2MTE0MDk2LCJhdWQiOiJraG9hIiwia2hvYSI6eyJ0YWlLaG9hbiI6bnVsbCwiaG9UZW5OaGFuVmllbiI6bnVsbCwicXV5ZW4iOiJraG9hIn19.G4Jb8B5eIRyZajWRlEIUf08vXiPauBdQUT3xrnQQqww', 'khoa', '2022-06-23 23:41:36', '2022-06-24 23:41:36'),
(584, '3118410001', 'eyJ0eXAiOiJKV1QiLCJhbGciOiJIUzI1NiJ9.eyJpc3MiOiJsb2NhbGhvc3QiLCJpYXQiOjE2NjQ1MTczNjYsIm5iZiI6MTY2NDUxNzM3NiwiZXhwIjoxNjY0NjAzNzY2LCJhdWQiOiJzaW5odmllbiIsInNpbmh2aWVuIjp7Im1hU2luaFZpZW4iOiIzMTE4NDEwMDAxIiwiaG9UZW5TaW5oVmllbiI6IiAgICAgICAgICAgUGhcdTFlYTFtIFx1MDExMFx1MWVlOSAgICAgICAgS2hcdTFlYTNpIiwicXV5ZW4iOiJzaW5odmllbiJ9fQ.zHvNk5tI9hpxJSG8UYyopCezmAp5zZE30VQXSmD_Log', 'sinhvien', '2022-09-30 05:57:18', '2022-09-30 00:56:10'),
(653, '3118419999', 'eyJ0eXAiOiJKV1QiLCJhbGciOiJIUzI1NiJ9.eyJpc3MiOiJsb2NhbGhvc3QiLCJpYXQiOjE2NjczMjE1NzcsIm5iZiI6MTY2NzMyMTU4NywiZXhwIjoxNjY3NDA3OTc3LCJhdWQiOiJzaW5odmllbiIsInNpbmh2aWVuIjp7Im1hU2luaFZpZW4iOiIzMTE4NDE5OTk5IiwiaG9UZW5TaW5oVmllbiI6IlRcdTAwZjluZyIsInF1eWVuIjoic2luaHZpZW4ifX0.iyeynGPplWEF3W0i6JV2BPG96Mlv58AkLKLYU6ojfOk', 'sinhvien', '2022-11-01 10:52:57', '2022-11-02 10:52:57'),
(743, '3118410202', 'eyJ0eXAiOiJKV1QiLCJhbGciOiJIUzI1NiJ9.eyJpc3MiOiJsb2NhbGhvc3QiLCJpYXQiOjE2Njg0MjI0MzAsIm5iZiI6MTY2ODQyMjQ0MCwiZXhwIjoxNjY4NTA4ODMwLCJhdWQiOiJzaW5odmllbiIsInNpbmh2aWVuIjp7Im1hU2luaFZpZW4iOiIzMTE4NDEwMjAyIiwiaG9UZW5TaW5oVmllbiI6IkhcdTAwYzAgTUlOSCBLSFx1MDBkNEkgIiwicXV5ZW4iOiJzaW5odmllbiJ9fQ.kJ91SYlsf4UuTBVKBYUsPqdTKFRakRyLZqniqZCPPg4', 'sinhvien', '2022-11-14 04:40:30', '2022-11-15 04:40:30'),
(752, '3118410146', 'eyJ0eXAiOiJKV1QiLCJhbGciOiJIUzI1NiJ9.eyJpc3MiOiJsb2NhbGhvc3QiLCJpYXQiOjE2Njk3NDE5NjcsIm5iZiI6MTY2OTc0MTk3NywiZXhwIjoxNjY5ODI4MzY3LCJhdWQiOiJzaW5odmllbiIsInNpbmh2aWVuIjp7Im1hU2luaFZpZW4iOiIzMTE4NDEwMTQ2IiwiaG9UZW5TaW5oVmllbiI6IkJcdTAwZDlJIFFVQU5HIEhVWSAiLCJxdXllbiI6InNpbmh2aWVuIn19.BRQRMLL4V-pT9GOy7xT2WCFyU2TPftMvYoEWPBlN0IA', 'sinhvien', '2022-11-29 11:12:47', '2022-11-30 11:12:47'),
(837, '3118410103', 'eyJ0eXAiOiJKV1QiLCJhbGciOiJIUzI1NiJ9.eyJpc3MiOiJsb2NhbGhvc3QiLCJpYXQiOjE2NzIxMTY1NTUsIm5iZiI6MTY3MjExNjU2NSwiZXhwIjoxNjcyMjAyOTU1LCJhdWQiOiJzaW5odmllbiIsInNpbmh2aWVuIjp7Im1hU2luaFZpZW4iOiIzMTE4NDEwMTAzIiwiaG9UZW5TaW5oVmllbiI6IlBIXHUwMGQ5TkcgVFJcdTFlYTROIEhcdTFlYTJJICIsInF1eWVuIjoic2luaHZpZW4ifX0.kzfsRSmCZ5JFT5QRHRh6sBZBhkBznbc1mbvxwBvwqQw', 'sinhvien', '2022-12-26 22:49:15', '2022-12-27 22:49:15'),
(839, '10631', 'eyJ0eXAiOiJKV1QiLCJhbGciOiJIUzI1NiJ9.eyJpc3MiOiJsb2NhbGhvc3QiLCJpYXQiOjE2NzI2MzgzNjAsIm5iZiI6MTY3MjYzODM3MCwiZXhwIjoxNjcyNzI0NzYwLCJhdWQiOiJjdmh0IiwiY3ZodCI6eyJtYUNvVmFuSG9jVGFwIjoiMTA2MzEiLCJob1RlbkNvVmFuIjoiUGhhbiBUXHUxZWE1biBRdVx1MWVkMWMiLCJxdXllbiI6ImN2aHQifX0.yl_wufNx4dZ_aSp5w_ntif4U-q7s41DNb8py8u_Z8JY', 'cvht', '2023-01-01 23:46:00', '2023-01-02 23:46:00'),
(840, '3118410179', 'eyJ0eXAiOiJKV1QiLCJhbGciOiJIUzI1NiJ9.eyJpc3MiOiJsb2NhbGhvc3QiLCJpYXQiOjE2NzI2MzgzODYsIm5iZiI6MTY3MjYzODM5NiwiZXhwIjoxNjcyNzI0Nzg2LCJhdWQiOiJzaW5odmllbiIsInNpbmh2aWVuIjp7Im1hU2luaFZpZW4iOiIzMTE4NDEwMTc5IiwiaG9UZW5TaW5oVmllbiI6IlBIXHUxZWEwTSBcdTAxMTBcdTFlZThDIEtIXHUxZWEySSIsInF1eWVuIjoic2luaHZpZW4ifX0.gnH_RZ95Wd5Pl_RLg-WZIz6qLygOaNd5gwQWxhtFfZY', 'sinhvien', '2023-01-01 23:46:26', '2023-01-02 23:46:26'),
(842, '3118410071', 'eyJ0eXAiOiJKV1QiLCJhbGciOiJIUzI1NiJ9.eyJpc3MiOiJsb2NhbGhvc3QiLCJpYXQiOjE2NzI3MjE5MTYsIm5iZiI6MTY3MjcyMTkyNiwiZXhwIjoxNjcyODA4MzE2LCJhdWQiOiJzaW5odmllbiIsInNpbmh2aWVuIjp7Im1hU2luaFZpZW4iOiIzMTE4NDEwMDcxIiwiaG9UZW5TaW5oVmllbiI6IkxcdTAwY2EgVEhcdTFlYTBDIFx1MDExMFx1MWVhMFQgIiwicXV5ZW4iOiJzaW5odmllbiJ9fQ.lAocbovQZIP31g1QzsAHGRTmsU3vedmI9HRoizlQum4', 'sinhvien', '2023-01-02 22:58:36', '2023-01-03 22:58:36'),
(854, 'superadmin', 'eyJ0eXAiOiJKV1QiLCJhbGciOiJIUzI1NiJ9.eyJpc3MiOiJsb2NhbGhvc3QiLCJpYXQiOjE2NzI3NTM3MDEsIm5iZiI6MTY3Mjc1MzcxMSwiZXhwIjoxNjcyODQwMTAxLCJhdWQiOiJzdXBlcmFkbWluIiwic3VwZXJhZG1pbiI6eyJ0YWlLaG9hbiI6InN1cGVyYWRtaW4iLCJob1RlbiI6IlN1cGVyIEFkbWluIiwicXV5ZW4iOiJzdXBlcmFkbWluIn19.RNooB07Q_MpFpxGK-mXnIphL_zI7DWBHiDznk0Nd0pg', 'superadmin', '2023-01-03 07:48:21', '2023-01-04 07:48:21');

--
-- Indexes for dumped tables
--

--
-- Indexes for table `admin`
--
ALTER TABLE `admin`
  ADD PRIMARY KEY (`id`);

--
-- Indexes for table `chamdiemrenluyen`
--
ALTER TABLE `chamdiemrenluyen`
  ADD PRIMARY KEY (`maChamDiemRenLuyen`);

--
-- Indexes for table `chucnang`
--
ALTER TABLE `chucnang`
  ADD PRIMARY KEY (`maChucNang`);

--
-- Indexes for table `chucnang_hockydanhgia`
--
ALTER TABLE `chucnang_hockydanhgia`
  ADD PRIMARY KEY (`maChucNang`,`maHocKyDanhGia`);

--
-- Indexes for table `chucnang_quyen`
--
ALTER TABLE `chucnang_quyen`
  ADD PRIMARY KEY (`maChucNang`,`maQuyen`);

--
-- Indexes for table `covanhoctap`
--
ALTER TABLE `covanhoctap`
  ADD PRIMARY KEY (`maCoVanHocTap`),
  ADD KEY `maKhoa` (`maKhoa`);

--
-- Indexes for table `diemtrungbinhhe4`
--
ALTER TABLE `diemtrungbinhhe4`
  ADD PRIMARY KEY (`maDiemTrungBinh`);

--
-- Indexes for table `hoatdongdanhgia`
--
ALTER TABLE `hoatdongdanhgia`
  ADD PRIMARY KEY (`maHoatDong`);

--
-- Indexes for table `hockydanhgia`
--
ALTER TABLE `hockydanhgia`
  ADD PRIMARY KEY (`maHocKyDanhGia`);

--
-- Indexes for table `khieunai`
--
ALTER TABLE `khieunai`
  ADD PRIMARY KEY (`maKhieuNai`);

--
-- Indexes for table `khoa`
--
ALTER TABLE `khoa`
  ADD PRIMARY KEY (`maKhoa`);

--
-- Indexes for table `khoahoc`
--
ALTER TABLE `khoahoc`
  ADD PRIMARY KEY (`maKhoaHoc`);

--
-- Indexes for table `lop`
--
ALTER TABLE `lop`
  ADD PRIMARY KEY (`maLop`);

--
-- Indexes for table `lopmonhapdiemhe4`
--
ALTER TABLE `lopmonhapdiemhe4`
  ADD PRIMARY KEY (`id`);

--
-- Indexes for table `phieurenluyen`
--
ALTER TABLE `phieurenluyen`
  ADD PRIMARY KEY (`maPhieuRenLuyen`);

--
-- Indexes for table `phongcongtacsinhvien`
--
ALTER TABLE `phongcongtacsinhvien`
  ADD PRIMARY KEY (`taiKhoan`);

--
-- Indexes for table `quyen`
--
ALTER TABLE `quyen`
  ADD PRIMARY KEY (`maQuyen`);

--
-- Indexes for table `sinhvien`
--
ALTER TABLE `sinhvien`
  ADD PRIMARY KEY (`maSinhVien`);

--
-- Indexes for table `thamgiahoatdong`
--
ALTER TABLE `thamgiahoatdong`
  ADD PRIMARY KEY (`maThamGiaHoatDong`);

--
-- Indexes for table `thongbaodanhgia`
--
ALTER TABLE `thongbaodanhgia`
  ADD PRIMARY KEY (`maThongBao`);

--
-- Indexes for table `tieuchicap1`
--
ALTER TABLE `tieuchicap1`
  ADD PRIMARY KEY (`matc1`);

--
-- Indexes for table `tieuchicap2`
--
ALTER TABLE `tieuchicap2`
  ADD PRIMARY KEY (`matc2`);

--
-- Indexes for table `tieuchicap3`
--
ALTER TABLE `tieuchicap3`
  ADD PRIMARY KEY (`matc3`);

--
-- Indexes for table `user_token`
--
ALTER TABLE `user_token`
  ADD PRIMARY KEY (`stt`);

--
-- AUTO_INCREMENT for dumped tables
--

--
-- AUTO_INCREMENT for table `admin`
--
ALTER TABLE `admin`
  MODIFY `id` int(11) NOT NULL AUTO_INCREMENT, AUTO_INCREMENT=4;

--
-- AUTO_INCREMENT for table `chamdiemrenluyen`
--
ALTER TABLE `chamdiemrenluyen`
  MODIFY `maChamDiemRenLuyen` int(11) NOT NULL AUTO_INCREMENT, AUTO_INCREMENT=5112;

--
-- AUTO_INCREMENT for table `chucnang`
--
ALTER TABLE `chucnang`
  MODIFY `maChucNang` int(11) NOT NULL AUTO_INCREMENT, AUTO_INCREMENT=5;

--
-- AUTO_INCREMENT for table `khieunai`
--
ALTER TABLE `khieunai`
  MODIFY `maKhieuNai` int(11) NOT NULL AUTO_INCREMENT, AUTO_INCREMENT=11;

--
-- AUTO_INCREMENT for table `lopmonhapdiemhe4`
--
ALTER TABLE `lopmonhapdiemhe4`
  MODIFY `id` int(11) NOT NULL AUTO_INCREMENT, AUTO_INCREMENT=3;

--
-- AUTO_INCREMENT for table `thamgiahoatdong`
--
ALTER TABLE `thamgiahoatdong`
  MODIFY `maThamGiaHoatDong` int(11) NOT NULL AUTO_INCREMENT, AUTO_INCREMENT=21;

--
-- AUTO_INCREMENT for table `thongbaodanhgia`
--
ALTER TABLE `thongbaodanhgia`
  MODIFY `maThongBao` int(11) NOT NULL AUTO_INCREMENT, AUTO_INCREMENT=24;

--
-- AUTO_INCREMENT for table `tieuchicap1`
--
ALTER TABLE `tieuchicap1`
  MODIFY `matc1` int(11) NOT NULL AUTO_INCREMENT, AUTO_INCREMENT=16;

--
-- AUTO_INCREMENT for table `tieuchicap2`
--
ALTER TABLE `tieuchicap2`
  MODIFY `matc2` int(11) NOT NULL AUTO_INCREMENT, AUTO_INCREMENT=32;

--
-- AUTO_INCREMENT for table `tieuchicap3`
--
ALTER TABLE `tieuchicap3`
  MODIFY `matc3` int(11) NOT NULL AUTO_INCREMENT, AUTO_INCREMENT=30;

--
-- AUTO_INCREMENT for table `user_token`
--
ALTER TABLE `user_token`
  MODIFY `stt` int(11) NOT NULL AUTO_INCREMENT, AUTO_INCREMENT=855;

--
-- Constraints for dumped tables
--

--
-- Constraints for table `covanhoctap`
--
ALTER TABLE `covanhoctap`
  ADD CONSTRAINT `covanhoctap_ibfk_1` FOREIGN KEY (`maKhoa`) REFERENCES `khoa` (`maKhoa`);
COMMIT;

/*!40101 SET CHARACTER_SET_CLIENT=@OLD_CHARACTER_SET_CLIENT */;
/*!40101 SET CHARACTER_SET_RESULTS=@OLD_CHARACTER_SET_RESULTS */;
/*!40101 SET COLLATION_CONNECTION=@OLD_COLLATION_CONNECTION */;
